TIPO DE ACIDENTE,DATA,HORA,REGIÃO,COORDENADA GEOGRÁFICA,SITUAÇÃO CLIMÁTICA/LUMINOSIDADE,CONDIÇÕES DA SUPERFÍCIE DE ROLAMENTO,POSSUI SINALIZAÇÃO HORIZONTAL,POSSUI SINALIZAÇÃO VERTICAL,PRÓXIMO A EQUIPO ELETRÔNICO,HOUVE OUTROS VEÍCULOS ENVOLVIDOS,QUANTOS VEÍCULOS,HAVIA OUTROS OCUPANTES NO VEÍCULO,QUANTOS OCUPANTES,ENVOLVIDOS,FERIDOS,ÓBITOS,FOI REALIZADO O TESTE DE BAFÔMETRO,QUAL O RESULTADO,POSSUI HABILITAÇÃO,VEÍCULO TIPO,HOUVE DANOS AO PATRIMÔNIO PÚBLICO?,HOUVE DANOS AO MEIO AMBIENTE?
Queda de moto,2016-09-26,16:45,Norte,"-25.401918, -49.273424",Seco / Dia,Escorregadia,Sim,Sim,Sim,Sim,4,Não,1,4,1,0,Não,Não realizado,Sim,Moto,Não,Não
Atropelamento,2024-08-04,03:30,Leste,"-25.434853, -49.222397",Neblina / Noite,Molhada,Não,Sim,Não,Não,1,Não,1,4,4,0,Não,Não realizado,Sim,Caminhão,Não,Não
Atropelamento,2009-06-05,18:30,Leste,"-25.413344, -49.201607",Seco / Dia,Escorregadia,Sim,Não,Sim,Não,1,Não,1,4,0,0,Sim,Positivo,Sim,Bicicleta,Não,Não
Atropelamento,2009-03-06,22:00,Centro,"-25.428468, -49.273598",Chuva / Noite,Escorregadia,Sim,Não,Sim,Não,1,Não,1,3,2,0,Não,Não realizado,Sim,Caminhão,Sim,Não
Colisão,2022-08-20,02:15,Oeste,"-25.431766, -49.311358",Seco / Noite,Escorregadia,Sim,Sim,Não,Sim,2,Não,1,2,1,0,Não,Não realizado,Não,Caminhão,Não,Não
Colisão,2022-03-24,08:30,Leste,"-25.430220, -49.243525",Seco / Dia,Seca,Não,Sim,Sim,Sim,2,Sim,5,1,1,0,Não,Não realizado,Sim,Ônibus,Sim,Não
Colisão,2008-05-23,23:45,Centro,"-25.434498, -49.276532",Seco / Noite,Escorregadia,Não,Sim,Não,Não,1,Não,1,1,0,0,Não,Não realizado,Sim,Bicicleta,Sim,Não
Colisão,2023-05-09,09:15,Norte,"-25.403358, -49.285189",Seco / Dia,Escorregadia,Sim,Não,Sim,Não,1,Não,1,2,0,0,Não,Não realizado,Sim,Carro,Sim,Não
Atropelamento,2013-10-04,19:00,Oeste,"-25.423909, -49.327072",Seco / Noite,Escorregadia,Sim,Não,Sim,Sim,2,Sim,5,4,4,0,Não,Não realizado,Não,Ônibus,Não,Não
Atropelamento,2006-06-01,11:15,Centro,"-25.432121, -49.289579",Seco / Dia,Escorregadia,Não,Sim,Sim,Não,1,Sim,5,2,2,0,Não,Não realizado,Sim,Moto,Não,Não
Colisão,2016-06-11,01:30,Leste,"-25.431717, -49.213147",Chuva / Noite,Seca,Não,Não,Sim,Não,1,Sim,5,1,1,0,Não,Não realizado,Sim,Carro,Sim,Não
Colisão,2006-08-18,10:30,Oeste,"-25.417155, -49.325977",Chuva / Dia,Seca,Não,Não,Sim,Sim,3,Não,1,1,1,0,Sim,Negativo,Sim,Carro,Sim,Não
Colisão,2015-11-27,06:45,Leste,"-25.432715, -49.247034",Seco / Dia,Molhada,Não,Não,Não,Sim,4,Sim,4,2,2,0,Não,Não realizado,Sim,Caminhão,Não,Não
Queda de moto,2010-02-15,01:30,Centro,"-25.410145, -49.274024",Seco / Noite,Molhada,Sim,Não,Sim,Sim,2,Não,1,2,2,0,Não,Não realizado,Sim,Caminhão,Sim,Não
Capotamento,2012-06-12,10:30,Leste,"-25.420590, -49.216685",Seco / Dia,Molhada,Sim,Não,Sim,Não,1,Não,1,4,4,0,Sim,Negativo,Sim,Bicicleta,Não,Não
Queda de moto,2019-09-15,04:15,Centro,"-25.418843, -49.288454",Seco / Noite,Seca,Não,Sim,Sim,Sim,4,Sim,3,2,1,0,Sim,Negativo,Sim,Ônibus,Não,Não
Colisão,2015-12-27,19:00,Norte,"-25.397122, -49.256157",Chuva / Noite,Escorregadia,Não,Não,Sim,Não,1,Não,1,3,3,0,Não,Não realizado,Sim,Moto,Não,Não
Colisão,2021-04-08,21:30,Centro,"-25.421939, -49.288068",Seco / Noite,Molhada,Sim,Sim,Sim,Não,1,Sim,5,1,0,0,Sim,Positivo,Sim,Carro,Sim,Não
Colisão,2008-11-04,00:45,Norte,"-25.389720, -49.268445",Seco / Noite,Seca,Sim,Não,Não,Não,1,Sim,2,2,0,0,Não,Não realizado,Sim,Ônibus,Não,Não
Colisão,2006-03-23,07:00,Norte,"-25.387748, -49.258857",Seco / Dia,Molhada,Sim,Não,Não,Sim,2,Não,1,1,0,0,Sim,Negativo,Sim,Ônibus,Não,Não
Atropelamento,2020-02-24,14:15,Oeste,"-25.417143, -49.319158",Chuva / Dia,Escorregadia,Sim,Não,Sim,Não,1,Sim,4,3,1,0,Não,Não realizado,Sim,Ônibus,Não,Não
Queda de moto,2013-08-07,13:15,Sul,"-25.440631, -49.298611",Chuva / Dia,Molhada,Não,Sim,Não,Não,1,Sim,2,1,1,0,Não,Não realizado,Sim,Moto,Não,Não
Colisão,2021-04-22,18:15,Sul,"-25.441381, -49.285648",Seco / Dia,Seca,Sim,Sim,Não,Sim,2,Sim,2,2,1,0,Não,Não realizado,Sim,Caminhão,Não,Sim
Atropelamento,2021-09-23,16:30,Centro,"-25.420613, -49.282522",Seco / Dia,Seca,Não,Sim,Sim,Sim,3,Sim,4,5,0,0,Não,Não realizado,Sim,Caminhão,Não,Não
Atropelamento,2023-06-14,15:00,Norte,"-25.409565, -49.278004",Chuva / Dia,Molhada,Sim,Sim,Sim,Sim,3,Não,1,3,0,0,Não,Não realizado,Sim,Ônibus,Não,Não
Capotamento,2006-05-05,20:30,Leste,"-25.433101, -49.201286",Chuva / Noite,Escorregadia,Não,Não,Não,Não,1,Sim,3,2,1,0,Não,Não realizado,Sim,Ônibus,Sim,Não
Capotamento,2006-06-03,22:45,Sul,"-25.448402, -49.308535",Chuva / Noite,Escorregadia,Sim,Não,Sim,Sim,4,Sim,5,3,2,0,Sim,Negativo,Sim,Ônibus,Sim,Não
Atropelamento,2008-08-11,14:00,Centro,"-25.438155, -49.276088",Chuva / Dia,Molhada,Não,Sim,Sim,Sim,2,Sim,2,3,0,0,Não,Não realizado,Sim,Carro,Não,Não
Colisão,2006-07-17,21:45,Oeste,"-25.428981, -49.326541",Seco / Noite,Seca,Não,Não,Não,Sim,4,Não,1,2,0,0,Não,Não realizado,Sim,Carro,Sim,Não
Queda de moto,2023-01-05,09:30,Centro,"-25.438214, -49.271320",Neblina / Dia,Seca,Sim,Não,Não,Não,1,Sim,3,1,1,0,Não,Não realizado,Não,Ônibus,Sim,Não
Colisão,2018-11-23,09:15,Centro,"-25.420068, -49.266203",Seco / Dia,Escorregadia,Sim,Sim,Não,Sim,3,Não,1,2,0,0,Não,Não realizado,Sim,Ônibus,Não,Não
Colisão,2020-07-10,19:45,Centro,"-25.435106, -49.274058",Seco / Noite,Seca,Sim,Não,Sim,Não,1,Não,1,1,1,0,Não,Não realizado,Sim,Bicicleta,Sim,Não
Queda de moto,2012-02-16,10:15,Sul,"-25.473357, -49.287149",Chuva / Dia,Escorregadia,Não,Não,Sim,Não,1,Não,1,2,2,0,Sim,Positivo,Sim,Bicicleta,Sim,Não
Colisão,2017-09-29,15:00,Norte,"-25.396626, -49.267870",Neblina / Dia,Seca,Não,Não,Não,Não,1,Não,1,3,0,0,Não,Não realizado,Sim,Carro,Sim,Não
Capotamento,2006-11-19,11:45,Oeste,"-25.431115, -49.339438",Seco / Dia,Molhada,Não,Sim,Não,Sim,2,Sim,2,1,1,0,Sim,Negativo,Sim,Ônibus,Sim,Não
Atropelamento,2013-11-18,12:30,Leste,"-25.420430, -49.206011",Chuva / Dia,Escorregadia,Sim,Sim,Não,Não,1,Não,1,5,0,0,Sim,Positivo,Sim,Carro,Sim,Não
Colisão,2011-01-26,00:15,Centro,"-25.437764, -49.263069",Neblina / Noite,Molhada,Não,Não,Não,Não,1,Sim,5,2,0,0,Não,Não realizado,Sim,Caminhão,Sim,Sim
Atropelamento,2018-06-19,03:45,Leste,"-25.414066, -49.224561",Seco / Noite,Molhada,Não,Sim,Sim,Sim,3,Não,1,5,5,0,Sim,Negativo,Não,Moto,Sim,Não
Colisão,2010-01-14,16:45,Sul,"-25.455369, -49.289602",Chuva / Dia,Molhada,Sim,Sim,Sim,Não,1,Não,1,1,0,0,Não,Não realizado,Sim,Ônibus,Não,Não
Colisão,2008-09-10,04:30,Norte,"-25.408557, -49.248227",Seco / Noite,Molhada,Não,Não,Não,Não,1,Não,1,4,2,0,Não,Não realizado,Sim,Moto,Não,Não
Colisão,2006-05-10,18:30,Sul,"-25.440133, -49.307546",Chuva / Dia,Molhada,Não,Sim,Sim,Sim,3,Não,1,1,1,0,Não,Não realizado,Sim,Ônibus,Sim,Não
Colisão,2023-08-31,02:30,Centro,"-25.419259, -49.278110",Seco / Noite,Seca,Sim,Não,Sim,Sim,4,Não,1,3,1,0,Sim,Negativo,Não,Moto,Não,Não
Colisão,2019-01-15,15:00,Centro,"-25.429767, -49.283074",Chuva / Dia,Escorregadia,Sim,Não,Sim,Sim,2,Não,1,1,0,0,Sim,Positivo,Sim,Bicicleta,Sim,Não
Atropelamento,2022-10-16,22:00,Sul,"-25.448588, -49.316656",Seco / Noite,Seca,Não,Sim,Sim,Sim,2,Sim,5,5,0,0,Não,Não realizado,Sim,Moto,Não,Não
Colisão,2020-02-09,12:00,Oeste,"-25.428533, -49.339571",Neblina / Dia,Escorregadia,Sim,Não,Sim,Sim,3,Não,1,1,1,0,Não,Não realizado,Sim,Moto,Sim,Não
Colisão,2020-06-29,22:30,Sul,"-25.441798, -49.292149",Seco / Noite,Escorregadia,Não,Não,Sim,Sim,3,Não,1,1,0,0,Não,Não realizado,Sim,Ônibus,Não,Não
Colisão,2015-10-18,00:00,Sul,"-25.475951, -49.315370",Chuva / Noite,Molhada,Sim,Sim,Sim,Não,1,Sim,5,1,0,0,Não,Não realizado,Sim,Caminhão,Sim,Não
Atropelamento,2009-12-24,22:15,Leste,"-25.422122, -49.212492",Chuva / Noite,Escorregadia,Não,Não,Não,Sim,2,Não,1,2,1,0,Sim,Negativo,Sim,Caminhão,Sim,Não
Colisão,2017-04-23,11:15,Leste,"-25.425427, -49.228899",Seco / Dia,Escorregadia,Sim,Sim,Sim,Não,1,Sim,2,3,3,0,Não,Não realizado,Sim,Ônibus,Sim,Não
Colisão,2008-08-16,07:30,Oeste,"-25.436264, -49.300868",Seco / Dia,Escorregadia,Sim,Não,Sim,Sim,2,Sim,2,2,0,0,Não,Não realizado,Sim,Carro,Sim,Não
Colisão,2016-05-31,19:30,Centro,"-25.422325, -49.285269",Chuva / Noite,Escorregadia,Não,Não,Sim,Não,1,Não,1,1,1,0,Não,Não realizado,Sim,Bicicleta,Não,Não
Atropelamento,2013-02-14,10:00,Oeste,"-25.425722, -49.315330",Seco / Dia,Seca,Não,Não,Não,Sim,2,Não,1,5,4,0,Não,Não realizado,Sim,Bicicleta,Não,Não
Capotamento,2025-12-25,18:00,Oeste,"-25.419003, -49.328356",Neblina / Dia,Molhada,Sim,Sim,Não,Não,1,Sim,5,3,1,0,Não,Não realizado,Sim,Carro,Sim,Não
Colisão,2017-09-14,06:00,Leste,"-25.410822, -49.203683",Seco / Dia,Molhada,Não,Não,Sim,Sim,3,Não,1,1,1,0,Não,Não realizado,Sim,Moto,Não,Sim
Atropelamento,2014-06-14,16:00,Norte,"-25.381692, -49.261219",Seco / Dia,Molhada,Sim,Não,Sim,Não,1,Não,1,5,4,0,Não,Não realizado,Sim,Carro,Sim,Não
Colisão,2019-04-27,16:45,Oeste,"-25.429279, -49.327541",Chuva / Dia,Molhada,Sim,Sim,Sim,Não,1,Não,1,1,0,0,Não,Não realizado,Sim,Caminhão,Não,Não
Atropelamento,2024-03-03,03:00,Sul,"-25.447961, -49.303510",Chuva / Noite,Molhada,Não,Sim,Não,Sim,2,Não,1,5,0,0,Sim,Negativo,Sim,Moto,Não,Não
Capotamento,2019-05-04,02:30,Centro,"-25.414782, -49.277437",Chuva / Noite,Molhada,Sim,Sim,Sim,Não,1,Sim,5,1,1,0,Sim,Positivo,Sim,Carro,Não,Não
Colisão,2021-10-05,08:00,Centro,"-25.421826, -49.280529",Chuva / Dia,Escorregadia,Sim,Sim,Não,Não,1,Sim,4,1,1,0,Não,Não realizado,Sim,Carro,Não,Sim
Colisão,2013-07-15,18:45,Sul,"-25.477834, -49.293130",Seco / Dia,Seca,Não,Não,Sim,Não,1,Não,1,1,0,0,Não,Não realizado,Sim,Bicicleta,Sim,Não
Colisão,2005-05-16,18:15,Leste,"-25.439570, -49.208729",Chuva / Dia,Seca,Sim,Sim,Não,Não,1,Sim,3,2,1,0,Sim,Negativo,Sim,Caminhão,Não,Não
Colisão,2006-10-01,20:00,Norte,"-25.381090, -49.240189",Seco / Noite,Molhada,Sim,Não,Sim,Sim,4,Não,1,3,0,0,Sim,Negativo,Sim,Ônibus,Sim,Não
Atropelamento,2010-08-01,05:45,Norte,"-25.382191, -49.289731",Seco / Noite,Escorregadia,Não,Sim,Não,Não,1,Sim,2,5,0,0,Sim,Positivo,Sim,Ônibus,Não,Não
Capotamento,2010-07-23,23:30,Norte,"-25.407324, -49.264324",Chuva / Noite,Seca,Sim,Não,Não,Não,1,Não,1,2,2,0,Sim,Positivo,Sim,Caminhão,Sim,Não
Capotamento,2025-12-06,21:30,Norte,"-25.396032, -49.240898",Seco / Noite,Escorregadia,Sim,Não,Sim,Sim,4,Não,1,2,0,0,Sim,Negativo,Sim,Bicicleta,Não,Não
Colisão,2009-12-12,15:30,Norte,"-25.396074, -49.260067",Seco / Dia,Molhada,Sim,Não,Não,Não,1,Não,1,1,1,0,Não,Não realizado,Sim,Carro,Não,Não
Colisão,2006-08-15,07:30,Oeste,"-25.420201, -49.304566",Seco / Dia,Escorregadia,Não,Sim,Não,Sim,2,Sim,5,3,2,0,Não,Não realizado,Sim,Bicicleta,Não,Não
Atropelamento,2016-06-16,02:30,Oeste,"-25.438751, -49.305497",Seco / Noite,Escorregadia,Não,Não,Não,Sim,2,Não,1,2,1,0,Não,Não realizado,Sim,Caminhão,Não,Não
Colisão,2024-01-31,01:15,Oeste,"-25.424393, -49.302651",Seco / Noite,Escorregadia,Sim,Não,Não,Não,1,Sim,2,2,0,0,Não,Não realizado,Sim,Carro,Sim,Não
Colisão,2022-03-14,12:30,Norte,"-25.390703, -49.256544",Seco / Dia,Molhada,Sim,Não,Sim,Sim,2,Sim,4,2,1,0,Não,Não realizado,Não,Caminhão,Não,Não
Colisão,2011-02-23,10:15,Leste,"-25.432040, -49.230494",Seco / Dia,Seca,Não,Não,Não,Não,1,Sim,5,4,1,0,Sim,Positivo,Sim,Caminhão,Sim,Não
Atropelamento,2005-06-07,21:15,Norte,"-25.383438, -49.284900",Seco / Noite,Escorregadia,Não,Sim,Não,Sim,2,Não,1,5,3,0,Sim,Positivo,Sim,Bicicleta,Não,Não
Colisão,2005-03-10,13:45,Norte,"-25.396313, -49.287040",Seco / Dia,Seca,Não,Não,Sim,Sim,4,Não,1,1,1,0,Sim,Negativo,Sim,Bicicleta,Sim,Não
Queda de moto,2007-09-13,01:45,Sul,"-25.449565, -49.294276",Seco / Noite,Seca,Sim,Não,Não,Sim,4,Sim,4,1,1,0,Não,Não realizado,Sim,Carro,Não,Não
Atropelamento,2015-10-22,23:15,Leste,"-25.439595, -49.227607",Seco / Noite,Molhada,Sim,Não,Sim,Não,1,Sim,2,3,2,0,Não,Não realizado,Sim,Bicicleta,Sim,Não
Colisão,2020-09-03,20:00,Leste,"-25.425426, -49.236011",Chuva / Noite,Escorregadia,Sim,Não,Não,Sim,4,Não,1,3,2,0,Não,Não realizado,Sim,Bicicleta,Sim,Não
Colisão,2023-06-17,10:15,Norte,"-25.393231, -49.277075",Seco / Dia,Seca,Sim,Não,Não,Não,1,Sim,3,1,1,0,Sim,Positivo,Sim,Ônibus,Sim,Não
Colisão,2023-03-22,04:00,Sul,"-25.475859, -49.285265",Seco / Noite,Seca,Sim,Sim,Sim,Não,1,Não,1,3,0,0,Sim,Negativo,Sim,Moto,Sim,Não
Colisão,2012-12-16,17:30,Centro,"-25.439471, -49.283399",Chuva / Dia,Molhada,Não,Sim,Sim,Sim,3,Sim,3,3,2,0,Não,Não realizado,Sim,Moto,Sim,Não
Colisão,2015-08-19,15:30,Norte,"-25.392886, -49.240269",Seco / Dia,Seca,Não,Não,Não,Sim,4,Não,1,3,0,0,Não,Não realizado,Não,Moto,Não,Não
Colisão,2006-05-29,04:30,Oeste,"-25.420670, -49.327953",Seco / Noite,Molhada,Não,Sim,Não,Sim,3,Sim,2,2,2,1,Não,Não realizado,Sim,Caminhão,Sim,Não
Atropelamento,2023-12-09,21:00,Leste,"-25.439400, -49.220590",Seco / Noite,Molhada,Sim,Sim,Não,Não,1,Não,1,2,2,0,Não,Não realizado,Sim,Ônibus,Sim,Não
Atropelamento,2022-07-17,03:00,Oeste,"-25.421474, -49.337764",Seco / Noite,Seca,Não,Sim,Não,Sim,4,Sim,5,4,0,0,Sim,Positivo,Sim,Moto,Não,Não
Colisão,2022-07-25,03:30,Sul,"-25.440200, -49.309032",Chuva / Noite,Molhada,Não,Não,Não,Não,1,Sim,3,1,1,0,Não,Não realizado,Sim,Ônibus,Não,Não
Colisão,2005-10-03,03:30,Leste,"-25.436992, -49.243902",Seco / Noite,Molhada,Não,Sim,Não,Sim,4,Não,1,2,2,0,Não,Não realizado,Sim,Moto,Sim,Não
Colisão,2023-03-14,19:15,Norte,"-25.396384, -49.282091",Seco / Noite,Seca,Não,Sim,Não,Sim,4,Sim,2,2,1,0,Sim,Positivo,Sim,Caminhão,Sim,Não
Colisão,2024-01-14,06:30,Centro,"-25.435841, -49.279268",Chuva / Dia,Escorregadia,Sim,Não,Não,Sim,4,Sim,5,2,1,0,Sim,Negativo,Sim,Bicicleta,Não,Não
Atropelamento,2005-02-01,21:45,Norte,"-25.388836, -49.259465",Seco / Noite,Seca,Não,Sim,Sim,Sim,2,Sim,3,2,0,0,Não,Não realizado,Sim,Ônibus,Não,Não
Colisão,2009-02-27,06:15,Norte,"-25.383304, -49.271165",Seco / Dia,Seca,Sim,Não,Sim,Sim,3,Não,1,1,1,0,Não,Não realizado,Sim,Bicicleta,Sim,Não
Capotamento,2021-07-03,08:15,Leste,"-25.437176, -49.225483",Seco / Dia,Escorregadia,Sim,Sim,Não,Sim,2,Não,1,2,0,0,Sim,Positivo,Sim,Caminhão,Sim,Não
Colisão,2025-04-25,00:45,Oeste,"-25.413615, -49.319149",Seco / Noite,Seca,Não,Não,Sim,Sim,2,Sim,4,4,1,0,Sim,Negativo,Sim,Bicicleta,Sim,Não
Queda de moto,2013-02-16,05:00,Norte,"-25.402721, -49.276022",Seco / Noite,Escorregadia,Sim,Sim,Sim,Sim,3,Não,1,2,2,0,Sim,Positivo,Sim,Carro,Não,Não
Colisão,2021-07-08,05:30,Centro,"-25.439698, -49.265350",Seco / Noite,Molhada,Não,Sim,Sim,Não,1,Sim,4,3,2,0,Não,Não realizado,Sim,Bicicleta,Não,Não
Capotamento,2022-03-17,20:30,Sul,"-25.468668, -49.307878",Seco / Noite,Seca,Sim,Não,Não,Não,1,Sim,4,3,0,0,Não,Não realizado,Sim,Caminhão,Sim,Não
Colisão,2019-08-27,01:30,Sul,"-25.446673, -49.286639",Seco / Noite,Escorregadia,Não,Não,Sim,Não,1,Sim,2,1,1,0,Sim,Negativo,Sim,Carro,Não,Não
Colisão,2011-05-29,04:45,Leste,"-25.412458, -49.247808",Seco / Noite,Molhada,Sim,Não,Não,Sim,4,Não,1,4,0,0,Sim,Negativo,Sim,Moto,Sim,Não
Atropelamento,2016-12-02,12:45,Oeste,"-25.437237, -49.307226",Seco / Dia,Seca,Sim,Não,Não,Não,1,Não,1,3,0,0,Não,Não realizado,Sim,Moto,Sim,Não
Capotamento,2019-07-03,04:45,Centro,"-25.417320, -49.285712",Chuva / Noite,Molhada,Sim,Não,Não,Não,1,Não,1,4,3,0,Não,Não realizado,Sim,Moto,Sim,Não
Capotamento,2022-12-22,08:30,Norte,"-25.397894, -49.268014",Seco / Dia,Escorregadia,Não,Sim,Não,Sim,3,Não,1,1,0,0,Não,Não realizado,Sim,Carro,Não,Não
Queda de moto,2024-03-20,12:00,Sul,"-25.461728, -49.293607",Seco / Dia,Seca,Não,Sim,Não,Sim,3,Sim,5,1,0,0,Não,Não realizado,Sim,Ônibus,Sim,Não
Atropelamento,2016-12-11,03:30,Centro,"-25.435107, -49.288708",Seco / Noite,Molhada,Sim,Sim,Não,Não,1,Não,1,3,1,0,Sim,Positivo,Sim,Bicicleta,Sim,Não
Queda de moto,2008-03-31,12:30,Centro,"-25.436416, -49.281488",Seco / Dia,Seca,Sim,Sim,Não,Não,1,Não,1,2,1,0,Não,Não realizado,Sim,Caminhão,Não,Sim
Queda de moto,2011-09-02,20:00,Norte,"-25.397830, -49.258146",Chuva / Noite,Molhada,Sim,Sim,Não,Sim,4,Sim,4,2,0,0,Sim,Positivo,Sim,Moto,Não,Não
Colisão,2017-11-27,22:45,Oeste,"-25.418234, -49.302851",Chuva / Noite,Escorregadia,Sim,Não,Sim,Sim,2,Não,1,1,0,0,Sim,Negativo,Sim,Moto,Sim,Não
Capotamento,2022-10-04,23:45,Leste,"-25.412157, -49.211369",Seco / Noite,Seca,Não,Não,Não,Sim,2,Não,1,2,0,0,Não,Não realizado,Sim,Ônibus,Não,Não
Colisão,2018-08-25,23:30,Centro,"-25.421448, -49.281669",Chuva / Noite,Escorregadia,Sim,Sim,Não,Sim,4,Não,1,1,0,0,Sim,Positivo,Sim,Moto,Sim,Não
Colisão,2012-02-13,02:45,Sul,"-25.461628, -49.317097",Chuva / Noite,Molhada,Não,Não,Sim,Não,1,Sim,4,2,0,0,Não,Não realizado,Sim,Caminhão,Sim,Não
Colisão,2016-12-30,01:15,Sul,"-25.457192, -49.303048",Seco / Noite,Seca,Sim,Sim,Não,Não,1,Não,1,3,2,0,Sim,Negativo,Sim,Bicicleta,Sim,Não
Capotamento,2016-05-26,01:30,Centro,"-25.416099, -49.268659",Seco / Noite,Escorregadia,Sim,Sim,Não,Não,1,Não,1,2,2,0,Não,Não realizado,Sim,Moto,Sim,Não
Capotamento,2022-05-07,23:45,Leste,"-25.410602, -49.230300",Seco / Noite,Seca,Não,Sim,Sim,Sim,4,Não,1,1,1,0,Não,Não realizado,Não,Caminhão,Não,Não
Queda de moto,2017-08-24,13:30,Leste,"-25.438303, -49.246503",Neblina / Dia,Escorregadia,Não,Sim,Sim,Não,1,Sim,5,2,1,0,Não,Não realizado,Sim,Carro,Sim,Não
Colisão,2017-05-17,09:00,Norte,"-25.383727, -49.274079",Seco / Dia,Molhada,Não,Sim,Sim,Não,1,Sim,2,1,1,0,Não,Não realizado,Sim,Bicicleta,Sim,Não
Queda de moto,2022-07-31,06:30,Centro,"-25.430749, -49.277398",Chuva / Dia,Seca,Sim,Sim,Não,Não,1,Não,1,3,0,0,Sim,Negativo,Sim,Caminhão,Sim,Não
Capotamento,2024-10-12,19:30,Leste,"-25.436073, -49.210777",Chuva / Noite,Molhada,Sim,Sim,Não,Sim,3,Não,1,1,1,0,Não,Não realizado,Sim,Moto,Sim,Não
Queda de moto,2023-07-30,11:45,Leste,"-25.430219, -49.227909",Seco / Dia,Molhada,Sim,Sim,Não,Sim,2,Não,1,3,0,0,Não,Não realizado,Sim,Ônibus,Sim,Não
Colisão,2021-05-31,21:00,Leste,"-25.419082, -49.232908",Chuva / Noite,Escorregadia,Não,Não,Não,Não,1,Sim,2,1,1,0,Não,Não realizado,Sim,Ônibus,Não,Não
Colisão,2009-09-02,10:15,Sul,"-25.440141, -49.301550",Seco / Dia,Molhada,Sim,Não,Sim,Não,1,Não,1,2,2,0,Não,Não realizado,Sim,Caminhão,Sim,Não
Queda de moto,2011-05-24,12:15,Oeste,"-25.423253, -49.327926",Chuva / Dia,Escorregadia,Não,Não,Sim,Não,1,Sim,2,3,2,0,Não,Não realizado,Sim,Ônibus,Sim,Não
Capotamento,2014-12-30,01:15,Norte,"-25.389853, -49.261282",Chuva / Noite,Seca,Não,Sim,Sim,Não,1,Sim,4,1,1,0,Sim,Negativo,Sim,Bicicleta,Não,Não
Capotamento,2012-04-15,07:45,Sul,"-25.471966, -49.295767",Seco / Dia,Escorregadia,Sim,Sim,Sim,Sim,2,Sim,3,3,0,0,Sim,Negativo,Sim,Caminhão,Sim,Não
Capotamento,2014-12-22,08:30,Oeste,"-25.437177, -49.309023",Chuva / Dia,Molhada,Não,Não,Sim,Sim,3,Não,1,2,0,0,Não,Não realizado,Sim,Bicicleta,Não,Não
Colisão,2018-04-17,12:15,Norte,"-25.399163, -49.247780",Chuva / Dia,Escorregadia,Não,Sim,Sim,Sim,2,Não,1,1,0,0,Não,Não realizado,Sim,Carro,Sim,Não
Colisão,2020-03-16,08:45,Oeste,"-25.424274, -49.304515",Chuva / Dia,Molhada,Não,Sim,Sim,Sim,2,Não,1,1,0,0,Não,Não realizado,Sim,Carro,Não,Não
Colisão,2015-06-14,08:00,Norte,"-25.388251, -49.277754",Seco / Dia,Seca,Não,Não,Não,Não,1,Sim,4,1,0,0,Não,Não realizado,Sim,Caminhão,Sim,Não
Atropelamento,2005-04-18,14:45,Norte,"-25.385473, -49.252868",Seco / Dia,Seca,Não,Sim,Não,Sim,3,Sim,2,2,1,0,Não,Não realizado,Sim,Bicicleta,Não,Não
Colisão,2014-11-20,10:00,Centro,"-25.428262, -49.285866",Neblina / Dia,Molhada,Sim,Sim,Não,Não,1,Sim,4,1,1,0,Sim,Positivo,Sim,Bicicleta,Não,Não
Queda de moto,2022-04-05,06:45,Sul,"-25.466346, -49.282266",Seco / Dia,Molhada,Sim,Sim,Não,Não,1,Sim,3,4,3,0,Sim,Negativo,Sim,Moto,Não,Não
Queda de moto,2013-02-07,16:00,Sul,"-25.451047, -49.287481",Seco / Dia,Escorregadia,Não,Sim,Sim,Não,1,Sim,3,1,1,0,Não,Não realizado,Sim,Ônibus,Sim,Não
Atropelamento,2010-10-15,18:30,Oeste,"-25.438981, -49.305318",Seco / Dia,Molhada,Não,Não,Sim,Sim,2,Não,1,3,1,0,Sim,Negativo,Sim,Bicicleta,Sim,Não
Capotamento,2014-11-28,18:15,Norte,"-25.401809, -49.289933",Chuva / Dia,Molhada,Não,Não,Não,Não,1,Não,1,1,0,0,Não,Não realizado,Não,Ônibus,Não,Não
Colisão,2019-06-11,17:15,Norte,"-25.384290, -49.277899",Seco / Dia,Molhada,Não,Não,Sim,Não,1,Sim,4,3,1,0,Sim,Negativo,Sim,Ônibus,Sim,Não
Colisão,2019-05-01,08:15,Oeste,"-25.429925, -49.312419",Seco / Dia,Escorregadia,Não,Sim,Sim,Sim,4,Sim,5,2,0,0,Não,Não realizado,Sim,Moto,Não,Não
Capotamento,2019-05-30,05:15,Centro,"-25.413408, -49.260673",Seco / Noite,Escorregadia,Não,Sim,Não,Sim,3,Sim,2,4,0,0,Não,Não realizado,Sim,Moto,Sim,Não
Colisão,2011-04-04,08:00,Leste,"-25.425426, -49.216973",Neblina / Dia,Seca,Sim,Não,Sim,Não,1,Sim,4,2,1,0,Não,Não realizado,Sim,Carro,Sim,Não
Colisão,2019-09-22,09:00,Centro,"-25.417648, -49.284804",Chuva / Dia,Escorregadia,Sim,Não,Não,Não,1,Não,1,3,2,0,Não,Não realizado,Sim,Bicicleta,Não,Não