TIPO DE ACIDENTE,DATA,HORA,REGIÃO,COORDENADA GEOGRÁFICA,SITUAÇÃO CLIMÁTICA/LUMINOSIDADE,CONDIÇÕES DA SUPERFÍCIE DE ROLAMENTO,POSSUI SINALIZAÇÃO HORIZONTAL,POSSUI SINALIZAÇÃO VERTICAL,PRÓXIMO A EQUIPO ELETRÔNICO,HOUVE OUTROS VEÍCULOS ENVOLVIDOS,QUANTOS VEÍCULOS,HAVIA OUTROS OCUPANTES NO VEÍCULO,QUANTOS OCUPANTES,ENVOLVIDOS,FERIDOS,ÓBITOS,FOI REALIZADO O TESTE DE BAFÔMETRO,QUAL O RESULTADO,POSSUI HABILITAÇÃO,VEÍCULO TIPO,HOUVE DANOS AO PATRIMÔNIO PÚBLICO?,HOUVE DANOS AO MEIO AMBIENTE?
Capotamento,2015-02-07,14:15,Norte,"-25.408378, -49.259630",Chuva / Dia,Seca,Sim,Não,Não,Sim,3,Sim,3,3,2,0,Não,Não realizado,Sim,Carro,Sim,Não
Atropelamento,2024-10-03,10:15,Oeste,"-25.417731, -49.337500",Seco / Dia,Seca,Não,Sim,Sim,Não,1,Sim,4,5,3,0,Não,Não realizado,Sim,Ônibus,Sim,Não
Colisão,2005-09-25,23:45,Leste,"-25.415004, -49.230265",Seco / Noite,Seca,Sim,Não,Não,Não,1,Sim,4,1,1,0,Sim,Negativo,Sim,Carro,Sim,Não
Colisão,2010-03-18,06:00,Centro,"-25.416863, -49.261609",Chuva / Dia,Seca,Não,Não,Não,Não,1,Não,1,1,1,0,Não,Não realizado,Sim,Carro,Não,Não
Colisão,2011-06-09,05:00,Leste,"-25.424237, -49.226831",Seco / Noite,Seca,Não,Sim,Não,Não,1,Não,1,2,2,0,Não,Não realizado,Sim,Carro,Não,Não
Colisão,2023-07-12,22:45,Sul,"-25.449230, -49.313537",Seco / Noite,Escorregadia,Sim,Sim,Não,Não,1,Não,1,5,0,0,Sim,Positivo,Sim,Bicicleta,Sim,Não
Colisão,2016-04-19,03:45,Sul,"-25.472553, -49.303287",Seco / Noite,Seca,Não,Sim,Sim,Sim,3,Não,1,5,0,0,Sim,Positivo,Sim,Moto,Sim,Não
Colisão,2012-08-04,15:15,Centro,"-25.415849, -49.284245",Chuva / Dia,Molhada,Sim,Não,Não,Sim,4,Não,1,2,1,0,Não,Não realizado,Sim,Caminhão,Não,Não
Colisão,2006-08-27,04:30,Leste,"-25.418378, -49.219688",Chuva / Noite,Escorregadia,Não,Não,Sim,Não,1,Não,1,1,0,0,Não,Não realizado,Sim,Caminhão,Sim,Não
Queda de moto,2020-03-21,04:15,Oeste,"-25.426972, -49.315621",Seco / Noite,Seca,Sim,Sim,Não,Sim,3,Não,1,4,4,0,Não,Não realizado,Sim,Caminhão,Não,Não
Colisão,2005-07-24,03:00,Centro,"-25.417473, -49.280031",Seco / Noite,Escorregadia,Não,Não,Não,Sim,3,Não,1,1,1,0,Sim,Negativo,Sim,Caminhão,Não,Não
Colisão,2017-12-10,22:45,Sul,"-25.447089, -49.286022",Chuva / Noite,Molhada,Sim,Não,Sim,Sim,3,Não,1,1,0,0,Não,Não realizado,Sim,Ônibus,Não,Não
Atropelamento,2005-01-17,22:15,Oeste,"-25.438698, -49.317369",Neblina / Noite,Seca,Não,Não,Não,Não,1,Sim,5,4,0,0,Sim,Positivo,Não,Ônibus,Não,Não
Colisão,2013-06-12,14:30,Oeste,"-25.437456, -49.327150",Seco / Dia,Seca,Não,Não,Sim,Não,1,Sim,3,3,1,0,Sim,Positivo,Sim,Moto,Não,Não
Colisão,2025-04-08,16:45,Oeste,"-25.429533, -49.324681",Seco / Dia,Escorregadia,Sim,Não,Sim,Não,1,Sim,2,1,1,0,Não,Não realizado,Sim,Caminhão,Sim,Não
Colisão,2006-10-16,22:00,Sul,"-25.475709, -49.289852",Seco / Noite,Escorregadia,Não,Sim,Não,Sim,3,Sim,4,2,0,0,Sim,Negativo,Sim,Carro,Sim,Não
Colisão,2009-12-25,02:30,Leste,"-25.411767, -49.235144",Chuva / Noite,Molhada,Sim,Não,Sim,Não,1,Sim,2,1,0,0,Não,Não realizado,Sim,Ônibus,Sim,Não
Colisão,2019-02-12,01:45,Norte,"-25.400514, -49.252647",Seco / Noite,Escorregadia,Sim,Não,Sim,Sim,2,Sim,4,1,0,0,Não,Não realizado,Sim,Carro,Sim,Não
Atropelamento,2014-12-05,07:45,Oeste,"-25.427602, -49.323260",Chuva / Dia,Escorregadia,Sim,Sim,Não,Não,1,Sim,2,4,2,0,Sim,Negativo,Sim,Moto,Não,Não
Capotamento,2023-03-30,12:15,Norte,"-25.394133, -49.261675",Seco / Dia,Molhada,Não,Sim,Não,Sim,3,Sim,3,3,0,0,Não,Não realizado,Sim,Carro,Sim,Não
Colisão,2023-05-13,16:15,Oeste,"-25.435065, -49.300768",Seco / Dia,Molhada,Sim,Sim,Não,Sim,4,Não,1,4,1,0,Sim,Positivo,Sim,Carro,Não,Não
Queda de moto,2010-05-10,21:45,Centro,"-25.432136, -49.261416",Seco / Noite,Molhada,Sim,Não,Não,Não,1,Não,1,1,1,0,Não,Não realizado,Sim,Caminhão,Não,Sim
Colisão,2025-10-09,19:15,Sul,"-25.476162, -49.302454",Seco / Noite,Escorregadia,Não,Sim,Não,Não,1,Não,1,1,1,0,Sim,Positivo,Sim,Moto,Não,Não
Queda de moto,2020-02-16,23:45,Norte,"-25.398445, -49.282126",Seco / Noite,Molhada,Sim,Sim,Não,Não,1,Não,1,1,1,0,Não,Não realizado,Sim,Carro,Não,Não
Colisão,2016-09-03,15:30,Norte,"-25.391280, -49.285669",Seco / Dia,Seca,Não,Sim,Não,Não,1,Não,1,4,0,0,Não,Não realizado,Sim,Ônibus,Não,Não
Queda de moto,2011-07-17,00:00,Sul,"-25.449292, -49.291987",Seco / Noite,Seca,Sim,Sim,Não,Não,1,Não,1,1,0,0,Não,Não realizado,Sim,Ônibus,Não,Não
Queda de moto,2023-09-26,08:15,Sul,"-25.443033, -49.304901",Neblina / Dia,Escorregadia,Não,Sim,Não,Não,1,Sim,4,1,1,0,Não,Não realizado,Sim,Carro,Não,Não
Colisão,2017-10-17,07:45,Oeste,"-25.437441, -49.325444",Seco / Dia,Seca,Sim,Sim,Não,Não,1,Sim,4,1,0,0,Sim,Negativo,Sim,Caminhão,Não,Não
Queda de moto,2012-08-10,15:30,Oeste,"-25.411132, -49.303512",Chuva / Dia,Seca,Sim,Sim,Não,Sim,3,Não,1,1,1,0,Não,Não realizado,Sim,Ônibus,Não,Não
Colisão,2009-06-11,08:45,Sul,"-25.464394, -49.296461",Seco / Dia,Molhada,Não,Sim,Não,Não,1,Não,1,2,1,0,Não,Não realizado,Sim,Moto,Sim,Não
Capotamento,2010-08-21,16:45,Centro,"-25.434412, -49.263404",Seco / Dia,Seca,Sim,Sim,Não,Sim,4,Não,1,1,1,1,Não,Não realizado,Sim,Caminhão,Não,Não
Atropelamento,2014-12-02,08:00,Leste,"-25.426407, -49.235066",Seco / Dia,Escorregadia,Não,Não,Sim,Não,1,Não,1,4,0,0,Não,Não realizado,Sim,Bicicleta,Não,Não
Colisão,2016-02-27,04:00,Leste,"-25.419510, -49.221720",Chuva / Noite,Escorregadia,Não,Sim,Sim,Sim,4,Não,1,1,0,0,Sim,Positivo,Sim,Bicicleta,Não,Não
Colisão,2015-09-02,03:45,Sul,"-25.469152, -49.286024",Seco / Noite,Molhada,Não,Não,Não,Sim,2,Não,1,4,4,0,Não,Não realizado,Sim,Bicicleta,Sim,Não
Colisão,2005-04-18,00:00,Sul,"-25.441752, -49.307716",Chuva / Noite,Seca,Sim,Não,Não,Sim,4,Não,1,1,1,0,Não,Não realizado,Sim,Bicicleta,Sim,Não
Capotamento,2025-04-09,06:00,Norte,"-25.400654, -49.241191",Chuva / Dia,Molhada,Não,Sim,Sim,Não,1,Sim,3,3,1,0,Sim,Negativo,Sim,Moto,Sim,Não
Colisão,2025-09-09,14:30,Centro,"-25.430146, -49.277222",Seco / Dia,Seca,Sim,Sim,Não,Não,1,Não,1,4,3,0,Não,Não realizado,Sim,Bicicleta,Não,Não
Colisão,2015-08-14,20:45,Sul,"-25.459579, -49.285287",Seco / Noite,Seca,Sim,Não,Não,Sim,2,Sim,5,3,0,0,Sim,Negativo,Sim,Moto,Não,Não
Colisão,2016-04-07,05:45,Norte,"-25.386181, -49.247348",Chuva / Noite,Escorregadia,Não,Não,Sim,Sim,4,Não,1,5,3,0,Não,Não realizado,Não,Ônibus,Não,Não
Atropelamento,2007-05-31,17:00,Oeste,"-25.413175, -49.332433",Neblina / Dia,Molhada,Sim,Sim,Não,Sim,2,Sim,4,4,2,0,Sim,Positivo,Sim,Moto,Não,Não
Colisão,2014-05-28,22:30,Leste,"-25.415922, -49.232074",Seco / Noite,Seca,Sim,Não,Não,Não,1,Sim,3,1,0,0,Sim,Negativo,Sim,Ônibus,Não,Não
Atropelamento,2021-12-05,20:45,Centro,"-25.429091, -49.282984",Chuva / Noite,Seca,Sim,Não,Sim,Sim,2,Sim,3,5,0,0,Não,Não realizado,Sim,Bicicleta,Não,Não
Colisão,2016-10-18,07:45,Oeste,"-25.429344, -49.318129",Seco / Dia,Seca,Não,Não,Sim,Sim,3,Não,1,2,0,0,Sim,Negativo,Não,Caminhão,Não,Não
Atropelamento,2008-04-10,13:45,Oeste,"-25.437617, -49.315225",Chuva / Dia,Escorregadia,Não,Sim,Não,Não,1,Sim,3,2,2,0,Não,Não realizado,Sim,Caminhão,Sim,Não
Colisão,2015-03-06,08:30,Centro,"-25.427049, -49.260455",Seco / Dia,Seca,Não,Não,Sim,Não,1,Sim,4,3,2,0,Sim,Positivo,Sim,Caminhão,Sim,Não
Queda de moto,2005-09-21,16:45,Norte,"-25.391385, -49.267521",Neblina / Dia,Seca,Não,Sim,Sim,Não,1,Não,1,2,2,0,Sim,Negativo,Sim,Moto,Sim,Não
Capotamento,2009-06-04,10:30,Oeste,"-25.421213, -49.327370",Seco / Dia,Escorregadia,Sim,Sim,Sim,Não,1,Não,1,1,1,0,Não,Não realizado,Sim,Bicicleta,Sim,Não
Queda de moto,2012-01-07,08:15,Oeste,"-25.431969, -49.335383",Chuva / Dia,Molhada,Não,Sim,Sim,Não,1,Sim,4,2,2,0,Não,Não realizado,Sim,Moto,Não,Não
Colisão,2012-03-30,23:45,Centro,"-25.426315, -49.262867",Seco / Noite,Seca,Sim,Não,Sim,Não,1,Sim,4,2,2,0,Não,Não realizado,Não,Caminhão,Sim,Não
Capotamento,2017-08-30,01:30,Sul,"-25.462257, -49.282536",Seco / Noite,Molhada,Não,Não,Não,Sim,3,Não,1,3,1,0,Não,Não realizado,Sim,Carro,Sim,Não
Colisão,2009-01-01,11:15,Leste,"-25.413701, -49.239782",Chuva / Dia,Molhada,Não,Não,Sim,Sim,3,Não,1,1,1,0,Não,Não realizado,Sim,Carro,Não,Não
Atropelamento,2009-02-11,06:45,Norte,"-25.381990, -49.278004",Seco / Dia,Seca,Não,Sim,Sim,Não,1,Não,1,3,0,0,Não,Não realizado,Não,Carro,Sim,Não
Queda de moto,2013-05-10,07:00,Sul,"-25.456438, -49.297609",Seco / Dia,Molhada,Não,Não,Não,Sim,3,Sim,4,3,0,0,Não,Não realizado,Sim,Carro,Sim,Não
Colisão,2012-04-22,10:00,Oeste,"-25.433365, -49.312894",Seco / Dia,Escorregadia,Sim,Não,Não,Não,1,Não,1,5,0,0,Não,Não realizado,Sim,Ônibus,Sim,Não
Colisão,2006-04-10,19:15,Oeste,"-25.436220, -49.328770",Seco / Noite,Molhada,Sim,Não,Sim,Sim,2,Não,1,3,0,0,Não,Não realizado,Sim,Ônibus,Não,Não
Atropelamento,2016-06-06,01:45,Norte,"-25.397748, -49.258678",Seco / Noite,Escorregadia,Não,Sim,Não,Não,1,Sim,5,4,0,0,Sim,Negativo,Sim,Carro,Não,Não
Colisão,2025-04-20,18:15,Sul,"-25.464925, -49.309031",Seco / Dia,Molhada,Sim,Sim,Sim,Sim,4,Sim,5,3,2,0,Não,Não realizado,Sim,Carro,Não,Não
Colisão,2025-10-15,11:00,Leste,"-25.412602, -49.212165",Seco / Dia,Molhada,Não,Não,Não,Sim,4,Não,1,5,0,0,Sim,Positivo,Sim,Caminhão,Sim,Não
Atropelamento,2020-08-27,10:00,Sul,"-25.479372, -49.313936",Seco / Dia,Seca,Não,Não,Sim,Sim,3,Sim,3,4,0,0,Não,Não realizado,Não,Ônibus,Não,Não
Colisão,2015-07-17,01:00,Norte,"-25.400005, -49.259272",Neblina / Noite,Molhada,Não,Não,Não,Sim,4,Sim,3,5,0,0,Sim,Negativo,Sim,Carro,Não,Não
Colisão,2017-12-14,09:45,Leste,"-25.417487, -49.239703",Seco / Dia,Molhada,Sim,Sim,Não,Sim,4,Sim,5,3,1,0,Não,Não realizado,Não,Caminhão,Sim,Não
Atropelamento,2007-10-13,23:30,Leste,"-25.426002, -49.240697",Seco / Noite,Molhada,Sim,Sim,Não,Sim,4,Sim,2,5,5,0,Não,Não realizado,Sim,Carro,Não,Não
Atropelamento,2025-10-14,08:45,Norte,"-25.404836, -49.249904",Neblina / Dia,Seca,Sim,Não,Sim,Não,1,Não,1,3,1,0,Sim,Positivo,Sim,Caminhão,Não,Não
Colisão,2014-10-15,11:30,Oeste,"-25.436949, -49.315975",Chuva / Dia,Molhada,Sim,Sim,Não,Sim,2,Não,1,2,2,0,Não,Não realizado,Sim,Ônibus,Não,Não
Colisão,2021-12-22,12:30,Centro,"-25.426969, -49.270269",Seco / Dia,Seca,Sim,Não,Sim,Sim,3,Não,1,2,2,0,Sim,Positivo,Sim,Moto,Não,Não
Queda de moto,2024-06-22,13:30,Centro,"-25.416768, -49.273419",Chuva / Dia,Molhada,Não,Sim,Não,Não,1,Sim,3,2,1,0,Não,Não realizado,Sim,Ônibus,Não,Não
Colisão,2013-08-30,08:00,Norte,"-25.395499, -49.257026",Seco / Dia,Escorregadia,Não,Não,Não,Sim,4,Não,1,2,0,0,Não,Não realizado,Sim,Moto,Não,Não
Colisão,2017-12-05,20:00,Leste,"-25.426386, -49.204451",Chuva / Noite,Escorregadia,Sim,Sim,Não,Não,1,Não,1,2,1,0,Não,Não realizado,Sim,Ônibus,Não,Não
Colisão,2019-08-14,00:15,Sul,"-25.443811, -49.303197",Chuva / Noite,Molhada,Sim,Não,Não,Não,1,Não,1,2,1,0,Não,Não realizado,Sim,Caminhão,Não,Não
Colisão,2007-01-23,19:00,Leste,"-25.434458, -49.218988",Seco / Noite,Molhada,Sim,Não,Não,Não,1,Não,1,2,1,0,Sim,Positivo,Sim,Ônibus,Não,Não
Atropelamento,2005-12-29,09:30,Centro,"-25.414860, -49.268201",Seco / Dia,Molhada,Não,Não,Não,Não,1,Não,1,4,0,0,Sim,Positivo,Sim,Bicicleta,Sim,Não
Colisão,2025-07-27,21:30,Centro,"-25.419389, -49.280792",Seco / Noite,Molhada,Sim,Não,Não,Sim,4,Não,1,1,0,0,Sim,Negativo,Sim,Ônibus,Não,Não
Colisão,2006-05-21,13:00,Oeste,"-25.412066, -49.321136",Seco / Dia,Seca,Não,Não,Não,Não,1,Não,1,1,1,0,Não,Não realizado,Sim,Moto,Não,Não
Colisão,2022-10-25,22:45,Leste,"-25.410241, -49.201704",Seco / Noite,Escorregadia,Sim,Sim,Sim,Sim,2,Não,1,5,1,0,Não,Não realizado,Sim,Ônibus,Não,Sim
Capotamento,2011-07-12,15:15,Centro,"-25.436532, -49.270719",Seco / Dia,Seca,Sim,Sim,Não,Não,1,Sim,3,1,1,0,Sim,Positivo,Não,Caminhão,Sim,Não
Atropelamento,2022-01-30,14:30,Oeste,"-25.426918, -49.328897",Seco / Dia,Escorregadia,Sim,Não,Não,Não,1,Sim,3,5,5,0,Sim,Positivo,Sim,Moto,Sim,Não
Atropelamento,2005-10-09,04:45,Oeste,"-25.421529, -49.333516",Seco / Noite,Molhada,Não,Não,Sim,Sim,4,Sim,2,5,0,0,Sim,Positivo,Sim,Ônibus,Não,Não
Atropelamento,2006-04-14,20:30,Norte,"-25.398936, -49.283867",Chuva / Noite,Molhada,Não,Sim,Não,Não,1,Não,1,5,3,0,Não,Não realizado,Sim,Ônibus,Não,Não
Colisão,2019-08-29,03:00,Norte,"-25.406263, -49.264604",Seco / Noite,Seca,Sim,Não,Não,Sim,2,Sim,3,1,1,0,Sim,Negativo,Sim,Moto,Sim,Não
Colisão,2023-03-11,06:00,Norte,"-25.402861, -49.259244",Seco / Dia,Molhada,Não,Sim,Não,Não,1,Sim,2,3,2,0,Sim,Negativo,Sim,Ônibus,Sim,Não
Colisão,2016-06-10,19:15,Sul,"-25.441241, -49.317314",Seco / Noite,Seca,Sim,Não,Não,Sim,2,Sim,2,3,3,0,Sim,Negativo,Sim,Carro,Não,Não
Colisão,2006-04-08,08:15,Norte,"-25.409537, -49.243198",Seco / Dia,Seca,Não,Não,Sim,Sim,2,Não,1,4,3,0,Não,Não realizado,Sim,Moto,Sim,Não
Colisão,2020-05-23,06:15,Oeste,"-25.428387, -49.327997",Chuva / Dia,Molhada,Não,Não,Não,Sim,4,Sim,2,1,1,0,Não,Não realizado,Sim,Carro,Não,Não
Atropelamento,2007-10-27,15:15,Oeste,"-25.412854, -49.324137",Chuva / Dia,Seca,Sim,Não,Sim,Sim,2,Não,1,2,1,0,Sim,Positivo,Sim,Bicicleta,Sim,Não
Colisão,2006-04-09,04:15,Leste,"-25.435055, -49.243127",Seco / Noite,Molhada,Sim,Sim,Sim,Não,1,Não,1,3,2,0,Sim,Negativo,Não,Carro,Não,Sim
Colisão,2012-04-06,01:00,Sul,"-25.450499, -49.295422",Seco / Noite,Escorregadia,Sim,Sim,Não,Sim,3,Sim,3,1,0,0,Sim,Positivo,Sim,Carro,Não,Não
Atropelamento,2011-02-14,05:45,Centro,"-25.427041, -49.261448",Seco / Noite,Seca,Sim,Não,Sim,Não,1,Sim,2,2,0,0,Sim,Negativo,Sim,Ônibus,Sim,Não
Atropelamento,2009-12-06,08:00,Oeste,"-25.410940, -49.308696",Seco / Dia,Escorregadia,Não,Não,Não,Sim,3,Não,1,3,0,0,Sim,Positivo,Não,Ônibus,Não,Não
Colisão,2016-03-03,13:30,Oeste,"-25.431917, -49.310687",Seco / Dia,Seca,Sim,Não,Não,Não,1,Não,1,2,0,0,Sim,Negativo,Sim,Bicicleta,Não,Não
Capotamento,2024-01-19,16:15,Centro,"-25.432531, -49.278558",Seco / Dia,Seca,Não,Sim,Sim,Não,1,Não,1,2,2,0,Sim,Positivo,Sim,Caminhão,Não,Não
Queda de moto,2010-12-23,22:30,Sul,"-25.461652, -49.283869",Chuva / Noite,Molhada,Sim,Não,Sim,Não,1,Sim,3,1,0,0,Não,Não realizado,Sim,Ônibus,Não,Não
Atropelamento,2018-10-07,03:00,Oeste,"-25.432416, -49.309208",Seco / Noite,Escorregadia,Não,Não,Não,Não,1,Sim,5,5,2,0,Não,Não realizado,Sim,Ônibus,Não,Não
Queda de moto,2014-05-16,03:15,Norte,"-25.380667, -49.284817",Seco / Noite,Molhada,Sim,Sim,Sim,Sim,4,Não,1,1,0,0,Sim,Positivo,Sim,Moto,Não,Não
Colisão,2020-03-21,18:15,Norte,"-25.406350, -49.257471",Seco / Dia,Escorregadia,Não,Sim,Não,Não,1,Sim,3,2,1,0,Não,Não realizado,Sim,Moto,Sim,Não
Atropelamento,2021-10-22,02:00,Oeste,"-25.414835, -49.319185",Seco / Noite,Molhada,Sim,Sim,Não,Não,1,Sim,2,5,3,0,Não,Não realizado,Não,Bicicleta,Não,Não
Queda de moto,2013-05-11,13:45,Sul,"-25.447771, -49.316991",Neblina / Dia,Seca,Não,Não,Não,Não,1,Não,1,1,1,0,Não,Não realizado,Sim,Carro,Não,Não
Atropelamento,2010-08-28,10:30,Norte,"-25.387100, -49.254114",Seco / Dia,Seca,Sim,Não,Sim,Não,1,Sim,5,4,1,0,Sim,Positivo,Sim,Carro,Sim,Não
Colisão,2012-08-03,09:30,Sul,"-25.456581, -49.305304",Seco / Dia,Escorregadia,Não,Sim,Sim,Não,1,Não,1,1,1,0,Sim,Negativo,Sim,Moto,Sim,Não
Queda de moto,2005-01-28,23:45,Norte,"-25.409257, -49.244629",Seco / Noite,Molhada,Sim,Sim,Sim,Não,1,Não,1,2,1,0,Não,Não realizado,Sim,Bicicleta,Não,Sim
Atropelamento,2011-06-29,01:00,Norte,"-25.381701, -49.286078",Chuva / Noite,Seca,Não,Não,Sim,Sim,3,Não,1,2,1,0,Não,Não realizado,Sim,Ônibus,Sim,Não
Colisão,2024-11-25,03:15,Leste,"-25.414851, -49.201664",Chuva / Noite,Molhada,Não,Não,Sim,Não,1,Sim,4,1,1,0,Sim,Positivo,Sim,Carro,Não,Sim
Capotamento,2010-10-22,03:45,Oeste,"-25.431570, -49.331222",Seco / Noite,Escorregadia,Sim,Não,Não,Sim,4,Não,1,4,3,0,Não,Não realizado,Sim,Moto,Não,Não
Atropelamento,2016-10-16,01:30,Norte,"-25.394353, -49.262712",Chuva / Noite,Escorregadia,Não,Não,Sim,Sim,3,Sim,2,5,0,0,Não,Não realizado,Sim,Caminhão,Sim,Não
Atropelamento,2021-01-23,06:45,Leste,"-25.436534, -49.222403",Seco / Dia,Escorregadia,Não,Sim,Não,Não,1,Sim,2,5,3,2,Não,Não realizado,Sim,Bicicleta,Sim,Não
Colisão,2020-06-22,01:45,Sul,"-25.454766, -49.292576",Seco / Noite,Seca,Sim,Não,Sim,Não,1,Sim,4,4,0,0,Não,Não realizado,Sim,Moto,Sim,Não
Queda de moto,2020-07-30,03:45,Leste,"-25.412353, -49.238710",Chuva / Noite,Escorregadia,Não,Sim,Não,Não,1,Sim,3,2,2,0,Não,Não realizado,Sim,Moto,Não,Não
Capotamento,2010-04-25,21:30,Leste,"-25.424874, -49.240159",Seco / Noite,Molhada,Sim,Sim,Sim,Sim,4,Não,1,1,0,0,Não,Não realizado,Sim,Caminhão,Não,Não
Queda de moto,2013-12-15,07:30,Sul,"-25.442806, -49.295776",Seco / Dia,Escorregadia,Sim,Não,Não,Sim,2,Não,1,3,3,0,Não,Não realizado,Sim,Caminhão,Sim,Não
Capotamento,2014-11-05,01:30,Sul,"-25.440675, -49.299282",Chuva / Noite,Molhada,Não,Sim,Não,Não,1,Sim,5,2,1,0,Não,Não realizado,Sim,Moto,Não,Não
Capotamento,2019-10-12,03:30,Oeste,"-25.416058, -49.334089",Neblina / Noite,Escorregadia,Sim,Não,Não,Sim,4,Sim,2,2,2,0,Sim,Negativo,Sim,Carro,Não,Não
Atropelamento,2022-06-30,12:30,Leste,"-25.425938, -49.242923",Seco / Dia,Molhada,Sim,Não,Sim,Não,1,Não,1,4,0,0,Não,Não realizado,Sim,Bicicleta,Sim,Não
Colisão,2024-11-19,08:45,Leste,"-25.411874, -49.219649",Chuva / Dia,Seca,Sim,Não,Não,Não,1,Sim,2,3,3,0,Não,Não realizado,Sim,Bicicleta,Sim,Não
Atropelamento,2021-04-28,03:30,Oeste,"-25.414850, -49.325987",Seco / Noite,Escorregadia,Não,Sim,Não,Não,1,Sim,4,3,0,0,Sim,Negativo,Sim,Ônibus,Não,Não
Colisão,2012-09-09,10:30,Sul,"-25.464099, -49.305982",Chuva / Dia,Molhada,Sim,Sim,Não,Não,1,Não,1,1,1,0,Não,Não realizado,Sim,Caminhão,Não,Não
Colisão,2018-05-28,16:30,Oeste,"-25.422120, -49.303686",Seco / Dia,Escorregadia,Sim,Sim,Não,Sim,3,Não,1,3,1,0,Não,Não realizado,Não,Ônibus,Sim,Não
Colisão,2013-09-23,23:00,Centro,"-25.410088, -49.278569",Seco / Noite,Seca,Sim,Não,Não,Sim,2,Não,1,1,0,0,Não,Não realizado,Sim,Bicicleta,Sim,Não
Colisão,2022-01-04,04:30,Centro,"-25.426182, -49.281146",Chuva / Noite,Seca,Não,Sim,Sim,Sim,3,Não,1,1,0,0,Não,Não realizado,Sim,Bicicleta,Sim,Não
Queda de moto,2011-10-18,07:45,Centro,"-25.439954, -49.278359",Chuva / Dia,Seca,Sim,Não,Sim,Não,1,Não,1,4,3,0,Sim,Positivo,Sim,Moto,Não,Não
Colisão,2011-05-26,03:45,Centro,"-25.419250, -49.265606",Chuva / Noite,Escorregadia,Não,Não,Sim,Não,1,Não,1,4,2,0,Sim,Negativo,Sim,Moto,Não,Não
Colisão,2012-06-26,15:00,Oeste,"-25.418703, -49.326630",Seco / Dia,Molhada,Sim,Não,Sim,Sim,3,Sim,3,3,2,0,Sim,Positivo,Sim,Carro,Não,Não
Capotamento,2007-09-12,00:00,Oeste,"-25.429268, -49.334651",Seco / Noite,Escorregadia,Sim,Não,Sim,Sim,2,Não,1,4,0,0,Não,Não realizado,Sim,Ônibus,Não,Não
Queda de moto,2016-11-27,09:45,Sul,"-25.471440, -49.285398",Seco / Dia,Escorregadia,Sim,Não,Não,Sim,2,Sim,4,1,0,0,Não,Não realizado,Sim,Ônibus,Não,Sim
Colisão,2018-05-23,20:30,Sul,"-25.449675, -49.313774",Chuva / Noite,Seca,Não,Não,Sim,Sim,3,Não,1,1,1,0,Sim,Positivo,Sim,Carro,Não,Não
Colisão,2015-03-13,11:15,Leste,"-25.424516, -49.245466",Chuva / Dia,Escorregadia,Não,Não,Sim,Não,1,Não,1,3,2,0,Sim,Positivo,Sim,Bicicleta,Não,Não
Queda de moto,2005-09-17,12:45,Leste,"-25.422915, -49.236931",Seco / Dia,Seca,Sim,Sim,Sim,Não,1,Sim,4,4,2,0,Não,Não realizado,Sim,Ônibus,Não,Não
Colisão,2011-09-11,02:15,Norte,"-25.384087, -49.286579",Chuva / Noite,Escorregadia,Sim,Sim,Não,Não,1,Não,1,2,2,0,Não,Não realizado,Sim,Bicicleta,Não,Não
Queda de moto,2022-07-19,03:00,Oeste,"-25.438949, -49.330360",Seco / Noite,Molhada,Não,Sim,Sim,Não,1,Sim,4,1,1,0,Sim,Negativo,Sim,Caminhão,Não,Não
Colisão,2015-08-21,19:30,Norte,"-25.388361, -49.266084",Seco / Noite,Escorregadia,Sim,Sim,Não,Não,1,Sim,5,1,0,0,Sim,Negativo,Não,Moto,Sim,Sim
Capotamento,2023-12-24,12:45,Leste,"-25.426337, -49.216076",Neblina / Dia,Escorregadia,Sim,Não,Sim,Sim,4,Não,1,1,1,0,Não,Não realizado,Sim,Bicicleta,Não,Não
Colisão,2023-01-26,23:30,Norte,"-25.383179, -49.267558",Seco / Noite,Molhada,Não,Não,Sim,Sim,4,Não,1,3,0,0,Não,Não realizado,Sim,Carro,Sim,Não
Colisão,2014-11-09,13:45,Oeste,"-25.435030, -49.317749",Seco / Dia,Escorregadia,Sim,Não,Sim,Sim,4,Sim,5,4,1,0,Não,Não realizado,Sim,Moto,Não,Não
Colisão,2022-08-07,12:15,Sul,"-25.459129, -49.318831",Seco / Dia,Molhada,Sim,Não,Sim,Sim,2,Não,1,2,1,0,Sim,Positivo,Sim,Ônibus,Não,Não
Colisão,2005-10-15,09:15,Oeste,"-25.418127, -49.321991",Seco / Dia,Molhada,Sim,Não,Sim,Não,1,Sim,2,1,1,0,Sim,Negativo,Sim,Carro,Sim,Não
Colisão,2009-03-21,04:45,Norte,"-25.408429, -49.240642",Chuva / Noite,Molhada,Não,Sim,Sim,Sim,3,Não,1,2,0,0,Não,Não realizado,Sim,Ônibus,Não,Não
Colisão,2006-06-05,10:30,Leste,"-25.435333, -49.217974",Seco / Dia,Molhada,Sim,Sim,Não,Sim,3,Não,1,2,2,0,Não,Não realizado,Sim,Bicicleta,Não,Não
Atropelamento,2023-03-10,05:15,Leste,"-25.414109, -49.246928",Seco / Noite,Escorregadia,Não,Sim,Não,Não,1,Não,1,3,1,0,Não,Não realizado,Sim,Bicicleta,Sim,Não