TIPO DE ACIDENTE,DATA,HORA,REGIÃO,COORDENADA GEOGRÁFICA,SITUAÇÃO CLIMÁTICA/LUMINOSIDADE,CONDIÇÕES DA SUPERFÍCIE DE ROLAMENTO,POSSUI SINALIZAÇÃO HORIZONTAL,POSSUI SINALIZAÇÃO VERTICAL,PRÓXIMO A EQUIPO ELETRÔNICO,HOUVE OUTROS VEÍCULOS ENVOLVIDOS,QUANTOS VEÍCULOS,HAVIA OUTROS OCUPANTES NO VEÍCULO,QUANTOS OCUPANTES,ENVOLVIDOS,FERIDOS,ÓBITOS,FOI REALIZADO O TESTE DE BAFÔMETRO,QUAL O RESULTADO,POSSUI HABILITAÇÃO,VEÍCULO TIPO,HOUVE DANOS AO PATRIMÔNIO PÚBLICO?,HOUVE DANOS AO MEIO AMBIENTE?
Queda de moto,2019-01-01,15:30,Leste,"-25.439856, -49.240544",Chuva / Dia,Seca,Sim,Sim,Não,Sim,4,Sim,3,2,1,0,Não,Não realizado,Sim,Moto,Não,Não
Colisão,2010-06-07,07:45,Oeste,"-25.422520, -49.322099",Chuva / Dia,Escorregadia,Sim,Não,Sim,Não,1,Sim,2,1,1,0,Sim,Negativo,Não,Carro,Não,Sim
Atropelamento,2014-03-24,03:15,Leste,"-25.427468, -49.225858",Seco / Noite,Molhada,Não,Sim,Não,Não,1,Não,1,4,0,0,Não,Não realizado,Sim,Moto,Sim,Não
Atropelamento,2024-06-21,00:00,Oeste,"-25.437285, -49.329221",Seco / Noite,Escorregadia,Não,Não,Não,Não,1,Sim,2,5,4,0,Sim,Positivo,Sim,Caminhão,Sim,Não
Colisão,2016-10-18,09:45,Centro,"-25.433953, -49.266346",Seco / Dia,Molhada,Sim,Não,Sim,Não,1,Não,1,1,0,0,Não,Não realizado,Sim,Carro,Sim,Não
Queda de moto,2006-05-16,05:30,Leste,"-25.439941, -49.207431",Chuva / Noite,Seca,Não,Não,Sim,Não,1,Sim,2,2,2,0,Não,Não realizado,Sim,Bicicleta,Não,Não
Atropelamento,2023-02-08,22:00,Norte,"-25.394690, -49.270951",Seco / Noite,Seca,Sim,Não,Não,Sim,3,Não,1,3,3,0,Não,Não realizado,Sim,Bicicleta,Sim,Não
Queda de moto,2018-10-22,05:30,Norte,"-25.403528, -49.261276",Seco / Noite,Molhada,Sim,Não,Sim,Não,1,Não,1,1,0,0,Não,Não realizado,Sim,Bicicleta,Não,Não
Colisão,2017-10-25,04:15,Oeste,"-25.417466, -49.339767",Neblina / Noite,Escorregadia,Sim,Sim,Não,Sim,3,Não,1,4,2,0,Não,Não realizado,Não,Ônibus,Não,Não
Atropelamento,2010-02-22,06:00,Norte,"-25.400357, -49.287985",Seco / Dia,Molhada,Não,Sim,Sim,Sim,2,Sim,3,2,0,0,Sim,Negativo,Sim,Bicicleta,Não,Não
Colisão,2023-09-12,00:00,Centro,"-25.426134, -49.266798",Seco / Noite,Seca,Não,Não,Sim,Não,1,Não,1,1,0,0,Sim,Negativo,Sim,Ônibus,Não,Não
Colisão,2021-04-11,20:15,Sul,"-25.462300, -49.305525",Seco / Noite,Seca,Sim,Sim,Sim,Sim,3,Sim,2,2,0,0,Não,Não realizado,Sim,Moto,Não,Não
Colisão,2023-11-13,19:45,Oeste,"-25.427177, -49.333163",Chuva / Noite,Molhada,Não,Não,Sim,Não,1,Não,1,3,2,0,Não,Não realizado,Sim,Ônibus,Sim,Não
Colisão,2015-01-05,01:30,Norte,"-25.386385, -49.249309",Seco / Noite,Escorregadia,Não,Não,Não,Não,1,Não,1,1,1,1,Não,Não realizado,Sim,Bicicleta,Não,Não
Colisão,2015-02-16,14:30,Oeste,"-25.427218, -49.324972",Chuva / Dia,Escorregadia,Sim,Não,Sim,Não,1,Sim,5,2,2,0,Sim,Positivo,Sim,Moto,Não,Sim
Colisão,2023-03-19,17:30,Leste,"-25.410933, -49.243702",Seco / Dia,Molhada,Sim,Não,Sim,Não,1,Não,1,1,1,0,Não,Não realizado,Sim,Bicicleta,Não,Não
Capotamento,2016-12-14,23:30,Oeste,"-25.426303, -49.328783",Seco / Noite,Escorregadia,Não,Não,Sim,Sim,4,Não,1,5,5,0,Não,Não realizado,Sim,Moto,Sim,Não
Capotamento,2005-04-20,16:30,Sul,"-25.466574, -49.295635",Chuva / Dia,Seca,Não,Não,Não,Sim,3,Não,1,5,4,0,Não,Não realizado,Sim,Bicicleta,Não,Não
Atropelamento,2022-10-11,16:30,Leste,"-25.430733, -49.203112",Seco / Dia,Seca,Não,Sim,Não,Sim,4,Não,1,2,2,0,Não,Não realizado,Sim,Carro,Não,Não
Colisão,2012-07-28,10:45,Sul,"-25.453382, -49.315054",Seco / Dia,Escorregadia,Sim,Sim,Não,Sim,4,Não,1,1,1,0,Não,Não realizado,Sim,Ônibus,Não,Não
Colisão,2014-02-05,11:30,Norte,"-25.402466, -49.280416",Chuva / Dia,Seca,Sim,Sim,Sim,Não,1,Não,1,1,1,0,Sim,Negativo,Sim,Moto,Sim,Não
Atropelamento,2023-10-16,12:45,Centro,"-25.422067, -49.283501",Seco / Dia,Molhada,Não,Sim,Sim,Sim,3,Sim,4,2,1,0,Não,Não realizado,Não,Caminhão,Sim,Não
Colisão,2010-03-05,12:00,Norte,"-25.386113, -49.259807",Seco / Dia,Molhada,Não,Sim,Sim,Sim,4,Sim,5,3,2,0,Sim,Negativo,Sim,Carro,Não,Não
Colisão,2014-09-15,15:15,Oeste,"-25.427661, -49.314222",Chuva / Dia,Seca,Sim,Sim,Sim,Sim,3,Não,1,1,1,0,Não,Não realizado,Sim,Carro,Sim,Não
Colisão,2021-07-15,11:45,Sul,"-25.450984, -49.283699",Neblina / Dia,Escorregadia,Sim,Sim,Sim,Não,1,Sim,2,3,1,0,Não,Não realizado,Sim,Ônibus,Não,Não
Atropelamento,2012-02-23,01:15,Oeste,"-25.421133, -49.322908",Chuva / Noite,Molhada,Sim,Sim,Sim,Não,1,Não,1,3,2,0,Sim,Negativo,Sim,Bicicleta,Sim,Não
Colisão,2019-06-08,01:30,Centro,"-25.431854, -49.269139",Seco / Noite,Molhada,Não,Não,Sim,Não,1,Não,1,4,0,0,Sim,Negativo,Sim,Bicicleta,Não,Não
Queda de moto,2019-04-22,02:45,Leste,"-25.427953, -49.232946",Seco / Noite,Molhada,Não,Não,Sim,Não,1,Sim,5,1,1,0,Não,Não realizado,Sim,Moto,Sim,Não
Queda de moto,2021-08-12,19:00,Oeste,"-25.417710, -49.332671",Seco / Noite,Molhada,Não,Sim,Sim,Sim,3,Sim,2,3,3,0,Não,Não realizado,Sim,Ônibus,Sim,Não
Queda de moto,2010-05-06,13:30,Oeste,"-25.425495, -49.313101",Seco / Dia,Seca,Sim,Sim,Não,Não,1,Sim,2,4,0,0,Não,Não realizado,Sim,Ônibus,Sim,Não
Queda de moto,2005-03-09,11:30,Sul,"-25.471739, -49.288635",Seco / Dia,Seca,Sim,Sim,Sim,Não,1,Não,1,5,0,0,Não,Não realizado,Sim,Moto,Não,Não
Colisão,2017-01-09,03:00,Leste,"-25.410690, -49.248285",Seco / Noite,Seca,Não,Não,Sim,Sim,4,Não,1,1,1,0,Sim,Positivo,Sim,Bicicleta,Sim,Não
Colisão,2008-01-21,00:15,Sul,"-25.441159, -49.306064",Seco / Noite,Molhada,Não,Não,Não,Não,1,Sim,5,2,1,0,Sim,Positivo,Sim,Bicicleta,Não,Não
Atropelamento,2006-02-08,22:15,Leste,"-25.426872, -49.200164",Seco / Noite,Molhada,Não,Não,Não,Sim,2,Não,1,5,0,0,Não,Não realizado,Sim,Bicicleta,Sim,Não
Colisão,2005-09-28,10:15,Sul,"-25.469750, -49.306489",Seco / Dia,Seca,Não,Sim,Sim,Sim,2,Sim,5,3,0,0,Não,Não realizado,Sim,Moto,Não,Não
Colisão,2014-09-29,08:15,Leste,"-25.430336, -49.214470",Seco / Dia,Seca,Sim,Não,Não,Sim,2,Sim,4,3,3,0,Não,Não realizado,Sim,Carro,Não,Não
Atropelamento,2015-04-04,05:00,Centro,"-25.410190, -49.270485",Seco / Noite,Seca,Não,Não,Sim,Sim,4,Não,1,4,0,0,Não,Não realizado,Sim,Ônibus,Não,Não
Colisão,2024-09-02,15:15,Sul,"-25.472720, -49.316499",Seco / Dia,Seca,Não,Sim,Sim,Sim,2,Sim,5,3,1,0,Não,Não realizado,Sim,Bicicleta,Não,Não
Colisão,2014-04-30,18:45,Oeste,"-25.437442, -49.311938",Chuva / Dia,Escorregadia,Sim,Sim,Não,Não,1,Não,1,1,0,0,Não,Não realizado,Sim,Ônibus,Sim,Não
Colisão,2007-04-16,20:30,Leste,"-25.429967, -49.234678",Chuva / Noite,Escorregadia,Sim,Não,Não,Sim,2,Sim,2,1,1,0,Não,Não realizado,Não,Carro,Não,Não
Colisão,2023-03-10,07:45,Leste,"-25.437963, -49.234220",Seco / Dia,Molhada,Sim,Não,Sim,Sim,3,Não,1,2,1,0,Não,Não realizado,Sim,Bicicleta,Não,Sim
Colisão,2025-10-10,08:45,Leste,"-25.425214, -49.237845",Seco / Dia,Seca,Não,Não,Sim,Sim,4,Não,1,3,0,0,Não,Não realizado,Sim,Carro,Sim,Não
Colisão,2008-07-01,11:15,Norte,"-25.383592, -49.270092",Seco / Dia,Molhada,Não,Sim,Sim,Não,1,Sim,4,1,1,0,Não,Não realizado,Sim,Moto,Não,Não
Colisão,2022-09-05,08:30,Leste,"-25.425527, -49.229780",Chuva / Dia,Molhada,Sim,Sim,Não,Não,1,Sim,5,1,1,0,Sim,Positivo,Sim,Carro,Sim,Não
Colisão,2015-09-08,21:45,Sul,"-25.473932, -49.317764",Seco / Noite,Escorregadia,Não,Não,Sim,Sim,3,Sim,5,3,2,0,Não,Não realizado,Sim,Ônibus,Sim,Não
Colisão,2023-04-27,11:45,Norte,"-25.401184, -49.250556",Seco / Dia,Molhada,Não,Sim,Não,Sim,4,Não,1,2,0,0,Não,Não realizado,Sim,Moto,Sim,Não
Colisão,2009-07-05,06:00,Centro,"-25.428817, -49.287726",Seco / Dia,Seca,Sim,Sim,Não,Sim,4,Sim,3,2,2,0,Não,Não realizado,Sim,Ônibus,Sim,Não
Atropelamento,2013-01-17,07:30,Norte,"-25.382956, -49.259187",Chuva / Dia,Escorregadia,Não,Não,Não,Não,1,Não,1,4,0,0,Sim,Positivo,Não,Caminhão,Não,Não
Colisão,2017-05-13,23:15,Sul,"-25.473092, -49.299702",Seco / Noite,Escorregadia,Não,Sim,Não,Não,1,Não,1,1,0,0,Não,Não realizado,Sim,Moto,Sim,Não
Queda de moto,2006-07-04,12:45,Centro,"-25.432419, -49.278742",Seco / Dia,Molhada,Não,Sim,Sim,Não,1,Não,1,1,1,0,Sim,Positivo,Sim,Caminhão,Não,Não
Colisão,2021-01-04,23:30,Centro,"-25.413826, -49.286710",Seco / Noite,Molhada,Não,Não,Sim,Não,1,Não,1,1,1,0,Não,Não realizado,Sim,Caminhão,Sim,Não
Colisão,2020-01-31,02:15,Norte,"-25.380225, -49.243267",Seco / Noite,Escorregadia,Sim,Não,Sim,Não,1,Não,1,1,1,0,Não,Não realizado,Sim,Moto,Não,Não
Colisão,2012-07-11,02:15,Centro,"-25.415023, -49.285018",Chuva / Noite,Seca,Sim,Não,Sim,Sim,4,Não,1,5,1,0,Não,Não realizado,Sim,Ônibus,Não,Não
Queda de moto,2014-03-04,07:00,Norte,"-25.386780, -49.247594",Seco / Dia,Escorregadia,Não,Não,Sim,Não,1,Não,1,4,0,0,Não,Não realizado,Sim,Bicicleta,Não,Não
Colisão,2022-12-28,01:00,Leste,"-25.424241, -49.218225",Chuva / Noite,Escorregadia,Sim,Não,Sim,Não,1,Não,1,3,2,0,Não,Não realizado,Sim,Ônibus,Sim,Não
Colisão,2022-09-23,08:45,Leste,"-25.419444, -49.234946",Seco / Dia,Molhada,Não,Não,Não,Sim,2,Não,1,1,1,0,Não,Não realizado,Sim,Moto,Não,Não
Colisão,2012-05-08,11:45,Centro,"-25.424053, -49.273675",Seco / Dia,Escorregadia,Sim,Sim,Não,Sim,3,Sim,4,2,1,0,Sim,Negativo,Sim,Ônibus,Não,Não
Colisão,2025-08-20,10:45,Centro,"-25.420744, -49.270864",Chuva / Dia,Molhada,Não,Não,Não,Sim,2,Não,1,1,1,0,Não,Não realizado,Sim,Carro,Não,Não
Queda de moto,2005-12-27,04:00,Leste,"-25.412661, -49.209950",Seco / Noite,Molhada,Não,Não,Não,Sim,2,Sim,4,2,0,0,Não,Não realizado,Não,Caminhão,Sim,Não
Queda de moto,2010-01-25,21:30,Sul,"-25.474431, -49.294387",Seco / Noite,Seca,Sim,Não,Sim,Sim,3,Sim,4,1,0,0,Sim,Positivo,Sim,Ônibus,Sim,Não
Atropelamento,2021-01-21,07:15,Centro,"-25.410574, -49.288015",Seco / Dia,Molhada,Não,Não,Não,Sim,3,Sim,5,4,0,0,Não,Não realizado,Sim,Moto,Sim,Não
Atropelamento,2024-03-10,09:30,Norte,"-25.387081, -49.282335",Seco / Dia,Escorregadia,Não,Sim,Sim,Não,1,Sim,4,2,2,0,Não,Não realizado,Sim,Bicicleta,Não,Não
Colisão,2013-02-04,23:30,Sul,"-25.468751, -49.289435",Chuva / Noite,Escorregadia,Não,Não,Sim,Sim,2,Sim,4,1,1,0,Não,Não realizado,Não,Bicicleta,Não,Não
Colisão,2015-12-04,08:15,Centro,"-25.410183, -49.267436",Seco / Dia,Seca,Não,Não,Não,Não,1,Sim,2,1,1,0,Não,Não realizado,Sim,Bicicleta,Sim,Não
Atropelamento,2014-07-26,01:00,Oeste,"-25.439439, -49.307115",Seco / Noite,Seca,Não,Não,Sim,Sim,3,Não,1,2,2,0,Não,Não realizado,Sim,Bicicleta,Não,Não
Colisão,2010-06-09,15:45,Oeste,"-25.433287, -49.301620",Seco / Dia,Molhada,Sim,Sim,Sim,Não,1,Sim,4,1,1,0,Sim,Negativo,Sim,Bicicleta,Não,Não
Atropelamento,2006-07-01,20:45,Oeste,"-25.427585, -49.321876",Seco / Noite,Escorregadia,Não,Sim,Sim,Sim,4,Não,1,3,2,0,Não,Não realizado,Sim,Caminhão,Não,Não
Colisão,2017-10-25,07:45,Oeste,"-25.427774, -49.306909",Seco / Dia,Seca,Sim,Não,Sim,Sim,2,Sim,3,2,1,0,Não,Não realizado,Sim,Caminhão,Não,Não
Colisão,2012-04-17,08:15,Sul,"-25.455605, -49.283959",Neblina / Dia,Escorregadia,Não,Não,Sim,Sim,2,Não,1,1,1,0,Não,Não realizado,Sim,Moto,Sim,Não
Atropelamento,2015-09-04,05:15,Oeste,"-25.421849, -49.300799",Seco / Noite,Seca,Sim,Sim,Sim,Não,1,Não,1,3,1,0,Não,Não realizado,Sim,Moto,Não,Não
Colisão,2017-08-28,16:00,Sul,"-25.474218, -49.283486",Seco / Dia,Escorregadia,Sim,Não,Sim,Não,1,Sim,3,2,0,0,Não,Não realizado,Sim,Ônibus,Não,Não
Colisão,2013-03-08,13:00,Leste,"-25.413788, -49.249461",Seco / Dia,Seca,Sim,Não,Sim,Não,1,Não,1,1,1,0,Sim,Positivo,Sim,Ônibus,Sim,Não
Capotamento,2018-04-23,10:00,Oeste,"-25.421996, -49.314407",Seco / Dia,Molhada,Não,Sim,Sim,Sim,3,Não,1,3,3,0,Não,Não realizado,Sim,Bicicleta,Não,Não
Capotamento,2012-04-19,21:30,Leste,"-25.417824, -49.212070",Chuva / Noite,Molhada,Não,Sim,Não,Não,1,Não,1,1,0,0,Não,Não realizado,Sim,Carro,Sim,Sim
Colisão,2023-08-09,07:30,Leste,"-25.439801, -49.241597",Chuva / Dia,Seca,Sim,Não,Não,Não,1,Sim,3,1,1,0,Não,Não realizado,Sim,Ônibus,Não,Não
Atropelamento,2009-08-24,19:45,Oeste,"-25.432950, -49.300698",Chuva / Noite,Seca,Não,Sim,Sim,Sim,2,Não,1,5,0,0,Não,Não realizado,Sim,Caminhão,Sim,Não
Queda de moto,2006-05-04,08:00,Centro,"-25.437866, -49.288863",Seco / Dia,Molhada,Sim,Não,Não,Não,1,Sim,2,4,0,0,Sim,Negativo,Não,Carro,Não,Não
Colisão,2013-10-13,11:45,Sul,"-25.461189, -49.300657",Seco / Dia,Seca,Não,Sim,Sim,Sim,4,Não,1,1,0,0,Sim,Negativo,Sim,Ônibus,Sim,Não
Atropelamento,2013-06-01,04:30,Leste,"-25.416077, -49.227835",Seco / Noite,Molhada,Sim,Sim,Sim,Não,1,Sim,3,2,1,0,Sim,Negativo,Sim,Bicicleta,Não,Não
Capotamento,2007-06-14,04:30,Sul,"-25.445797, -49.305429",Seco / Noite,Escorregadia,Sim,Não,Sim,Sim,4,Sim,2,3,3,0,Não,Não realizado,Sim,Carro,Não,Sim
Colisão,2025-07-08,12:45,Oeste,"-25.434654, -49.331366",Seco / Dia,Escorregadia,Não,Sim,Não,Sim,3,Não,1,1,0,0,Não,Não realizado,Sim,Carro,Não,Não
Queda de moto,2020-10-12,04:45,Centro,"-25.432608, -49.276926",Chuva / Noite,Molhada,Não,Sim,Sim,Sim,2,Não,1,5,4,0,Não,Não realizado,Sim,Caminhão,Sim,Não
Capotamento,2008-05-01,21:00,Sul,"-25.473608, -49.312274",Seco / Noite,Escorregadia,Não,Não,Sim,Sim,2,Não,1,4,0,0,Sim,Negativo,Sim,Ônibus,Não,Não
Capotamento,2024-05-11,01:45,Oeste,"-25.421718, -49.329148",Chuva / Noite,Molhada,Não,Não,Não,Sim,4,Sim,3,2,0,0,Não,Não realizado,Sim,Ônibus,Sim,Não
Queda de moto,2017-03-07,09:00,Sul,"-25.455394, -49.284977",Neblina / Dia,Molhada,Sim,Sim,Não,Não,1,Sim,3,2,0,0,Não,Não realizado,Sim,Moto,Não,Não
Colisão,2016-07-07,04:00,Leste,"-25.425833, -49.225636",Seco / Noite,Escorregadia,Sim,Não,Não,Sim,4,Sim,4,1,1,0,Não,Não realizado,Sim,Bicicleta,Não,Sim
Colisão,2019-05-16,21:00,Centro,"-25.414821, -49.272383",Neblina / Noite,Seca,Sim,Sim,Sim,Sim,3,Não,1,1,1,0,Não,Não realizado,Sim,Bicicleta,Não,Não
Queda de moto,2024-09-04,00:15,Centro,"-25.412076, -49.281699",Chuva / Noite,Molhada,Sim,Sim,Sim,Sim,4,Sim,4,2,0,0,Sim,Negativo,Sim,Ônibus,Sim,Não
Colisão,2018-07-10,02:45,Sul,"-25.464809, -49.317244",Chuva / Noite,Molhada,Sim,Não,Sim,Sim,2,Sim,5,1,0,0,Sim,Negativo,Sim,Bicicleta,Não,Não
Capotamento,2006-09-16,12:15,Leste,"-25.435400, -49.237481",Seco / Dia,Escorregadia,Não,Sim,Sim,Não,1,Sim,2,1,1,0,Sim,Positivo,Sim,Carro,Não,Não
Queda de moto,2025-06-05,10:00,Leste,"-25.427898, -49.211429",Seco / Dia,Escorregadia,Não,Sim,Sim,Não,1,Não,1,2,0,0,Sim,Positivo,Sim,Caminhão,Não,Não
Atropelamento,2022-09-17,09:00,Sul,"-25.465945, -49.295454",Seco / Dia,Molhada,Sim,Não,Sim,Não,1,Sim,3,3,3,1,Não,Não realizado,Sim,Ônibus,Sim,Não
Capotamento,2021-01-17,01:15,Norte,"-25.393449, -49.289660",Seco / Noite,Molhada,Sim,Não,Não,Não,1,Não,1,1,1,0,Não,Não realizado,Sim,Bicicleta,Não,Não
Colisão,2012-03-31,04:15,Sul,"-25.468412, -49.299399",Seco / Noite,Escorregadia,Sim,Sim,Sim,Não,1,Sim,3,2,2,0,Sim,Negativo,Sim,Bicicleta,Sim,Não
Capotamento,2008-05-10,03:45,Sul,"-25.453155, -49.281657",Seco / Noite,Molhada,Sim,Não,Não,Sim,3,Não,1,3,3,0,Não,Não realizado,Sim,Moto,Não,Não
Colisão,2022-05-29,10:00,Norte,"-25.384015, -49.282668",Chuva / Dia,Escorregadia,Não,Não,Sim,Não,1,Sim,3,1,0,0,Sim,Negativo,Sim,Caminhão,Sim,Não
Colisão,2008-12-01,15:15,Leste,"-25.433270, -49.237284",Seco / Dia,Seca,Não,Sim,Sim,Sim,3,Não,1,2,2,0,Sim,Negativo,Sim,Carro,Sim,Não
Queda de moto,2006-01-09,22:30,Oeste,"-25.411869, -49.332566",Neblina / Noite,Seca,Sim,Não,Sim,Não,1,Não,1,3,0,0,Não,Não realizado,Sim,Carro,Não,Não
Colisão,2009-10-28,12:45,Norte,"-25.394304, -49.254859",Seco / Dia,Molhada,Não,Sim,Sim,Não,1,Não,1,1,0,0,Não,Não realizado,Não,Carro,Sim,Não
Colisão,2017-03-23,10:00,Oeste,"-25.420168, -49.330161",Seco / Dia,Escorregadia,Não,Sim,Sim,Não,1,Não,1,2,1,0,Sim,Positivo,Sim,Carro,Sim,Não
Colisão,2018-08-27,15:45,Sul,"-25.472387, -49.319326",Chuva / Dia,Escorregadia,Sim,Sim,Não,Sim,2,Sim,5,1,0,0,Sim,Negativo,Sim,Bicicleta,Não,Não
Colisão,2008-03-15,02:30,Sul,"-25.445082, -49.311258",Seco / Noite,Molhada,Não,Sim,Sim,Não,1,Não,1,3,0,0,Não,Não realizado,Sim,Carro,Sim,Não
Colisão,2024-01-25,13:15,Sul,"-25.451714, -49.303470",Chuva / Dia,Molhada,Sim,Sim,Sim,Sim,2,Não,1,2,1,0,Não,Não realizado,Sim,Caminhão,Sim,Não
Colisão,2021-12-11,09:15,Centro,"-25.421502, -49.265113",Seco / Dia,Seca,Não,Não,Não,Não,1,Sim,3,1,1,0,Sim,Negativo,Sim,Bicicleta,Sim,Não
Colisão,2012-03-04,22:30,Centro,"-25.415603, -49.265973",Seco / Noite,Molhada,Não,Não,Sim,Sim,4,Não,1,3,0,0,Sim,Positivo,Sim,Carro,Sim,Não
Colisão,2023-07-05,11:30,Centro,"-25.422056, -49.282928",Chuva / Dia,Seca,Não,Sim,Não,Sim,4,Não,1,4,4,0,Não,Não realizado,Sim,Bicicleta,Não,Não
Colisão,2022-06-03,16:45,Leste,"-25.417080, -49.222959",Chuva / Dia,Molhada,Não,Sim,Não,Não,1,Não,1,1,1,0,Sim,Positivo,Sim,Moto,Não,Não
Colisão,2015-02-22,00:00,Sul,"-25.474584, -49.288288",Seco / Noite,Seca,Não,Sim,Sim,Não,1,Sim,2,2,1,0,Sim,Negativo,Não,Carro,Sim,Não
Colisão,2010-08-13,18:00,Norte,"-25.409198, -49.289376",Chuva / Dia,Molhada,Não,Sim,Sim,Não,1,Não,1,2,0,0,Não,Não realizado,Sim,Bicicleta,Sim,Não
Colisão,2018-01-16,00:00,Oeste,"-25.428805, -49.303034",Seco / Noite,Molhada,Sim,Não,Sim,Sim,2,Sim,3,1,1,0,Sim,Positivo,Sim,Ônibus,Não,Não
Capotamento,2016-10-26,05:15,Sul,"-25.460295, -49.293279",Seco / Noite,Molhada,Sim,Não,Não,Não,1,Não,1,4,2,0,Não,Não realizado,Sim,Caminhão,Sim,Não
Colisão,2024-01-29,01:00,Norte,"-25.384993, -49.254487",Chuva / Noite,Seca,Sim,Sim,Sim,Sim,4,Não,1,2,2,0,Sim,Positivo,Sim,Moto,Sim,Não
Colisão,2021-01-23,08:00,Norte,"-25.381419, -49.286176",Seco / Dia,Seca,Sim,Não,Sim,Não,1,Não,1,2,0,0,Não,Não realizado,Sim,Ônibus,Sim,Não
Colisão,2006-03-25,07:00,Sul,"-25.459488, -49.294277",Seco / Dia,Seca,Sim,Não,Sim,Não,1,Sim,2,1,0,0,Não,Não realizado,Sim,Carro,Sim,Não
Colisão,2019-01-11,23:00,Centro,"-25.410686, -49.282703",Seco / Noite,Escorregadia,Sim,Sim,Não,Não,1,Não,1,1,1,0,Não,Não realizado,Sim,Carro,Sim,Não
Capotamento,2005-10-18,21:45,Sul,"-25.478988, -49.286880",Seco / Noite,Escorregadia,Sim,Sim,Não,Não,1,Não,1,5,4,0,Sim,Negativo,Sim,Ônibus,Não,Não
Colisão,2023-10-15,20:15,Sul,"-25.446981, -49.299888",Seco / Noite,Molhada,Sim,Sim,Sim,Sim,4,Sim,5,2,2,0,Não,Não realizado,Sim,Ônibus,Não,Não
Queda de moto,2016-12-01,23:15,Oeste,"-25.436935, -49.301646",Seco / Noite,Molhada,Não,Não,Não,Não,1,Não,1,3,2,0,Não,Não realizado,Não,Carro,Não,Não
Queda de moto,2013-03-15,19:30,Centro,"-25.413162, -49.286661",Seco / Noite,Escorregadia,Não,Sim,Sim,Não,1,Não,1,1,1,0,Não,Não realizado,Sim,Bicicleta,Sim,Não
Atropelamento,2018-09-13,08:15,Norte,"-25.402582, -49.264063",Chuva / Dia,Seca,Não,Sim,Não,Sim,3,Não,1,3,1,0,Sim,Positivo,Sim,Moto,Sim,Não
Colisão,2005-06-04,10:45,Centro,"-25.421944, -49.273405",Seco / Dia,Seca,Sim,Não,Sim,Sim,4,Não,1,3,3,0,Não,Não realizado,Sim,Ônibus,Sim,Não
Colisão,2018-08-05,13:30,Centro,"-25.413147, -49.266292",Chuva / Dia,Escorregadia,Não,Sim,Não,Não,1,Sim,4,1,1,0,Não,Não realizado,Sim,Bicicleta,Sim,Não
Atropelamento,2007-06-22,15:45,Oeste,"-25.428804, -49.301943",Seco / Dia,Seca,Não,Sim,Sim,Sim,3,Sim,3,5,5,0,Sim,Positivo,Sim,Moto,Não,Não
Atropelamento,2006-01-01,09:30,Norte,"-25.387807, -49.265857",Seco / Dia,Seca,Sim,Não,Não,Sim,4,Não,1,2,0,0,Não,Não realizado,Sim,Carro,Não,Não
Atropelamento,2018-02-18,20:15,Norte,"-25.384052, -49.249755",Seco / Noite,Molhada,Não,Não,Sim,Sim,4,Não,1,4,0,0,Não,Não realizado,Sim,Moto,Sim,Não
Colisão,2018-03-17,08:00,Oeste,"-25.431466, -49.315211",Chuva / Dia,Molhada,Sim,Não,Não,Não,1,Sim,2,5,3,0,Sim,Negativo,Sim,Ônibus,Não,Não
Colisão,2008-04-05,21:15,Centro,"-25.439139, -49.289605",Chuva / Noite,Molhada,Não,Não,Sim,Não,1,Não,1,3,0,0,Sim,Negativo,Sim,Caminhão,Não,Não
Queda de moto,2014-07-07,19:30,Norte,"-25.382209, -49.275947",Seco / Noite,Seca,Sim,Sim,Sim,Não,1,Sim,5,1,0,0,Não,Não realizado,Sim,Bicicleta,Sim,Não
Capotamento,2025-05-01,15:45,Leste,"-25.421421, -49.238904",Seco / Dia,Seca,Não,Não,Sim,Sim,2,Sim,3,3,2,0,Não,Não realizado,Sim,Ônibus,Sim,Não
Atropelamento,2008-04-02,14:30,Leste,"-25.416743, -49.224057",Seco / Dia,Seca,Não,Não,Não,Não,1,Sim,3,4,0,0,Não,Não realizado,Sim,Caminhão,Sim,Não
Colisão,2024-01-24,12:15,Leste,"-25.419678, -49.230847",Seco / Dia,Escorregadia,Sim,Não,Não,Sim,2,Não,1,1,0,0,Não,Não realizado,Sim,Moto,Não,Não
Atropelamento,2010-09-27,07:30,Oeste,"-25.410027, -49.306597",Seco / Dia,Escorregadia,Não,Não,Não,Sim,2,Sim,3,5,0,0,Não,Não realizado,Sim,Bicicleta,Não,Não
Atropelamento,2022-07-17,00:45,Norte,"-25.381327, -49.248095",Seco / Noite,Seca,Sim,Sim,Sim,Não,1,Sim,3,3,2,1,Sim,Positivo,Sim,Ônibus,Sim,Não
Atropelamento,2024-12-14,23:15,Leste,"-25.411647, -49.207215",Chuva / Noite,Molhada,Não,Sim,Sim,Sim,4,Sim,3,2,0,0,Sim,Negativo,Não,Carro,Não,Não
Colisão,2007-07-02,20:45,Sul,"-25.471872, -49.291483",Chuva / Noite,Escorregadia,Sim,Não,Sim,Não,1,Sim,4,1,1,0,Sim,Negativo,Sim,Moto,Não,Não