TIPO DE ACIDENTE,DATA,HORA,REGIÃO,COORDENADA GEOGRÁFICA,SITUAÇÃO CLIMÁTICA/LUMINOSIDADE,CONDIÇÕES DA SUPERFÍCIE DE ROLAMENTO,POSSUI SINALIZAÇÃO HORIZONTAL,POSSUI SINALIZAÇÃO VERTICAL,PRÓXIMO A EQUIPO ELETRÔNICO,HOUVE OUTROS VEÍCULOS ENVOLVIDOS,QUANTOS VEÍCULOS,HAVIA OUTROS OCUPANTES NO VEÍCULO,QUANTOS OCUPANTES,ENVOLVIDOS,FERIDOS,ÓBITOS,FOI REALIZADO O TESTE DE BAFÔMETRO,QUAL O RESULTADO,POSSUI HABILITAÇÃO,VEÍCULO TIPO,HOUVE DANOS AO PATRIMÔNIO PÚBLICO?,HOUVE DANOS AO MEIO AMBIENTE?
Atropelamento,2009-11-10,00:00,Norte,"-25.393300, -49.266336",Chuva / Noite,Molhada,Sim,Não,Não,Não,1,Não,1,4,3,0,Não,Não realizado,Sim,Caminhão,Sim,Não
Colisão,2007-09-29,13:00,Sul,"-25.448338, -49.302969",Seco / Dia,Molhada,Não,Não,Sim,Sim,3,Sim,4,1,1,0,Não,Não realizado,Sim,Bicicleta,Sim,Não
Queda de moto,2006-12-18,18:15,Sul,"-25.440578, -49.289195",Seco / Dia,Escorregadia,Sim,Não,Sim,Sim,2,Não,1,3,3,0,Sim,Negativo,Sim,Moto,Não,Não
Atropelamento,2006-07-01,15:15,Sul,"-25.457835, -49.319710",Seco / Dia,Molhada,Sim,Sim,Não,Não,1,Não,1,4,0,0,Não,Não realizado,Sim,Caminhão,Sim,Não
Colisão,2023-01-21,19:45,Sul,"-25.445744, -49.318067",Chuva / Noite,Molhada,Não,Não,Sim,Não,1,Sim,3,5,0,0,Não,Não realizado,Sim,Carro,Não,Não
Atropelamento,2017-03-22,04:00,Norte,"-25.391519, -49.252396",Seco / Noite,Escorregadia,Não,Sim,Sim,Sim,2,Não,1,4,0,0,Não,Não realizado,Sim,Bicicleta,Sim,Não
Atropelamento,2008-04-18,09:45,Norte,"-25.388067, -49.289638",Seco / Dia,Seca,Sim,Sim,Não,Sim,4,Não,1,5,0,0,Não,Não realizado,Sim,Bicicleta,Não,Não
Queda de moto,2020-10-27,11:15,Leste,"-25.415782, -49.248631",Seco / Dia,Seca,Sim,Sim,Não,Não,1,Sim,4,2,0,0,Não,Não realizado,Sim,Carro,Sim,Não
Colisão,2005-08-26,03:15,Oeste,"-25.437781, -49.311945",Chuva / Noite,Escorregadia,Não,Sim,Sim,Não,1,Sim,5,2,2,1,Não,Não realizado,Sim,Moto,Não,Não
Atropelamento,2020-09-05,09:45,Leste,"-25.421692, -49.209289",Seco / Dia,Seca,Sim,Sim,Não,Sim,2,Não,1,5,1,0,Sim,Positivo,Sim,Caminhão,Sim,Não
Colisão,2009-12-03,11:30,Norte,"-25.404683, -49.285567",Chuva / Dia,Escorregadia,Sim,Não,Não,Não,1,Sim,4,2,0,0,Sim,Positivo,Sim,Ônibus,Sim,Não
Colisão,2008-12-13,20:30,Norte,"-25.398973, -49.272920",Seco / Noite,Molhada,Não,Sim,Sim,Sim,3,Sim,2,3,0,0,Sim,Negativo,Sim,Bicicleta,Não,Não
Colisão,2012-07-27,21:00,Oeste,"-25.410312, -49.326236",Seco / Noite,Escorregadia,Não,Sim,Sim,Sim,4,Não,1,1,1,0,Sim,Positivo,Sim,Carro,Sim,Sim
Colisão,2018-12-17,17:45,Norte,"-25.385205, -49.275374",Seco / Dia,Molhada,Sim,Não,Sim,Sim,4,Não,1,2,1,0,Sim,Negativo,Sim,Caminhão,Não,Não
Colisão,2022-07-26,05:30,Centro,"-25.410362, -49.264858",Seco / Noite,Seca,Sim,Não,Sim,Não,1,Sim,2,5,2,0,Não,Não realizado,Sim,Moto,Não,Sim
Atropelamento,2009-12-27,14:00,Leste,"-25.416832, -49.238832",Seco / Dia,Escorregadia,Não,Não,Não,Sim,4,Não,1,5,5,0,Não,Não realizado,Sim,Carro,Sim,Não
Capotamento,2014-11-29,06:15,Sul,"-25.468497, -49.307539",Seco / Dia,Seca,Sim,Não,Não,Não,1,Não,1,1,0,0,Sim,Positivo,Não,Moto,Não,Não
Colisão,2012-08-21,04:00,Norte,"-25.393427, -49.273564",Seco / Noite,Seca,Não,Sim,Sim,Sim,4,Não,1,1,1,0,Não,Não realizado,Sim,Moto,Não,Não
Atropelamento,2021-07-10,00:15,Oeste,"-25.435996, -49.312233",Seco / Noite,Molhada,Não,Não,Não,Não,1,Sim,2,5,4,0,Não,Não realizado,Sim,Caminhão,Sim,Não
Colisão,2007-08-31,19:15,Norte,"-25.407235, -49.248295",Seco / Noite,Molhada,Não,Sim,Não,Sim,4,Sim,5,1,0,0,Não,Não realizado,Sim,Caminhão,Sim,Não
Colisão,2008-10-24,02:30,Centro,"-25.439642, -49.285480",Seco / Noite,Escorregadia,Sim,Não,Sim,Não,1,Não,1,1,1,0,Não,Não realizado,Sim,Ônibus,Não,Não
Colisão,2009-06-04,05:30,Centro,"-25.418664, -49.283378",Chuva / Noite,Molhada,Sim,Não,Sim,Sim,3,Sim,4,2,2,0,Não,Não realizado,Não,Caminhão,Sim,Não
Colisão,2021-08-01,17:15,Oeste,"-25.423919, -49.319689",Neblina / Dia,Seca,Não,Sim,Não,Não,1,Não,1,4,3,0,Sim,Positivo,Sim,Ônibus,Não,Não
Colisão,2021-08-28,00:45,Sul,"-25.449396, -49.298359",Seco / Noite,Escorregadia,Sim,Não,Sim,Não,1,Não,1,2,1,0,Não,Não realizado,Não,Bicicleta,Sim,Não
Atropelamento,2012-06-13,18:45,Sul,"-25.448537, -49.286491",Chuva / Dia,Molhada,Não,Sim,Não,Sim,2,Não,1,2,2,0,Não,Não realizado,Sim,Carro,Sim,Não
Colisão,2020-09-17,12:30,Oeste,"-25.425960, -49.322124",Chuva / Dia,Molhada,Sim,Não,Não,Sim,2,Não,1,1,1,0,Não,Não realizado,Sim,Ônibus,Não,Não
Atropelamento,2014-09-06,01:15,Centro,"-25.410793, -49.281988",Chuva / Noite,Escorregadia,Sim,Não,Sim,Não,1,Não,1,3,2,0,Não,Não realizado,Não,Moto,Não,Não
Capotamento,2014-07-01,09:00,Oeste,"-25.428240, -49.335547",Seco / Dia,Seca,Sim,Sim,Sim,Não,1,Não,1,3,2,0,Não,Não realizado,Sim,Caminhão,Sim,Não
Atropelamento,2005-06-30,05:15,Centro,"-25.415803, -49.283466",Seco / Noite,Molhada,Não,Não,Sim,Sim,4,Sim,5,5,0,0,Não,Não realizado,Sim,Carro,Não,Não
Colisão,2009-11-04,05:30,Sul,"-25.456590, -49.304734",Seco / Noite,Seca,Não,Não,Sim,Sim,4,Não,1,1,0,0,Não,Não realizado,Sim,Caminhão,Não,Não
Capotamento,2019-12-25,13:45,Oeste,"-25.410285, -49.302147",Chuva / Dia,Molhada,Não,Sim,Não,Não,1,Não,1,1,0,0,Não,Não realizado,Não,Carro,Sim,Não
Atropelamento,2017-01-16,08:15,Norte,"-25.399332, -49.257113",Seco / Dia,Molhada,Sim,Sim,Não,Sim,3,Não,1,5,5,0,Não,Não realizado,Sim,Bicicleta,Sim,Não
Capotamento,2011-07-29,20:00,Sul,"-25.440799, -49.310249",Seco / Noite,Escorregadia,Não,Sim,Sim,Sim,4,Sim,3,5,0,0,Sim,Positivo,Sim,Bicicleta,Não,Não
Colisão,2023-02-02,13:00,Norte,"-25.404194, -49.267393",Seco / Dia,Molhada,Sim,Não,Não,Sim,2,Sim,2,1,0,0,Não,Não realizado,Sim,Bicicleta,Sim,Não
Atropelamento,2022-03-05,09:00,Sul,"-25.463291, -49.316321",Seco / Dia,Seca,Não,Sim,Não,Não,1,Não,1,3,1,0,Não,Não realizado,Sim,Caminhão,Não,Não
Colisão,2019-10-31,07:30,Leste,"-25.415649, -49.233564",Seco / Dia,Molhada,Sim,Não,Sim,Sim,4,Sim,2,4,0,0,Não,Não realizado,Sim,Moto,Não,Não
Atropelamento,2013-07-09,08:30,Sul,"-25.448462, -49.302224",Seco / Dia,Seca,Sim,Não,Sim,Sim,3,Não,1,5,3,0,Não,Não realizado,Sim,Bicicleta,Sim,Não
Colisão,2025-06-18,20:30,Leste,"-25.418488, -49.214686",Chuva / Noite,Seca,Não,Sim,Não,Não,1,Sim,2,2,0,0,Sim,Positivo,Não,Caminhão,Não,Não
Atropelamento,2013-05-08,14:00,Leste,"-25.439807, -49.245888",Seco / Dia,Molhada,Sim,Não,Sim,Sim,3,Não,1,4,0,0,Não,Não realizado,Não,Ônibus,Não,Não
Colisão,2005-08-26,12:00,Centro,"-25.414284, -49.268902",Seco / Dia,Escorregadia,Não,Sim,Sim,Não,1,Sim,3,3,0,0,Sim,Positivo,Sim,Ônibus,Sim,Não
Colisão,2016-02-13,05:00,Leste,"-25.423253, -49.227583",Chuva / Noite,Escorregadia,Sim,Sim,Não,Sim,4,Sim,2,2,2,0,Não,Não realizado,Sim,Caminhão,Não,Não
Colisão,2013-01-31,12:30,Norte,"-25.383765, -49.266122",Seco / Dia,Escorregadia,Sim,Não,Sim,Não,1,Não,1,1,1,0,Não,Não realizado,Sim,Bicicleta,Sim,Não
Colisão,2010-03-05,00:45,Norte,"-25.395979, -49.270368",Seco / Noite,Molhada,Não,Não,Sim,Não,1,Não,1,1,1,0,Sim,Positivo,Sim,Carro,Não,Não
Colisão,2005-10-28,16:00,Sul,"-25.479645, -49.296866",Seco / Dia,Seca,Não,Não,Sim,Sim,4,Sim,3,1,1,0,Não,Não realizado,Sim,Ônibus,Não,Não
Capotamento,2020-03-29,04:30,Centro,"-25.439313, -49.267194",Seco / Noite,Molhada,Não,Sim,Sim,Sim,3,Sim,5,3,1,0,Sim,Positivo,Não,Moto,Não,Não
Colisão,2005-08-08,23:00,Leste,"-25.437126, -49.234706",Chuva / Noite,Molhada,Sim,Sim,Não,Sim,4,Não,1,1,0,0,Não,Não realizado,Sim,Carro,Sim,Não
Queda de moto,2008-06-30,16:00,Oeste,"-25.418499, -49.313069",Chuva / Dia,Molhada,Sim,Sim,Sim,Sim,2,Não,1,3,0,0,Sim,Positivo,Sim,Caminhão,Sim,Não
Colisão,2018-12-01,17:30,Sul,"-25.478151, -49.284239",Seco / Dia,Seca,Não,Sim,Não,Não,1,Não,1,2,1,0,Não,Não realizado,Sim,Ônibus,Não,Não
Colisão,2007-11-03,19:45,Oeste,"-25.434006, -49.317941",Chuva / Noite,Molhada,Não,Sim,Não,Não,1,Não,1,4,1,0,Não,Não realizado,Não,Caminhão,Não,Não
Queda de moto,2014-07-02,10:30,Leste,"-25.414747, -49.226661",Seco / Dia,Escorregadia,Não,Sim,Sim,Sim,3,Sim,4,1,1,0,Não,Não realizado,Sim,Bicicleta,Sim,Não
Queda de moto,2018-06-16,13:45,Leste,"-25.430751, -49.229403",Chuva / Dia,Escorregadia,Não,Sim,Sim,Não,1,Sim,4,1,1,0,Sim,Positivo,Não,Ônibus,Não,Não
Colisão,2012-08-21,11:15,Oeste,"-25.420415, -49.334234",Seco / Dia,Seca,Não,Não,Sim,Não,1,Sim,5,2,2,0,Não,Não realizado,Sim,Caminhão,Não,Não
Colisão,2006-05-09,22:30,Sul,"-25.448806, -49.308747",Seco / Noite,Seca,Não,Sim,Sim,Não,1,Não,1,1,1,0,Não,Não realizado,Sim,Carro,Sim,Não
Queda de moto,2013-01-10,10:45,Sul,"-25.477425, -49.291272",Seco / Dia,Escorregadia,Não,Não,Não,Sim,2,Sim,4,3,0,0,Sim,Positivo,Sim,Caminhão,Não,Não
Colisão,2014-02-09,05:45,Norte,"-25.395637, -49.241943",Seco / Noite,Escorregadia,Não,Sim,Sim,Não,1,Sim,3,1,0,0,Não,Não realizado,Sim,Moto,Sim,Sim
Colisão,2024-02-11,06:45,Leste,"-25.425754, -49.204575",Chuva / Dia,Seca,Sim,Sim,Sim,Não,1,Sim,4,3,0,0,Não,Não realizado,Sim,Caminhão,Não,Não
Colisão,2020-09-16,00:30,Sul,"-25.467340, -49.305196",Seco / Noite,Escorregadia,Sim,Não,Sim,Sim,3,Sim,3,4,2,0,Não,Não realizado,Sim,Caminhão,Não,Não
Capotamento,2025-05-07,21:00,Oeste,"-25.425201, -49.325801",Seco / Noite,Seca,Não,Não,Não,Não,1,Sim,5,1,0,0,Sim,Positivo,Sim,Bicicleta,Sim,Não
Colisão,2013-02-17,14:45,Oeste,"-25.412407, -49.303273",Seco / Dia,Seca,Não,Sim,Sim,Não,1,Não,1,1,1,0,Sim,Negativo,Sim,Bicicleta,Não,Não
Colisão,2017-09-14,20:30,Norte,"-25.402335, -49.284685",Seco / Noite,Seca,Sim,Sim,Não,Não,1,Sim,5,3,0,0,Não,Não realizado,Sim,Ônibus,Não,Não
Capotamento,2025-06-16,10:30,Norte,"-25.384428, -49.265560",Seco / Dia,Seca,Não,Sim,Não,Sim,2,Sim,5,3,1,0,Sim,Negativo,Sim,Ônibus,Não,Não
Queda de moto,2011-03-07,08:30,Oeste,"-25.434114, -49.309859",Chuva / Dia,Escorregadia,Sim,Sim,Não,Não,1,Sim,3,1,1,0,Sim,Positivo,Sim,Bicicleta,Sim,Não
Queda de moto,2017-06-23,18:30,Norte,"-25.381180, -49.282907",Seco / Dia,Molhada,Não,Sim,Não,Sim,3,Sim,3,5,1,0,Não,Não realizado,Sim,Moto,Sim,Não
Colisão,2024-04-02,00:15,Oeste,"-25.433405, -49.308991",Seco / Noite,Molhada,Não,Sim,Sim,Sim,2,Não,1,1,0,0,Não,Não realizado,Não,Carro,Sim,Não
Atropelamento,2018-04-11,13:15,Centro,"-25.434710, -49.273675",Seco / Dia,Escorregadia,Sim,Não,Sim,Sim,3,Não,1,2,2,0,Não,Não realizado,Sim,Bicicleta,Sim,Não
Atropelamento,2012-12-22,03:00,Oeste,"-25.415242, -49.331501",Seco / Noite,Seca,Não,Sim,Não,Não,1,Sim,2,3,2,0,Não,Não realizado,Sim,Carro,Não,Não
Colisão,2024-09-26,20:45,Centro,"-25.427244, -49.283115",Seco / Noite,Escorregadia,Sim,Não,Não,Sim,3,Não,1,1,0,0,Sim,Positivo,Sim,Bicicleta,Não,Não
Colisão,2014-02-15,09:15,Oeste,"-25.418357, -49.324868",Seco / Dia,Molhada,Não,Sim,Sim,Sim,4,Não,1,1,1,0,Não,Não realizado,Sim,Bicicleta,Sim,Não
Capotamento,2017-11-16,15:15,Norte,"-25.392359, -49.271616",Seco / Dia,Escorregadia,Não,Sim,Sim,Sim,4,Não,1,2,2,0,Não,Não realizado,Sim,Ônibus,Não,Não
Colisão,2014-01-04,21:00,Oeste,"-25.434423, -49.314976",Chuva / Noite,Escorregadia,Sim,Sim,Sim,Sim,4,Não,1,2,0,0,Sim,Positivo,Sim,Ônibus,Não,Não
Atropelamento,2018-03-25,14:45,Norte,"-25.398263, -49.274562",Chuva / Dia,Seca,Sim,Não,Sim,Sim,3,Sim,3,5,0,0,Não,Não realizado,Não,Bicicleta,Sim,Não
Atropelamento,2008-01-14,09:15,Sul,"-25.448215, -49.291752",Chuva / Dia,Escorregadia,Não,Não,Sim,Não,1,Sim,2,4,1,0,Sim,Negativo,Sim,Moto,Não,Não
Queda de moto,2024-05-15,21:00,Leste,"-25.431874, -49.230660",Seco / Noite,Escorregadia,Sim,Não,Sim,Sim,2,Não,1,4,0,0,Não,Não realizado,Sim,Bicicleta,Sim,Não
Colisão,2020-08-17,16:15,Sul,"-25.475485, -49.281364",Neblina / Dia,Seca,Não,Não,Não,Sim,3,Não,1,2,1,0,Não,Não realizado,Sim,Moto,Não,Não
Capotamento,2007-09-27,22:00,Leste,"-25.436097, -49.211679",Seco / Noite,Seca,Não,Não,Não,Sim,2,Não,1,2,0,0,Não,Não realizado,Não,Caminhão,Sim,Não
Queda de moto,2017-02-01,23:15,Leste,"-25.430441, -49.227132",Chuva / Noite,Seca,Não,Sim,Não,Sim,3,Sim,5,2,0,0,Sim,Negativo,Sim,Bicicleta,Não,Não
Colisão,2025-04-29,17:30,Leste,"-25.416003, -49.212721",Seco / Dia,Seca,Sim,Não,Sim,Não,1,Não,1,2,0,0,Não,Não realizado,Não,Carro,Não,Não
Colisão,2018-11-16,16:00,Leste,"-25.417068, -49.244246",Chuva / Dia,Molhada,Sim,Sim,Não,Sim,4,Sim,2,3,3,0,Não,Não realizado,Sim,Carro,Não,Não
Atropelamento,2021-03-28,19:45,Leste,"-25.416578, -49.237666",Chuva / Noite,Molhada,Não,Sim,Sim,Não,1,Sim,5,4,1,0,Não,Não realizado,Sim,Bicicleta,Sim,Não
Colisão,2017-08-12,21:45,Norte,"-25.382340, -49.267841",Seco / Noite,Molhada,Sim,Sim,Sim,Sim,4,Não,1,4,0,0,Sim,Positivo,Não,Carro,Não,Não
Colisão,2018-08-28,00:45,Sul,"-25.453715, -49.311210",Chuva / Noite,Seca,Sim,Não,Não,Sim,3,Não,1,5,3,0,Não,Não realizado,Sim,Caminhão,Sim,Não
Atropelamento,2013-12-23,13:30,Oeste,"-25.425012, -49.317227",Chuva / Dia,Molhada,Não,Não,Não,Sim,4,Não,1,4,2,0,Não,Não realizado,Sim,Caminhão,Não,Não
Queda de moto,2017-05-15,17:15,Centro,"-25.418073, -49.282641",Seco / Dia,Molhada,Sim,Sim,Sim,Não,1,Sim,3,1,1,0,Não,Não realizado,Sim,Bicicleta,Não,Sim
Colisão,2017-09-06,07:45,Leste,"-25.421072, -49.217204",Chuva / Dia,Escorregadia,Não,Não,Não,Sim,4,Sim,3,5,0,0,Não,Não realizado,Sim,Ônibus,Sim,Não
Colisão,2016-07-26,06:15,Leste,"-25.414754, -49.214045",Seco / Dia,Seca,Não,Não,Não,Não,1,Não,1,2,1,0,Não,Não realizado,Sim,Carro,Não,Não
Atropelamento,2021-03-18,00:30,Oeste,"-25.415831, -49.325868",Seco / Noite,Seca,Sim,Não,Sim,Sim,3,Sim,3,2,2,0,Não,Não realizado,Sim,Carro,Não,Não
Colisão,2021-02-13,11:45,Oeste,"-25.432412, -49.317824",Seco / Dia,Molhada,Não,Sim,Não,Não,1,Não,1,4,3,0,Não,Não realizado,Sim,Bicicleta,Sim,Não
Colisão,2014-11-09,19:45,Leste,"-25.410978, -49.231512",Seco / Noite,Seca,Sim,Não,Sim,Sim,2,Sim,3,4,1,0,Não,Não realizado,Sim,Carro,Sim,Sim
Colisão,2011-11-04,17:15,Sul,"-25.456881, -49.283997",Seco / Dia,Molhada,Sim,Sim,Sim,Não,1,Não,1,2,2,0,Sim,Positivo,Sim,Bicicleta,Sim,Não
Colisão,2012-06-19,22:15,Sul,"-25.475045, -49.306225",Chuva / Noite,Molhada,Sim,Não,Sim,Sim,4,Sim,5,1,0,0,Não,Não realizado,Sim,Moto,Não,Não
Colisão,2019-03-25,00:30,Centro,"-25.428433, -49.263868",Seco / Noite,Seca,Não,Não,Sim,Sim,2,Não,1,2,1,0,Sim,Positivo,Sim,Ônibus,Não,Não
Atropelamento,2014-04-11,06:15,Norte,"-25.395882, -49.257572",Seco / Dia,Escorregadia,Sim,Não,Sim,Não,1,Sim,5,3,0,0,Sim,Positivo,Sim,Ônibus,Não,Não
Colisão,2015-01-13,10:00,Oeste,"-25.436971, -49.326205",Seco / Dia,Seca,Não,Não,Sim,Não,1,Não,1,4,2,1,Não,Não realizado,Sim,Bicicleta,Não,Não
Atropelamento,2014-10-26,10:15,Sul,"-25.478826, -49.310765",Seco / Dia,Molhada,Não,Não,Não,Não,1,Sim,2,2,1,0,Não,Não realizado,Sim,Moto,Sim,Não
Colisão,2022-10-27,16:00,Oeste,"-25.432271, -49.333909",Seco / Dia,Escorregadia,Sim,Não,Sim,Sim,4,Sim,5,3,2,0,Não,Não realizado,Sim,Bicicleta,Não,Não
Colisão,2025-12-22,11:15,Oeste,"-25.430801, -49.324295",Chuva / Dia,Seca,Sim,Sim,Não,Sim,4,Sim,3,3,0,0,Sim,Positivo,Sim,Bicicleta,Não,Não
Colisão,2013-12-15,04:00,Sul,"-25.464242, -49.296092",Seco / Noite,Seca,Sim,Não,Não,Sim,4,Não,1,1,1,0,Não,Não realizado,Sim,Moto,Não,Não
Colisão,2010-12-13,20:30,Oeste,"-25.418977, -49.332513",Chuva / Noite,Molhada,Não,Sim,Sim,Não,1,Sim,4,2,1,0,Sim,Positivo,Não,Bicicleta,Não,Não
Colisão,2005-09-18,17:15,Sul,"-25.444908, -49.294115",Seco / Dia,Molhada,Sim,Sim,Não,Sim,4,Sim,4,2,0,0,Não,Não realizado,Não,Ônibus,Não,Não
Atropelamento,2021-08-08,18:45,Norte,"-25.398658, -49.242341",Seco / Dia,Escorregadia,Sim,Não,Não,Não,1,Não,1,5,1,0,Não,Não realizado,Sim,Caminhão,Sim,Não
Queda de moto,2025-08-25,01:15,Leste,"-25.425328, -49.219922",Seco / Noite,Molhada,Não,Sim,Sim,Não,1,Não,1,1,0,0,Não,Não realizado,Sim,Moto,Não,Não
Colisão,2015-07-26,02:30,Oeste,"-25.426698, -49.306785",Seco / Noite,Escorregadia,Sim,Sim,Sim,Sim,4,Sim,3,4,4,0,Sim,Positivo,Sim,Bicicleta,Não,Não
Colisão,2021-09-27,01:00,Oeste,"-25.436755, -49.300724",Chuva / Noite,Molhada,Não,Não,Sim,Sim,3,Sim,2,3,0,0,Sim,Negativo,Sim,Caminhão,Sim,Não
Capotamento,2010-04-20,23:30,Norte,"-25.389840, -49.265709",Seco / Noite,Molhada,Sim,Sim,Sim,Não,1,Sim,2,1,1,0,Não,Não realizado,Não,Caminhão,Sim,Não
Queda de moto,2018-02-18,22:00,Leste,"-25.438518, -49.233357",Chuva / Noite,Seca,Sim,Sim,Não,Sim,3,Sim,2,2,0,0,Não,Não realizado,Sim,Bicicleta,Sim,Não
Colisão,2024-09-18,23:30,Sul,"-25.453591, -49.288275",Seco / Noite,Molhada,Sim,Sim,Sim,Sim,3,Sim,4,3,0,0,Não,Não realizado,Sim,Carro,Sim,Não
Colisão,2007-06-13,08:00,Oeste,"-25.431694, -49.339888",Chuva / Dia,Seca,Não,Não,Não,Não,1,Sim,3,2,1,0,Não,Não realizado,Sim,Carro,Não,Não
Colisão,2011-04-22,04:30,Norte,"-25.404263, -49.274718",Seco / Noite,Escorregadia,Não,Não,Sim,Sim,2,Não,1,1,1,0,Não,Não realizado,Sim,Bicicleta,Sim,Não
Colisão,2017-05-06,19:45,Centro,"-25.420270, -49.267831",Seco / Noite,Escorregadia,Sim,Não,Não,Sim,4,Sim,4,1,0,0,Sim,Negativo,Sim,Ônibus,Não,Não
Colisão,2025-07-01,16:45,Norte,"-25.382631, -49.283195",Seco / Dia,Molhada,Sim,Sim,Não,Sim,4,Sim,4,3,2,1,Não,Não realizado,Não,Bicicleta,Não,Não
Queda de moto,2014-06-20,17:00,Oeste,"-25.437870, -49.317048",Seco / Dia,Seca,Não,Sim,Sim,Sim,3,Sim,5,1,0,0,Não,Não realizado,Sim,Bicicleta,Não,Não
Colisão,2019-11-27,23:15,Norte,"-25.397404, -49.247578",Seco / Noite,Escorregadia,Não,Não,Não,Sim,2,Sim,4,3,1,0,Sim,Negativo,Sim,Ônibus,Não,Não
Queda de moto,2021-06-16,18:00,Sul,"-25.440376, -49.315223",Chuva / Dia,Molhada,Não,Não,Não,Sim,4,Sim,3,1,0,0,Não,Não realizado,Sim,Moto,Não,Não
Colisão,2025-10-08,21:30,Sul,"-25.474004, -49.304532",Seco / Noite,Seca,Não,Não,Sim,Não,1,Não,1,1,0,0,Não,Não realizado,Sim,Caminhão,Não,Não
Capotamento,2010-07-10,06:15,Oeste,"-25.413922, -49.312605",Seco / Dia,Escorregadia,Sim,Não,Não,Não,1,Sim,4,3,3,0,Sim,Negativo,Sim,Carro,Não,Não
Colisão,2022-09-17,15:00,Norte,"-25.386021, -49.280137",Neblina / Dia,Molhada,Não,Sim,Sim,Sim,4,Sim,5,3,2,0,Não,Não realizado,Sim,Ônibus,Sim,Não
Colisão,2024-12-06,09:15,Oeste,"-25.425751, -49.323309",Seco / Dia,Escorregadia,Não,Não,Não,Sim,4,Sim,2,2,1,0,Sim,Positivo,Sim,Bicicleta,Não,Não
Colisão,2019-04-13,16:00,Sul,"-25.472691, -49.280616",Seco / Dia,Seca,Sim,Sim,Sim,Sim,4,Não,1,3,0,0,Não,Não realizado,Não,Ônibus,Sim,Não
Colisão,2011-11-09,10:00,Leste,"-25.418654, -49.243567",Seco / Dia,Seca,Não,Sim,Sim,Sim,3,Não,1,1,1,0,Sim,Negativo,Sim,Ônibus,Não,Não
Atropelamento,2018-10-17,01:45,Oeste,"-25.419868, -49.308126",Neblina / Noite,Seca,Sim,Sim,Sim,Não,1,Não,1,2,1,0,Sim,Positivo,Sim,Bicicleta,Sim,Não
Atropelamento,2018-11-15,23:30,Norte,"-25.400409, -49.248849",Chuva / Noite,Molhada,Não,Não,Não,Sim,2,Sim,2,5,3,0,Não,Não realizado,Sim,Bicicleta,Sim,Não
Colisão,2018-03-26,06:15,Sul,"-25.463677, -49.299558",Seco / Dia,Molhada,Não,Sim,Sim,Sim,2,Não,1,1,0,0,Não,Não realizado,Sim,Carro,Sim,Não
Colisão,2012-06-09,14:15,Norte,"-25.390391, -49.257932",Chuva / Dia,Seca,Não,Sim,Não,Sim,3,Não,1,1,0,0,Não,Não realizado,Sim,Moto,Não,Não
Queda de moto,2017-03-21,15:45,Leste,"-25.435182, -49.218893",Seco / Dia,Molhada,Não,Não,Não,Não,1,Sim,3,3,1,0,Não,Não realizado,Não,Carro,Não,Não
Atropelamento,2011-01-22,15:00,Sul,"-25.467361, -49.304835",Seco / Dia,Escorregadia,Sim,Não,Sim,Sim,3,Não,1,4,4,0,Sim,Negativo,Sim,Ônibus,Não,Não
Colisão,2020-02-23,15:15,Centro,"-25.431223, -49.283808",Chuva / Dia,Escorregadia,Não,Não,Não,Não,1,Sim,2,1,1,0,Sim,Positivo,Sim,Bicicleta,Não,Não
Colisão,2008-12-13,08:30,Sul,"-25.463389, -49.294938",Chuva / Dia,Escorregadia,Não,Sim,Não,Sim,3,Não,1,2,2,0,Não,Não realizado,Sim,Carro,Sim,Não
Colisão,2015-10-20,21:15,Norte,"-25.395847, -49.247893",Seco / Noite,Molhada,Sim,Sim,Sim,Sim,4,Não,1,4,4,0,Não,Não realizado,Sim,Carro,Não,Não
Atropelamento,2024-08-07,19:15,Centro,"-25.436719, -49.264973",Seco / Noite,Seca,Não,Não,Sim,Não,1,Sim,2,5,5,0,Sim,Positivo,Sim,Ônibus,Sim,Não
Queda de moto,2017-06-09,15:30,Centro,"-25.422845, -49.277226",Neblina / Dia,Molhada,Não,Não,Sim,Sim,4,Sim,4,1,1,0,Não,Não realizado,Sim,Bicicleta,Sim,Não
Colisão,2010-12-28,07:30,Sul,"-25.461074, -49.301117",Seco / Dia,Molhada,Não,Não,Não,Sim,4,Sim,5,2,1,0,Não,Não realizado,Sim,Bicicleta,Sim,Não
Queda de moto,2025-06-23,11:30,Leste,"-25.429587, -49.237272",Seco / Dia,Seca,Não,Sim,Não,Não,1,Sim,4,1,0,0,Sim,Negativo,Sim,Carro,Não,Não
Colisão,2005-01-12,18:15,Leste,"-25.422159, -49.235355",Neblina / Dia,Seca,Sim,Sim,Não,Não,1,Sim,5,2,0,0,Não,Não realizado,Não,Bicicleta,Não,Não
Colisão,2025-11-02,16:15,Leste,"-25.428045, -49.200191",Seco / Dia,Escorregadia,Sim,Não,Não,Sim,2,Sim,2,3,2,0,Não,Não realizado,Sim,Ônibus,Não,Não
Colisão,2007-09-18,07:15,Leste,"-25.423683, -49.249609",Chuva / Dia,Seca,Sim,Não,Não,Não,1,Não,1,1,1,0,Não,Não realizado,Sim,Moto,Sim,Não