TIPO DE ACIDENTE,DATA,HORA,REGIÃO,COORDENADA GEOGRÁFICA,SITUAÇÃO CLIMÁTICA/LUMINOSIDADE,CONDIÇÕES DA SUPERFÍCIE DE ROLAMENTO,POSSUI SINALIZAÇÃO HORIZONTAL,POSSUI SINALIZAÇÃO VERTICAL,PRÓXIMO A EQUIPO ELETRÔNICO,HOUVE OUTROS VEÍCULOS ENVOLVIDOS,QUANTOS VEÍCULOS,HAVIA OUTROS OCUPANTES NO VEÍCULO,QUANTOS OCUPANTES,ENVOLVIDOS,FERIDOS,ÓBITOS,FOI REALIZADO O TESTE DE BAFÔMETRO,QUAL O RESULTADO,POSSUI HABILITAÇÃO,VEÍCULO TIPO,HOUVE DANOS AO PATRIMÔNIO PÚBLICO?,HOUVE DANOS AO MEIO AMBIENTE?
Capotamento,2012-10-01,17:15,Norte,"-25.385818, -49.265179",Seco / Dia,Molhada,Não,Não,Não,Sim,4,Sim,5,3,3,0,Sim,Positivo,Sim,Moto,Sim,Não
Queda de moto,2025-08-28,09:30,Sul,"-25.463827, -49.312917",Seco / Dia,Molhada,Sim,Sim,Sim,Sim,4,Sim,4,2,2,0,Não,Não realizado,Sim,Bicicleta,Não,Não
Atropelamento,2025-05-04,19:45,Norte,"-25.409177, -49.266161",Seco / Noite,Seca,Sim,Não,Sim,Não,1,Sim,4,5,2,2,Sim,Negativo,Não,Moto,Não,Não
Colisão,2015-01-09,14:45,Leste,"-25.415427, -49.225852",Seco / Dia,Molhada,Não,Não,Não,Não,1,Sim,4,1,1,0,Não,Não realizado,Sim,Ônibus,Não,Não
Colisão,2022-07-02,00:15,Centro,"-25.433152, -49.270366",Chuva / Noite,Molhada,Sim,Não,Sim,Sim,4,Sim,2,1,1,0,Não,Não realizado,Sim,Moto,Sim,Não
Colisão,2011-01-22,04:15,Centro,"-25.420892, -49.262454",Chuva / Noite,Escorregadia,Sim,Sim,Não,Não,1,Não,1,1,1,0,Não,Não realizado,Sim,Caminhão,Sim,Não
Colisão,2014-11-22,02:15,Oeste,"-25.427302, -49.321180",Seco / Noite,Escorregadia,Não,Não,Não,Não,1,Não,1,2,1,0,Não,Não realizado,Não,Carro,Sim,Não
Colisão,2008-04-26,06:30,Leste,"-25.411350, -49.243742",Seco / Dia,Molhada,Sim,Não,Sim,Não,1,Sim,5,1,1,0,Não,Não realizado,Sim,Bicicleta,Sim,Não
Atropelamento,2006-05-31,10:00,Leste,"-25.430330, -49.239325",Seco / Dia,Molhada,Não,Não,Sim,Não,1,Não,1,5,0,0,Não,Não realizado,Sim,Ônibus,Não,Não
Queda de moto,2012-08-15,01:00,Oeste,"-25.422659, -49.338143",Seco / Noite,Seca,Não,Sim,Sim,Sim,4,Não,1,1,0,0,Sim,Negativo,Sim,Carro,Sim,Não
Atropelamento,2013-09-30,07:15,Leste,"-25.414635, -49.230422",Seco / Dia,Molhada,Sim,Sim,Sim,Sim,3,Sim,4,5,0,0,Não,Não realizado,Sim,Carro,Não,Não
Capotamento,2005-07-11,20:30,Sul,"-25.479731, -49.299007",Seco / Noite,Seca,Sim,Sim,Sim,Sim,4,Sim,3,2,1,0,Sim,Positivo,Sim,Carro,Sim,Sim
Colisão,2015-01-08,03:30,Leste,"-25.413623, -49.203557",Chuva / Noite,Molhada,Não,Não,Não,Sim,4,Não,1,1,1,0,Não,Não realizado,Sim,Caminhão,Sim,Não
Colisão,2017-02-17,18:00,Norte,"-25.404503, -49.250391",Chuva / Dia,Seca,Não,Sim,Sim,Sim,4,Sim,2,1,1,0,Sim,Positivo,Sim,Moto,Sim,Não
Queda de moto,2022-09-05,05:15,Leste,"-25.413707, -49.225742",Seco / Noite,Molhada,Não,Não,Não,Não,1,Não,1,1,1,0,Sim,Negativo,Sim,Ônibus,Não,Não
Colisão,2018-05-04,01:00,Leste,"-25.413875, -49.227243",Seco / Noite,Molhada,Não,Não,Não,Não,1,Sim,2,2,0,0,Não,Não realizado,Sim,Ônibus,Sim,Não
Atropelamento,2022-08-29,21:30,Centro,"-25.422491, -49.272432",Seco / Noite,Seca,Não,Não,Sim,Não,1,Sim,3,3,1,0,Sim,Positivo,Sim,Caminhão,Não,Não
Colisão,2014-03-14,01:15,Norte,"-25.380885, -49.276550",Seco / Noite,Escorregadia,Sim,Não,Não,Não,1,Sim,3,1,1,0,Não,Não realizado,Sim,Moto,Não,Não
Colisão,2016-07-03,22:15,Leste,"-25.429354, -49.213796",Seco / Noite,Molhada,Sim,Sim,Sim,Sim,3,Sim,5,1,1,0,Sim,Positivo,Sim,Moto,Não,Não
Colisão,2008-12-22,19:15,Sul,"-25.450436, -49.288236",Chuva / Noite,Molhada,Não,Sim,Sim,Não,1,Não,1,1,1,0,Sim,Positivo,Sim,Caminhão,Sim,Não
Queda de moto,2024-02-25,21:15,Norte,"-25.383430, -49.254836",Chuva / Noite,Molhada,Sim,Sim,Não,Sim,3,Não,1,3,2,0,Não,Não realizado,Sim,Moto,Não,Não
Capotamento,2008-12-15,18:30,Oeste,"-25.430335, -49.304619",Seco / Dia,Seca,Não,Sim,Sim,Sim,2,Não,1,1,1,0,Não,Não realizado,Sim,Ônibus,Não,Não
Colisão,2013-02-16,00:30,Centro,"-25.422756, -49.280615",Chuva / Noite,Molhada,Não,Não,Não,Não,1,Sim,4,2,0,0,Sim,Negativo,Sim,Moto,Não,Não
Colisão,2024-02-10,01:45,Centro,"-25.435335, -49.269921",Seco / Noite,Escorregadia,Sim,Não,Não,Sim,4,Sim,4,2,2,2,Não,Não realizado,Sim,Carro,Sim,Não
Queda de moto,2007-06-23,12:45,Leste,"-25.427251, -49.221324",Seco / Dia,Seca,Sim,Sim,Sim,Não,1,Não,1,1,0,0,Não,Não realizado,Sim,Moto,Não,Não
Colisão,2007-12-28,11:30,Norte,"-25.402665, -49.255076",Chuva / Dia,Escorregadia,Sim,Sim,Sim,Não,1,Não,1,1,0,0,Não,Não realizado,Sim,Ônibus,Sim,Sim
Queda de moto,2020-10-03,18:00,Norte,"-25.406918, -49.288574",Chuva / Dia,Molhada,Não,Sim,Não,Sim,2,Sim,5,5,4,0,Não,Não realizado,Sim,Ônibus,Não,Não
Colisão,2009-09-13,16:30,Leste,"-25.428612, -49.237639",Seco / Dia,Molhada,Sim,Sim,Sim,Não,1,Não,1,3,1,0,Sim,Positivo,Sim,Carro,Sim,Não
Colisão,2024-10-09,16:30,Leste,"-25.416786, -49.227877",Neblina / Dia,Escorregadia,Não,Sim,Não,Sim,2,Não,1,2,1,0,Não,Não realizado,Sim,Moto,Sim,Não
Colisão,2023-06-27,11:15,Sul,"-25.454796, -49.308670",Chuva / Dia,Molhada,Não,Sim,Não,Não,1,Sim,5,2,2,0,Sim,Positivo,Sim,Bicicleta,Não,Não
Colisão,2023-09-17,19:15,Leste,"-25.438959, -49.201304",Seco / Noite,Seca,Sim,Sim,Não,Não,1,Não,1,1,1,0,Não,Não realizado,Sim,Bicicleta,Sim,Não
Capotamento,2024-09-23,07:15,Oeste,"-25.413674, -49.312976",Neblina / Dia,Molhada,Não,Sim,Não,Sim,4,Não,1,2,0,0,Sim,Negativo,Sim,Bicicleta,Não,Não
Capotamento,2005-11-28,19:30,Sul,"-25.466093, -49.309994",Seco / Noite,Seca,Não,Não,Não,Sim,3,Não,1,1,1,0,Não,Não realizado,Sim,Caminhão,Não,Não
Capotamento,2020-01-30,21:15,Oeste,"-25.417726, -49.320239",Chuva / Noite,Molhada,Não,Não,Sim,Sim,2,Não,1,1,0,0,Não,Não realizado,Sim,Carro,Não,Não
Colisão,2020-02-21,16:00,Centro,"-25.433912, -49.260079",Seco / Dia,Seca,Sim,Sim,Sim,Sim,4,Sim,2,1,1,0,Não,Não realizado,Sim,Bicicleta,Sim,Não
Colisão,2008-03-15,07:15,Oeste,"-25.415709, -49.315116",Chuva / Dia,Escorregadia,Não,Não,Não,Sim,2,Sim,4,1,1,0,Não,Não realizado,Sim,Carro,Não,Não
Colisão,2013-09-16,09:15,Oeste,"-25.433608, -49.306184",Seco / Dia,Seca,Sim,Não,Não,Sim,2,Não,1,2,0,0,Não,Não realizado,Sim,Moto,Sim,Não
Colisão,2019-12-27,12:00,Oeste,"-25.423871, -49.308001",Seco / Dia,Molhada,Não,Sim,Não,Não,1,Sim,5,1,0,0,Não,Não realizado,Sim,Caminhão,Não,Não
Colisão,2024-12-30,16:15,Centro,"-25.431481, -49.289132",Seco / Dia,Escorregadia,Sim,Sim,Não,Sim,2,Sim,2,1,0,0,Não,Não realizado,Não,Bicicleta,Sim,Não
Atropelamento,2020-09-18,00:00,Centro,"-25.422400, -49.287773",Seco / Noite,Escorregadia,Não,Sim,Não,Não,1,Sim,3,5,0,0,Não,Não realizado,Sim,Bicicleta,Sim,Não
Queda de moto,2009-03-07,15:15,Oeste,"-25.423858, -49.321052",Seco / Dia,Seca,Sim,Não,Sim,Sim,3,Sim,4,1,1,0,Sim,Positivo,Sim,Moto,Sim,Não
Atropelamento,2015-02-23,13:45,Sul,"-25.472895, -49.293534",Seco / Dia,Molhada,Não,Sim,Não,Não,1,Não,1,4,4,0,Sim,Positivo,Não,Bicicleta,Não,Não
Atropelamento,2022-03-01,16:30,Centro,"-25.434204, -49.280780",Seco / Dia,Escorregadia,Não,Sim,Não,Sim,3,Não,1,3,0,0,Não,Não realizado,Sim,Bicicleta,Não,Não
Colisão,2015-01-22,12:00,Sul,"-25.477987, -49.301202",Seco / Dia,Seca,Sim,Sim,Sim,Sim,4,Sim,2,2,2,0,Não,Não realizado,Sim,Carro,Não,Não
Queda de moto,2023-08-03,12:30,Sul,"-25.464709, -49.299741",Seco / Dia,Escorregadia,Sim,Sim,Sim,Sim,3,Sim,2,1,1,0,Sim,Negativo,Sim,Bicicleta,Não,Não
Colisão,2023-06-06,04:15,Sul,"-25.474489, -49.287983",Seco / Noite,Molhada,Não,Sim,Não,Não,1,Não,1,1,1,0,Não,Não realizado,Sim,Ônibus,Sim,Não
Queda de moto,2020-02-25,05:30,Oeste,"-25.439269, -49.330502",Chuva / Noite,Escorregadia,Sim,Não,Sim,Não,1,Não,1,4,3,0,Não,Não realizado,Sim,Carro,Não,Não
Capotamento,2010-08-06,03:30,Leste,"-25.426816, -49.209672",Seco / Noite,Molhada,Não,Não,Não,Não,1,Sim,5,1,1,0,Não,Não realizado,Sim,Moto,Não,Não
Colisão,2025-06-29,04:30,Norte,"-25.401345, -49.256974",Chuva / Noite,Seca,Sim,Não,Sim,Sim,3,Não,1,5,3,0,Sim,Negativo,Sim,Ônibus,Não,Não
Queda de moto,2018-05-10,22:30,Oeste,"-25.413672, -49.321242",Seco / Noite,Seca,Sim,Não,Não,Não,1,Sim,5,3,3,0,Sim,Positivo,Sim,Ônibus,Sim,Não
Queda de moto,2023-10-12,21:30,Sul,"-25.464477, -49.314199",Seco / Noite,Seca,Não,Sim,Sim,Sim,3,Não,1,1,0,0,Não,Não realizado,Sim,Carro,Sim,Não
Colisão,2017-06-28,20:00,Norte,"-25.386441, -49.274550",Chuva / Noite,Seca,Não,Sim,Sim,Sim,4,Não,1,1,1,0,Não,Não realizado,Sim,Ônibus,Sim,Não
Atropelamento,2008-07-15,05:15,Sul,"-25.449822, -49.291004",Seco / Noite,Seca,Não,Não,Não,Sim,3,Não,1,4,3,3,Sim,Positivo,Sim,Moto,Sim,Não
Capotamento,2007-07-02,04:15,Sul,"-25.476225, -49.287853",Chuva / Noite,Seca,Não,Sim,Não,Não,1,Sim,5,1,0,0,Não,Não realizado,Sim,Moto,Não,Não
Colisão,2021-11-13,20:30,Norte,"-25.388374, -49.283809",Chuva / Noite,Molhada,Sim,Sim,Não,Não,1,Não,1,2,0,0,Não,Não realizado,Sim,Caminhão,Não,Não
Queda de moto,2014-05-29,13:30,Norte,"-25.409042, -49.245459",Chuva / Dia,Molhada,Sim,Não,Não,Não,1,Sim,5,2,0,0,Sim,Positivo,Sim,Caminhão,Sim,Não
Capotamento,2020-03-14,11:00,Leste,"-25.411662, -49.217381",Chuva / Dia,Seca,Não,Sim,Não,Sim,2,Sim,5,1,1,0,Não,Não realizado,Sim,Moto,Não,Não
Colisão,2015-01-22,11:45,Oeste,"-25.424729, -49.304585",Seco / Dia,Molhada,Não,Não,Não,Não,1,Sim,2,2,0,0,Não,Não realizado,Sim,Moto,Sim,Não
Capotamento,2024-07-25,13:15,Norte,"-25.389782, -49.268006",Chuva / Dia,Molhada,Sim,Sim,Sim,Sim,4,Sim,2,5,0,0,Não,Não realizado,Sim,Bicicleta,Sim,Não
Atropelamento,2020-02-01,16:00,Centro,"-25.424047, -49.274295",Seco / Dia,Escorregadia,Sim,Não,Sim,Não,1,Não,1,5,0,0,Sim,Positivo,Sim,Bicicleta,Sim,Não
Queda de moto,2018-11-24,01:00,Centro,"-25.424339, -49.267483",Seco / Noite,Escorregadia,Não,Sim,Sim,Não,1,Sim,2,2,1,0,Não,Não realizado,Sim,Carro,Sim,Não
Colisão,2009-02-15,07:45,Oeste,"-25.422491, -49.313808",Chuva / Dia,Escorregadia,Não,Sim,Não,Sim,4,Não,1,2,2,0,Não,Não realizado,Sim,Caminhão,Não,Não
Colisão,2008-11-05,21:15,Oeste,"-25.411582, -49.338007",Seco / Noite,Seca,Sim,Não,Não,Não,1,Sim,2,1,1,0,Não,Não realizado,Sim,Bicicleta,Não,Não
Atropelamento,2006-08-01,01:15,Leste,"-25.417236, -49.221722",Seco / Noite,Escorregadia,Não,Não,Não,Não,1,Não,1,3,3,0,Não,Não realizado,Sim,Caminhão,Não,Não
Atropelamento,2011-01-08,23:15,Sul,"-25.449060, -49.292134",Seco / Noite,Escorregadia,Sim,Sim,Sim,Não,1,Sim,3,3,3,0,Não,Não realizado,Sim,Ônibus,Sim,Não
Colisão,2008-01-31,08:00,Leste,"-25.422545, -49.246076",Seco / Dia,Seca,Não,Não,Sim,Sim,2,Sim,4,3,0,0,Não,Não realizado,Sim,Ônibus,Sim,Não
Colisão,2011-08-20,07:45,Sul,"-25.442549, -49.282429",Chuva / Dia,Seca,Não,Não,Sim,Sim,4,Não,1,2,0,0,Não,Não realizado,Sim,Caminhão,Não,Não
Colisão,2012-06-26,21:15,Leste,"-25.412167, -49.232559",Chuva / Noite,Molhada,Não,Não,Não,Sim,4,Não,1,1,1,1,Não,Não realizado,Sim,Bicicleta,Não,Não
Colisão,2021-09-01,19:00,Sul,"-25.461957, -49.283500",Seco / Noite,Molhada,Não,Não,Não,Sim,2,Não,1,4,1,0,Sim,Negativo,Sim,Carro,Não,Não
Colisão,2005-09-30,18:30,Leste,"-25.439130, -49.214482",Chuva / Dia,Escorregadia,Sim,Não,Não,Não,1,Sim,3,1,0,0,Não,Não realizado,Sim,Ônibus,Sim,Não
Queda de moto,2011-04-17,19:15,Oeste,"-25.430096, -49.315099",Seco / Noite,Molhada,Não,Sim,Sim,Não,1,Sim,4,3,3,0,Não,Não realizado,Sim,Ônibus,Sim,Não
Atropelamento,2012-06-07,01:15,Leste,"-25.439972, -49.226611",Seco / Noite,Molhada,Não,Sim,Não,Sim,3,Sim,4,2,2,0,Não,Não realizado,Não,Caminhão,Sim,Não
Colisão,2010-04-20,00:45,Norte,"-25.397873, -49.273758",Chuva / Noite,Seca,Sim,Não,Não,Sim,2,Não,1,1,0,0,Não,Não realizado,Sim,Ônibus,Sim,Não
Colisão,2010-06-15,14:00,Leste,"-25.431718, -49.213718",Chuva / Dia,Molhada,Não,Sim,Sim,Não,1,Não,1,3,0,0,Não,Não realizado,Sim,Ônibus,Não,Não
Queda de moto,2024-07-01,18:30,Oeste,"-25.432455, -49.329944",Seco / Dia,Seca,Não,Não,Sim,Sim,3,Não,1,3,2,0,Não,Não realizado,Sim,Bicicleta,Sim,Não
Colisão,2025-03-28,05:45,Centro,"-25.421085, -49.283514",Seco / Noite,Seca,Sim,Não,Sim,Sim,4,Sim,3,2,2,0,Não,Não realizado,Sim,Ônibus,Sim,Não
Colisão,2015-04-09,20:30,Sul,"-25.456683, -49.299809",Chuva / Noite,Escorregadia,Sim,Sim,Sim,Não,1,Sim,2,1,1,0,Não,Não realizado,Não,Moto,Sim,Não
Atropelamento,2011-02-12,13:30,Centro,"-25.413662, -49.277961",Chuva / Dia,Escorregadia,Sim,Sim,Sim,Sim,2,Não,1,3,2,0,Não,Não realizado,Sim,Caminhão,Sim,Não
Atropelamento,2011-01-20,04:30,Oeste,"-25.428902, -49.307991",Seco / Noite,Molhada,Não,Sim,Sim,Sim,4,Sim,4,3,2,0,Não,Não realizado,Sim,Moto,Não,Não
Queda de moto,2021-08-11,14:00,Oeste,"-25.415071, -49.316437",Seco / Dia,Escorregadia,Sim,Sim,Não,Sim,3,Sim,4,1,1,0,Sim,Negativo,Sim,Carro,Sim,Não
Colisão,2018-05-10,13:15,Leste,"-25.431934, -49.230029",Seco / Dia,Seca,Não,Não,Não,Sim,4,Sim,2,1,0,0,Não,Não realizado,Sim,Ônibus,Não,Não
Atropelamento,2013-01-10,11:15,Oeste,"-25.428488, -49.305714",Seco / Dia,Escorregadia,Sim,Não,Sim,Não,1,Não,1,5,0,0,Não,Não realizado,Sim,Bicicleta,Não,Não
Queda de moto,2014-01-14,15:45,Centro,"-25.438259, -49.274930",Chuva / Dia,Escorregadia,Não,Não,Não,Não,1,Não,1,2,0,0,Não,Não realizado,Sim,Moto,Não,Não
Atropelamento,2025-02-03,10:30,Centro,"-25.421240, -49.288182",Chuva / Dia,Escorregadia,Sim,Não,Não,Sim,4,Não,1,5,2,0,Sim,Positivo,Sim,Moto,Não,Não
Colisão,2011-09-22,04:00,Norte,"-25.391998, -49.282537",Seco / Noite,Escorregadia,Não,Não,Não,Não,1,Não,1,3,0,0,Não,Não realizado,Sim,Caminhão,Não,Não
Colisão,2013-05-07,04:45,Oeste,"-25.418413, -49.321437",Chuva / Noite,Seca,Não,Não,Sim,Não,1,Sim,2,1,1,0,Sim,Negativo,Não,Caminhão,Sim,Não
Colisão,2017-10-07,11:15,Centro,"-25.438619, -49.268383",Seco / Dia,Molhada,Sim,Não,Sim,Não,1,Sim,4,4,2,0,Não,Não realizado,Sim,Bicicleta,Sim,Não
Atropelamento,2018-01-22,11:00,Sul,"-25.448408, -49.284491",Seco / Dia,Escorregadia,Sim,Não,Sim,Não,1,Não,1,2,2,0,Não,Não realizado,Sim,Moto,Sim,Não
Atropelamento,2023-07-30,13:30,Sul,"-25.453125, -49.307298",Seco / Dia,Seca,Sim,Não,Sim,Não,1,Sim,4,4,0,0,Não,Não realizado,Sim,Caminhão,Sim,Não
Colisão,2005-03-24,11:15,Norte,"-25.402196, -49.271618",Seco / Dia,Seca,Sim,Sim,Não,Não,1,Não,1,2,1,0,Sim,Negativo,Sim,Moto,Sim,Não
Colisão,2008-07-17,02:15,Oeste,"-25.436308, -49.320232",Seco / Noite,Seca,Sim,Sim,Não,Não,1,Não,1,4,2,0,Sim,Positivo,Sim,Caminhão,Não,Não
Atropelamento,2015-10-08,14:15,Sul,"-25.457299, -49.310513",Seco / Dia,Seca,Não,Sim,Não,Sim,2,Não,1,5,3,0,Não,Não realizado,Sim,Ônibus,Não,Não
Colisão,2007-03-20,10:00,Oeste,"-25.432042, -49.337336",Chuva / Dia,Escorregadia,Sim,Sim,Sim,Sim,2,Sim,4,1,1,0,Não,Não realizado,Sim,Ônibus,Não,Não
Capotamento,2007-05-27,18:15,Norte,"-25.393738, -49.253021",Seco / Dia,Escorregadia,Não,Não,Sim,Não,1,Não,1,3,0,0,Não,Não realizado,Sim,Ônibus,Sim,Não
Atropelamento,2015-08-08,19:30,Sul,"-25.462852, -49.307340",Seco / Noite,Molhada,Não,Não,Sim,Não,1,Não,1,5,5,0,Não,Não realizado,Sim,Moto,Sim,Não
Queda de moto,2018-03-11,16:30,Leste,"-25.430639, -49.243431",Seco / Dia,Seca,Sim,Sim,Não,Sim,2,Não,1,2,0,0,Sim,Positivo,Sim,Carro,Não,Não
Colisão,2017-05-29,10:00,Oeste,"-25.430151, -49.330409",Seco / Dia,Escorregadia,Sim,Não,Sim,Não,1,Não,1,1,1,0,Não,Não realizado,Sim,Ônibus,Não,Não
Colisão,2007-01-22,16:45,Centro,"-25.429964, -49.260041",Seco / Dia,Escorregadia,Não,Sim,Sim,Sim,3,Sim,2,2,2,0,Não,Não realizado,Sim,Carro,Sim,Não
Colisão,2025-03-21,05:45,Norte,"-25.382179, -49.252755",Chuva / Noite,Seca,Sim,Não,Não,Sim,3,Sim,2,2,0,0,Sim,Positivo,Sim,Carro,Sim,Não
Atropelamento,2008-10-13,11:30,Sul,"-25.455114, -49.305373",Seco / Dia,Seca,Não,Sim,Não,Não,1,Sim,4,4,3,0,Não,Não realizado,Sim,Caminhão,Não,Não
Capotamento,2009-12-30,03:15,Sul,"-25.446053, -49.312164",Seco / Noite,Seca,Sim,Não,Sim,Não,1,Não,1,2,0,0,Não,Não realizado,Sim,Bicicleta,Não,Não
Capotamento,2015-11-04,09:45,Oeste,"-25.412671, -49.328927",Seco / Dia,Seca,Sim,Não,Sim,Sim,3,Não,1,1,1,1,Não,Não realizado,Sim,Bicicleta,Sim,Não
Colisão,2008-06-25,14:45,Centro,"-25.430759, -49.288416",Seco / Dia,Escorregadia,Não,Sim,Sim,Não,1,Sim,5,2,0,0,Sim,Negativo,Sim,Caminhão,Não,Não
Capotamento,2017-05-27,08:30,Oeste,"-25.414923, -49.324128",Seco / Dia,Escorregadia,Sim,Não,Sim,Sim,3,Sim,5,2,2,0,Sim,Positivo,Sim,Moto,Não,Não
Colisão,2019-08-29,05:30,Sul,"-25.450347, -49.289944",Seco / Noite,Seca,Não,Não,Não,Sim,2,Sim,4,2,0,0,Não,Não realizado,Sim,Ônibus,Sim,Não
Colisão,2016-02-28,05:00,Oeste,"-25.416971, -49.312968",Chuva / Noite,Escorregadia,Sim,Não,Sim,Não,1,Não,1,4,3,0,Não,Não realizado,Sim,Moto,Não,Não
Colisão,2017-04-15,09:45,Centro,"-25.430752, -49.263996",Chuva / Dia,Seca,Sim,Não,Sim,Sim,3,Sim,3,1,1,0,Não,Não realizado,Sim,Caminhão,Não,Não
Colisão,2019-10-28,23:30,Sul,"-25.458747, -49.285020",Seco / Noite,Molhada,Não,Sim,Não,Não,1,Não,1,2,2,0,Não,Não realizado,Sim,Caminhão,Sim,Não
Colisão,2018-11-02,17:00,Leste,"-25.416020, -49.210695",Chuva / Dia,Molhada,Não,Não,Não,Sim,4,Sim,2,1,1,0,Sim,Negativo,Sim,Caminhão,Sim,Não
Colisão,2009-12-18,07:45,Centro,"-25.425986, -49.267869",Seco / Dia,Escorregadia,Não,Sim,Sim,Não,1,Sim,4,1,1,0,Não,Não realizado,Sim,Caminhão,Sim,Não
Colisão,2024-11-02,16:00,Leste,"-25.428842, -49.249746",Seco / Dia,Seca,Sim,Não,Sim,Sim,2,Não,1,1,1,0,Sim,Positivo,Sim,Caminhão,Não,Não
Colisão,2010-06-25,15:30,Centro,"-25.435183, -49.288876",Seco / Dia,Escorregadia,Sim,Não,Sim,Sim,2,Não,1,3,0,0,Sim,Negativo,Sim,Caminhão,Sim,Não
Colisão,2016-02-27,12:15,Sul,"-25.441865, -49.287302",Chuva / Dia,Seca,Não,Não,Sim,Não,1,Não,1,1,1,0,Sim,Positivo,Sim,Bicicleta,Sim,Não
Colisão,2021-05-11,15:15,Sul,"-25.448598, -49.298859",Seco / Dia,Molhada,Sim,Não,Não,Não,1,Não,1,4,0,0,Sim,Negativo,Sim,Ônibus,Não,Não
Colisão,2012-09-24,07:45,Norte,"-25.393753, -49.240008",Chuva / Dia,Seca,Sim,Sim,Sim,Sim,2,Não,1,1,1,0,Não,Não realizado,Sim,Caminhão,Sim,Sim
Atropelamento,2016-09-20,20:45,Oeste,"-25.427407, -49.334245",Seco / Noite,Molhada,Sim,Não,Sim,Sim,2,Sim,2,3,2,0,Não,Não realizado,Sim,Moto,Não,Não
Atropelamento,2017-03-25,11:45,Centro,"-25.412749, -49.260887",Chuva / Dia,Seca,Sim,Não,Não,Sim,2,Não,1,2,2,0,Sim,Positivo,Não,Carro,Sim,Não
Atropelamento,2022-11-11,20:45,Leste,"-25.427176, -49.203839",Chuva / Noite,Seca,Não,Sim,Sim,Sim,4,Sim,5,4,0,0,Não,Não realizado,Sim,Carro,Sim,Não
Atropelamento,2012-12-27,12:30,Oeste,"-25.438763, -49.323601",Seco / Dia,Escorregadia,Não,Não,Não,Sim,4,Não,1,3,2,0,Sim,Negativo,Sim,Carro,Sim,Não
Colisão,2020-01-27,23:30,Sul,"-25.462364, -49.310845",Seco / Noite,Seca,Sim,Sim,Não,Sim,2,Não,1,3,3,0,Não,Não realizado,Sim,Bicicleta,Não,Não
Queda de moto,2005-12-31,15:45,Centro,"-25.437326, -49.273660",Seco / Dia,Molhada,Sim,Não,Sim,Sim,3,Sim,2,2,1,0,Sim,Negativo,Sim,Ônibus,Não,Não
Colisão,2017-12-11,21:00,Oeste,"-25.416712, -49.305866",Seco / Noite,Escorregadia,Sim,Sim,Sim,Não,1,Não,1,2,1,0,Não,Não realizado,Sim,Caminhão,Não,Sim
Queda de moto,2013-01-11,01:45,Centro,"-25.415400, -49.270850",Chuva / Noite,Molhada,Não,Não,Não,Sim,3,Não,1,1,0,0,Sim,Positivo,Sim,Ônibus,Não,Não
Colisão,2024-01-16,01:00,Norte,"-25.392705, -49.251311",Seco / Noite,Molhada,Não,Sim,Sim,Sim,2,Sim,5,4,0,0,Não,Não realizado,Sim,Carro,Sim,Não
Colisão,2016-01-02,17:15,Oeste,"-25.436359, -49.319210",Seco / Dia,Molhada,Sim,Não,Não,Sim,3,Não,1,2,1,0,Não,Não realizado,Sim,Bicicleta,Sim,Não
Colisão,2020-08-09,14:15,Oeste,"-25.418559, -49.331244",Seco / Dia,Seca,Sim,Sim,Sim,Não,1,Não,1,2,0,0,Não,Não realizado,Sim,Caminhão,Sim,Não
Colisão,2012-01-15,10:30,Leste,"-25.437126, -49.228724",Seco / Dia,Escorregadia,Sim,Não,Não,Não,1,Sim,2,1,0,0,Não,Não realizado,Sim,Caminhão,Sim,Não
Colisão,2014-04-12,13:45,Sul,"-25.446764, -49.319608",Chuva / Dia,Escorregadia,Não,Não,Sim,Não,1,Sim,2,1,1,0,Sim,Positivo,Sim,Bicicleta,Sim,Não
Atropelamento,2019-01-23,05:30,Centro,"-25.436187, -49.286492",Seco / Noite,Escorregadia,Sim,Não,Sim,Não,1,Sim,5,2,0,0,Não,Não realizado,Sim,Bicicleta,Sim,Não
Colisão,2025-05-21,09:45,Centro,"-25.435966, -49.270650",Chuva / Dia,Molhada,Não,Não,Não,Não,1,Sim,3,1,0,0,Não,Não realizado,Não,Carro,Não,Não
Atropelamento,2015-10-13,09:45,Centro,"-25.434681, -49.261972",Chuva / Dia,Molhada,Sim,Não,Não,Não,1,Sim,3,5,0,0,Sim,Negativo,Sim,Moto,Sim,Não
Colisão,2012-10-16,20:45,Norte,"-25.393380, -49.242761",Seco / Noite,Seca,Sim,Não,Sim,Sim,4,Não,1,1,1,0,Não,Não realizado,Sim,Caminhão,Não,Não
Colisão,2007-05-03,04:15,Oeste,"-25.437894, -49.323185",Seco / Noite,Molhada,Sim,Não,Não,Sim,3,Sim,3,2,1,0,Não,Não realizado,Sim,Carro,Não,Não
Colisão,2023-09-30,20:30,Sul,"-25.441912, -49.285646",Seco / Noite,Seca,Sim,Não,Não,Não,1,Não,1,1,1,0,Não,Não realizado,Sim,Moto,Sim,Não
Colisão,2016-04-30,14:30,Centro,"-25.414575, -49.280655",Seco / Dia,Escorregadia,Sim,Não,Não,Sim,2,Não,1,5,0,0,Não,Não realizado,Sim,Ônibus,Sim,Não