TIPO DE ACIDENTE,DATA,HORA,REGIÃO,COORDENADA GEOGRÁFICA,SITUAÇÃO CLIMÁTICA/LUMINOSIDADE,CONDIÇÕES DA SUPERFÍCIE DE ROLAMENTO,POSSUI SINALIZAÇÃO HORIZONTAL,POSSUI SINALIZAÇÃO VERTICAL,PRÓXIMO A EQUIPO ELETRÔNICO,HOUVE OUTROS VEÍCULOS ENVOLVIDOS,QUANTOS VEÍCULOS,HAVIA OUTROS OCUPANTES NO VEÍCULO,QUANTOS OCUPANTES,ENVOLVIDOS,FERIDOS,ÓBITOS,FOI REALIZADO O TESTE DE BAFÔMETRO,QUAL O RESULTADO,POSSUI HABILITAÇÃO,VEÍCULO TIPO,HOUVE DANOS AO PATRIMÔNIO PÚBLICO?,HOUVE DANOS AO MEIO AMBIENTE?
Colisão,2009-12-11,22:30,Sul,"-25.444020, -49.313215",Chuva / Noite,Escorregadia,Não,Não,Sim,Não,1,Não,1,2,1,0,Não,Não realizado,Sim,Carro,Sim,Não
Colisão,2023-03-27,00:15,Norte,"-25.389030, -49.258473",Chuva / Noite,Escorregadia,Não,Sim,Não,Não,1,Não,1,3,3,0,Não,Não realizado,Sim,Carro,Sim,Sim
Colisão,2006-01-12,06:15,Centro,"-25.417317, -49.271417",Seco / Dia,Molhada,Sim,Não,Sim,Não,1,Não,1,5,0,0,Sim,Negativo,Sim,Moto,Não,Não
Capotamento,2011-08-17,03:45,Oeste,"-25.416097, -49.333146",Chuva / Noite,Seca,Sim,Sim,Sim,Sim,4,Não,1,3,1,0,Não,Não realizado,Sim,Bicicleta,Não,Não
Atropelamento,2016-02-14,00:00,Norte,"-25.391457, -49.264108",Chuva / Noite,Escorregadia,Sim,Sim,Sim,Sim,3,Não,1,4,0,0,Sim,Positivo,Sim,Ônibus,Não,Não
Queda de moto,2009-04-10,01:45,Oeste,"-25.429545, -49.332180",Seco / Noite,Escorregadia,Sim,Sim,Sim,Não,1,Não,1,2,1,0,Não,Não realizado,Não,Moto,Sim,Não
Colisão,2025-07-31,01:00,Norte,"-25.380167, -49.261883",Seco / Noite,Molhada,Não,Sim,Não,Não,1,Não,1,2,0,0,Sim,Negativo,Sim,Carro,Não,Não
Atropelamento,2006-09-12,22:15,Sul,"-25.466018, -49.287307",Seco / Noite,Molhada,Sim,Sim,Sim,Não,1,Não,1,4,0,0,Sim,Negativo,Sim,Carro,Não,Não
Colisão,2023-08-22,12:45,Centro,"-25.425401, -49.286649",Seco / Dia,Escorregadia,Sim,Sim,Sim,Não,1,Sim,4,1,1,0,Sim,Negativo,Sim,Bicicleta,Não,Não
Colisão,2022-05-05,23:15,Leste,"-25.410136, -49.237104",Seco / Noite,Seca,Sim,Não,Não,Sim,4,Não,1,1,1,0,Não,Não realizado,Sim,Moto,Sim,Não
Queda de moto,2022-04-24,23:30,Leste,"-25.438242, -49.233586",Seco / Noite,Seca,Sim,Não,Sim,Não,1,Não,1,2,2,0,Não,Não realizado,Sim,Ônibus,Não,Não
Atropelamento,2016-12-23,07:00,Oeste,"-25.433989, -49.310951",Chuva / Dia,Seca,Não,Não,Não,Sim,2,Sim,5,5,0,0,Não,Não realizado,Sim,Ônibus,Sim,Não
Colisão,2019-12-24,23:45,Centro,"-25.434391, -49.265422",Seco / Noite,Molhada,Sim,Sim,Sim,Não,1,Sim,2,2,0,0,Não,Não realizado,Sim,Bicicleta,Não,Não
Atropelamento,2014-03-12,18:00,Oeste,"-25.428310, -49.331569",Chuva / Dia,Molhada,Não,Sim,Sim,Não,1,Não,1,4,0,0,Sim,Positivo,Sim,Ônibus,Não,Não
Atropelamento,2013-03-13,15:15,Sul,"-25.467085, -49.290373",Seco / Dia,Seca,Não,Sim,Sim,Sim,2,Sim,4,3,3,0,Não,Não realizado,Não,Moto,Sim,Não
Capotamento,2021-10-22,05:15,Centro,"-25.413143, -49.262593",Chuva / Noite,Seca,Sim,Não,Não,Não,1,Não,1,3,0,0,Sim,Negativo,Sim,Ônibus,Não,Não
Atropelamento,2014-10-06,10:30,Oeste,"-25.436993, -49.326382",Seco / Dia,Seca,Sim,Não,Sim,Sim,2,Não,1,5,5,0,Não,Não realizado,Não,Bicicleta,Sim,Não
Queda de moto,2007-09-22,22:00,Oeste,"-25.430367, -49.332967",Seco / Noite,Escorregadia,Sim,Não,Sim,Não,1,Sim,2,2,1,0,Sim,Negativo,Sim,Carro,Sim,Não
Queda de moto,2010-09-22,11:30,Norte,"-25.384392, -49.280412",Seco / Dia,Seca,Sim,Sim,Não,Sim,2,Não,1,4,0,0,Sim,Positivo,Sim,Moto,Não,Não
Colisão,2013-09-08,08:30,Centro,"-25.412379, -49.289273",Seco / Dia,Molhada,Sim,Não,Sim,Sim,2,Não,1,2,0,0,Sim,Positivo,Sim,Carro,Não,Não
Colisão,2015-10-04,15:30,Centro,"-25.433187, -49.271435",Seco / Dia,Molhada,Sim,Sim,Sim,Sim,2,Não,1,2,0,0,Não,Não realizado,Sim,Moto,Não,Sim
Colisão,2016-03-30,13:30,Centro,"-25.422073, -49.269484",Seco / Dia,Escorregadia,Não,Sim,Sim,Não,1,Sim,3,1,0,0,Não,Não realizado,Sim,Caminhão,Não,Não
Colisão,2021-04-07,22:45,Leste,"-25.425643, -49.248309",Seco / Noite,Molhada,Não,Não,Sim,Não,1,Não,1,2,0,0,Sim,Negativo,Sim,Caminhão,Não,Não
Queda de moto,2005-12-15,18:30,Sul,"-25.464727, -49.288217",Chuva / Dia,Seca,Não,Sim,Sim,Sim,3,Sim,3,1,0,0,Não,Não realizado,Sim,Bicicleta,Não,Não
Colisão,2013-11-25,20:30,Oeste,"-25.410994, -49.300147",Seco / Noite,Escorregadia,Não,Não,Sim,Não,1,Não,1,2,1,0,Sim,Negativo,Sim,Caminhão,Sim,Não
Colisão,2015-04-26,05:30,Oeste,"-25.421179, -49.331321",Seco / Noite,Molhada,Não,Não,Sim,Não,1,Não,1,1,0,0,Não,Não realizado,Sim,Moto,Sim,Não
Colisão,2009-11-11,04:15,Leste,"-25.439893, -49.226635",Seco / Noite,Seca,Sim,Não,Não,Sim,2,Sim,4,4,0,0,Não,Não realizado,Sim,Carro,Não,Não
Queda de moto,2024-11-12,22:45,Oeste,"-25.425218, -49.334464",Seco / Noite,Seca,Sim,Não,Não,Sim,3,Não,1,4,1,0,Não,Não realizado,Não,Carro,Não,Não
Atropelamento,2008-11-10,10:15,Norte,"-25.394256, -49.270031",Seco / Dia,Seca,Sim,Não,Não,Sim,4,Sim,5,4,1,0,Não,Não realizado,Sim,Bicicleta,Sim,Não
Atropelamento,2016-07-20,11:30,Sul,"-25.457782, -49.315917",Seco / Dia,Seca,Não,Não,Não,Sim,4,Sim,5,5,0,0,Não,Não realizado,Sim,Ônibus,Não,Não
Capotamento,2006-12-10,22:00,Sul,"-25.465433, -49.281195",Seco / Noite,Molhada,Não,Não,Não,Não,1,Sim,3,5,0,0,Não,Não realizado,Sim,Carro,Sim,Não
Atropelamento,2023-12-13,14:00,Oeste,"-25.424761, -49.336430",Seco / Dia,Molhada,Sim,Não,Sim,Sim,2,Não,1,2,0,0,Não,Não realizado,Sim,Bicicleta,Sim,Não
Colisão,2012-11-11,18:15,Centro,"-25.419984, -49.280194",Seco / Dia,Escorregadia,Não,Não,Sim,Sim,3,Não,1,3,3,0,Não,Não realizado,Sim,Bicicleta,Sim,Sim
Colisão,2025-07-23,04:15,Leste,"-25.421711, -49.236879",Chuva / Noite,Seca,Sim,Sim,Não,Sim,4,Não,1,1,1,0,Não,Não realizado,Sim,Moto,Sim,Não
Queda de moto,2006-01-01,17:00,Centro,"-25.412446, -49.263808",Chuva / Dia,Seca,Não,Não,Sim,Sim,3,Sim,4,2,0,0,Não,Não realizado,Sim,Ônibus,Não,Não
Colisão,2010-04-25,23:30,Centro,"-25.421996, -49.278333",Seco / Noite,Seca,Não,Sim,Não,Sim,4,Não,1,4,0,0,Não,Não realizado,Sim,Ônibus,Sim,Não
Queda de moto,2011-11-07,05:30,Oeste,"-25.439649, -49.305719",Seco / Noite,Escorregadia,Não,Sim,Não,Não,1,Sim,5,4,0,0,Sim,Positivo,Sim,Bicicleta,Não,Não
Queda de moto,2016-01-21,23:15,Leste,"-25.413210, -49.233463",Seco / Noite,Seca,Sim,Sim,Não,Sim,4,Não,1,1,1,0,Sim,Positivo,Sim,Bicicleta,Não,Não
Colisão,2016-04-27,17:45,Norte,"-25.394343, -49.278438",Seco / Dia,Escorregadia,Sim,Não,Não,Não,1,Não,1,1,1,0,Sim,Negativo,Sim,Ônibus,Não,Não
Colisão,2009-10-01,20:45,Oeste,"-25.436589, -49.324065",Seco / Noite,Molhada,Sim,Sim,Não,Sim,2,Não,1,3,2,0,Não,Não realizado,Sim,Ônibus,Não,Não
Colisão,2012-11-02,02:30,Norte,"-25.384307, -49.255196",Seco / Noite,Seca,Sim,Não,Sim,Sim,2,Sim,3,2,2,0,Sim,Negativo,Sim,Ônibus,Não,Não
Atropelamento,2006-12-10,20:30,Sul,"-25.476430, -49.287007",Seco / Noite,Molhada,Não,Não,Sim,Não,1,Não,1,5,0,0,Sim,Negativo,Sim,Carro,Não,Não
Colisão,2006-03-18,06:15,Norte,"-25.386999, -49.273584",Chuva / Dia,Seca,Não,Sim,Sim,Sim,2,Não,1,3,3,0,Sim,Positivo,Não,Caminhão,Não,Não
Colisão,2007-07-09,13:00,Sul,"-25.447244, -49.287645",Seco / Dia,Escorregadia,Sim,Não,Não,Não,1,Sim,5,5,5,0,Não,Não realizado,Sim,Caminhão,Sim,Não
Queda de moto,2017-09-28,13:30,Centro,"-25.439190, -49.275249",Chuva / Dia,Molhada,Não,Não,Não,Sim,2,Sim,4,1,1,0,Sim,Positivo,Sim,Ônibus,Sim,Não
Colisão,2015-03-02,05:00,Leste,"-25.419322, -49.211006",Seco / Noite,Seca,Sim,Não,Sim,Sim,2,Não,1,2,1,0,Não,Não realizado,Sim,Caminhão,Sim,Não
Colisão,2025-09-23,09:30,Leste,"-25.410774, -49.245941",Chuva / Dia,Seca,Sim,Não,Sim,Não,1,Sim,2,2,0,0,Não,Não realizado,Sim,Bicicleta,Não,Não
Colisão,2020-06-25,15:00,Centro,"-25.426504, -49.262497",Seco / Dia,Molhada,Sim,Não,Sim,Sim,3,Não,1,1,1,0,Não,Não realizado,Sim,Bicicleta,Sim,Não
Colisão,2011-02-12,13:45,Oeste,"-25.419924, -49.311296",Seco / Dia,Escorregadia,Não,Sim,Não,Não,1,Sim,3,1,1,0,Não,Não realizado,Sim,Ônibus,Não,Não
Colisão,2020-04-08,09:30,Centro,"-25.422665, -49.261819",Chuva / Dia,Escorregadia,Sim,Não,Sim,Não,1,Não,1,5,0,0,Não,Não realizado,Sim,Caminhão,Sim,Não
Colisão,2018-11-24,03:30,Norte,"-25.393374, -49.283560",Seco / Noite,Escorregadia,Sim,Sim,Sim,Sim,2,Sim,4,1,0,0,Não,Não realizado,Sim,Moto,Sim,Não
Colisão,2012-03-27,19:00,Leste,"-25.424341, -49.211980",Seco / Noite,Molhada,Não,Não,Sim,Não,1,Sim,3,4,0,0,Não,Não realizado,Sim,Moto,Não,Não
Colisão,2015-01-25,02:45,Sul,"-25.440542, -49.306113",Chuva / Noite,Molhada,Não,Sim,Não,Não,1,Não,1,3,1,0,Não,Não realizado,Sim,Bicicleta,Sim,Não
Colisão,2014-11-21,23:15,Leste,"-25.414786, -49.217358",Chuva / Noite,Escorregadia,Não,Sim,Não,Sim,3,Sim,3,1,0,0,Sim,Negativo,Sim,Ônibus,Não,Não
Colisão,2010-04-22,03:30,Norte,"-25.392068, -49.277224",Seco / Noite,Molhada,Não,Não,Não,Não,1,Sim,5,1,0,0,Não,Não realizado,Não,Bicicleta,Sim,Não
Colisão,2017-01-17,09:30,Leste,"-25.418694, -49.239205",Seco / Dia,Molhada,Não,Sim,Sim,Não,1,Não,1,4,4,0,Sim,Positivo,Sim,Carro,Sim,Não
Colisão,2016-12-30,08:15,Centro,"-25.414546, -49.273515",Seco / Dia,Seca,Não,Sim,Sim,Não,1,Sim,3,1,1,0,Sim,Negativo,Sim,Moto,Sim,Não
Queda de moto,2022-06-03,02:45,Sul,"-25.473618, -49.281655",Seco / Noite,Molhada,Sim,Não,Sim,Não,1,Não,1,2,0,0,Sim,Positivo,Sim,Moto,Não,Não
Colisão,2013-11-19,14:00,Centro,"-25.429494, -49.274459",Seco / Dia,Seca,Não,Não,Não,Sim,4,Sim,3,1,0,0,Não,Não realizado,Não,Moto,Não,Não
Colisão,2022-10-28,11:30,Sul,"-25.454603, -49.307344",Seco / Dia,Escorregadia,Não,Sim,Sim,Sim,3,Sim,2,1,1,0,Não,Não realizado,Sim,Bicicleta,Sim,Não
Capotamento,2009-03-31,19:15,Leste,"-25.439413, -49.249059",Seco / Noite,Escorregadia,Não,Não,Não,Sim,2,Sim,5,1,0,0,Não,Não realizado,Sim,Bicicleta,Sim,Não
Atropelamento,2024-10-04,22:00,Sul,"-25.460306, -49.299837",Seco / Noite,Escorregadia,Não,Sim,Sim,Não,1,Não,1,2,2,0,Não,Não realizado,Sim,Caminhão,Não,Não
Colisão,2008-10-17,06:30,Centro,"-25.432199, -49.264292",Seco / Dia,Seca,Sim,Não,Sim,Não,1,Não,1,1,0,0,Sim,Negativo,Sim,Caminhão,Não,Não
Colisão,2020-12-01,21:30,Centro,"-25.417594, -49.268789",Seco / Noite,Seca,Não,Sim,Não,Não,1,Não,1,2,1,0,Não,Não realizado,Não,Bicicleta,Sim,Não
Atropelamento,2010-07-10,02:00,Norte,"-25.386861, -49.289787",Chuva / Noite,Escorregadia,Sim,Sim,Sim,Não,1,Não,1,3,3,0,Sim,Negativo,Sim,Ônibus,Sim,Não
Queda de moto,2017-05-26,02:15,Oeste,"-25.435136, -49.313505",Chuva / Noite,Escorregadia,Não,Sim,Não,Não,1,Não,1,5,4,0,Não,Não realizado,Sim,Moto,Sim,Não
Atropelamento,2006-11-14,21:15,Centro,"-25.416725, -49.273074",Seco / Noite,Seca,Não,Não,Sim,Não,1,Sim,5,5,4,0,Não,Não realizado,Sim,Caminhão,Sim,Não
Colisão,2021-11-07,12:45,Norte,"-25.401557, -49.286764",Neblina / Dia,Escorregadia,Sim,Não,Não,Não,1,Sim,2,1,1,0,Não,Não realizado,Sim,Ônibus,Não,Não
Colisão,2023-09-19,01:45,Leste,"-25.416958, -49.232488",Seco / Noite,Escorregadia,Não,Sim,Não,Não,1,Não,1,1,1,0,Sim,Negativo,Sim,Ônibus,Não,Não
Capotamento,2017-01-12,23:45,Oeste,"-25.422470, -49.316879",Seco / Noite,Seca,Sim,Não,Não,Não,1,Sim,4,2,0,0,Não,Não realizado,Sim,Caminhão,Sim,Não
Colisão,2006-05-21,09:30,Norte,"-25.383658, -49.254431",Seco / Dia,Molhada,Não,Sim,Sim,Sim,3,Não,1,2,1,0,Não,Não realizado,Sim,Caminhão,Não,Não
Colisão,2022-11-27,13:00,Oeste,"-25.425583, -49.315576",Seco / Dia,Escorregadia,Não,Sim,Não,Não,1,Sim,4,2,2,0,Não,Não realizado,Sim,Caminhão,Sim,Não
Colisão,2012-08-06,14:45,Sul,"-25.447756, -49.295067",Seco / Dia,Escorregadia,Não,Não,Sim,Sim,4,Não,1,1,1,0,Não,Não realizado,Sim,Carro,Não,Não
Colisão,2017-05-23,01:45,Leste,"-25.420722, -49.225504",Seco / Noite,Escorregadia,Não,Não,Não,Sim,4,Não,1,4,0,0,Sim,Positivo,Sim,Moto,Sim,Não
Colisão,2025-03-04,22:15,Sul,"-25.443357, -49.315377",Seco / Noite,Escorregadia,Não,Não,Sim,Sim,2,Sim,5,1,0,0,Sim,Positivo,Sim,Moto,Não,Não
Colisão,2014-10-23,07:30,Oeste,"-25.430837, -49.322925",Neblina / Dia,Seca,Sim,Sim,Sim,Sim,2,Não,1,2,2,0,Sim,Positivo,Sim,Bicicleta,Sim,Não
Capotamento,2016-11-14,05:45,Centro,"-25.439689, -49.271703",Chuva / Noite,Seca,Sim,Sim,Não,Não,1,Sim,4,3,2,0,Não,Não realizado,Sim,Caminhão,Não,Não
Capotamento,2023-08-16,07:30,Sul,"-25.447496, -49.289813",Seco / Dia,Molhada,Não,Sim,Sim,Não,1,Não,1,2,0,0,Não,Não realizado,Sim,Caminhão,Não,Não
Capotamento,2022-12-25,03:30,Leste,"-25.433682, -49.236012",Seco / Noite,Escorregadia,Não,Não,Sim,Sim,4,Sim,2,2,0,0,Não,Não realizado,Não,Caminhão,Sim,Não
Atropelamento,2006-01-13,19:30,Centro,"-25.410799, -49.288768",Seco / Noite,Escorregadia,Não,Não,Não,Sim,2,Não,1,4,2,0,Sim,Negativo,Sim,Moto,Sim,Não
Colisão,2017-04-12,09:00,Oeste,"-25.435910, -49.331226",Chuva / Dia,Seca,Não,Não,Não,Sim,4,Não,1,1,0,0,Não,Não realizado,Sim,Ônibus,Não,Não
Queda de moto,2016-03-10,23:00,Norte,"-25.391470, -49.257292",Seco / Noite,Molhada,Sim,Sim,Não,Sim,4,Sim,5,1,0,0,Não,Não realizado,Sim,Caminhão,Não,Não
Atropelamento,2005-08-22,21:45,Centro,"-25.427644, -49.266829",Seco / Noite,Molhada,Não,Sim,Sim,Não,1,Não,1,3,3,0,Não,Não realizado,Sim,Moto,Sim,Não
Colisão,2015-03-19,09:30,Norte,"-25.391888, -49.260451",Seco / Dia,Seca,Não,Sim,Não,Não,1,Sim,3,4,2,0,Não,Não realizado,Sim,Moto,Não,Não
Colisão,2024-01-10,03:45,Norte,"-25.401754, -49.246082",Seco / Noite,Molhada,Não,Não,Não,Não,1,Sim,2,3,1,0,Não,Não realizado,Sim,Bicicleta,Não,Não
Atropelamento,2011-01-21,16:45,Centro,"-25.429814, -49.267685",Chuva / Dia,Seca,Não,Não,Não,Sim,3,Sim,3,4,1,0,Não,Não realizado,Sim,Caminhão,Não,Sim
Colisão,2005-09-19,21:15,Centro,"-25.430167, -49.283879",Chuva / Noite,Seca,Sim,Não,Não,Não,1,Sim,4,2,2,0,Não,Não realizado,Sim,Moto,Sim,Não
Atropelamento,2025-08-28,22:00,Norte,"-25.393188, -49.284459",Seco / Noite,Seca,Não,Não,Não,Sim,4,Não,1,5,2,0,Não,Não realizado,Sim,Bicicleta,Não,Não
Capotamento,2013-02-20,04:30,Oeste,"-25.433819, -49.309747",Seco / Noite,Seca,Sim,Sim,Sim,Sim,2,Sim,5,3,1,0,Não,Não realizado,Sim,Bicicleta,Não,Não
Queda de moto,2010-05-06,13:00,Oeste,"-25.432616, -49.318214",Seco / Dia,Molhada,Sim,Sim,Sim,Sim,4,Não,1,3,0,0,Não,Não realizado,Não,Moto,Sim,Não
Colisão,2021-07-20,13:45,Centro,"-25.418770, -49.267826",Seco / Dia,Seca,Não,Sim,Sim,Não,1,Sim,4,1,1,0,Sim,Negativo,Sim,Ônibus,Sim,Não
Atropelamento,2024-09-03,07:00,Centro,"-25.415529, -49.262025",Seco / Dia,Molhada,Não,Não,Sim,Sim,2,Sim,4,4,0,0,Não,Não realizado,Sim,Ônibus,Sim,Não
Colisão,2010-11-09,23:00,Leste,"-25.417548, -49.201062",Chuva / Noite,Molhada,Sim,Não,Sim,Sim,3,Não,1,2,2,0,Sim,Negativo,Sim,Bicicleta,Sim,Não
Queda de moto,2010-01-02,17:30,Norte,"-25.396330, -49.244533",Seco / Dia,Molhada,Sim,Sim,Sim,Sim,2,Sim,5,2,0,0,Não,Não realizado,Sim,Moto,Não,Não
Colisão,2018-10-07,15:45,Centro,"-25.426894, -49.278890",Seco / Dia,Escorregadia,Não,Não,Não,Sim,3,Não,1,2,0,0,Não,Não realizado,Não,Carro,Não,Não
Capotamento,2010-04-26,08:45,Centro,"-25.423239, -49.271718",Seco / Dia,Molhada,Sim,Não,Não,Sim,4,Não,1,1,0,0,Sim,Positivo,Sim,Caminhão,Não,Não
Queda de moto,2007-11-24,15:45,Sul,"-25.475446, -49.318942",Chuva / Dia,Molhada,Não,Não,Não,Não,1,Não,1,2,2,0,Não,Não realizado,Sim,Ônibus,Não,Não
Colisão,2011-07-07,19:00,Oeste,"-25.439840, -49.300680",Chuva / Noite,Seca,Sim,Não,Não,Não,1,Sim,2,1,1,0,Não,Não realizado,Sim,Bicicleta,Sim,Não
Atropelamento,2017-04-14,16:15,Centro,"-25.428010, -49.288052",Seco / Dia,Escorregadia,Não,Não,Não,Não,1,Sim,4,5,4,0,Não,Não realizado,Não,Moto,Sim,Não
Colisão,2005-08-29,23:45,Sul,"-25.447430, -49.308960",Chuva / Noite,Escorregadia,Sim,Não,Sim,Sim,2,Não,1,2,0,0,Não,Não realizado,Sim,Moto,Não,Não
Colisão,2016-12-11,22:15,Oeste,"-25.429016, -49.336275",Seco / Noite,Molhada,Sim,Não,Sim,Não,1,Não,1,2,0,0,Não,Não realizado,Sim,Caminhão,Sim,Não
Queda de moto,2016-12-24,22:30,Centro,"-25.427463, -49.282339",Neblina / Noite,Seca,Não,Não,Sim,Não,1,Sim,2,1,1,0,Sim,Negativo,Sim,Moto,Não,Não
Atropelamento,2019-05-17,12:45,Oeste,"-25.437197, -49.338106",Seco / Dia,Molhada,Sim,Sim,Não,Sim,4,Não,1,3,1,0,Sim,Negativo,Sim,Caminhão,Não,Sim
Atropelamento,2015-04-21,11:15,Norte,"-25.389672, -49.258636",Seco / Dia,Seca,Sim,Sim,Não,Sim,3,Sim,3,4,3,0,Sim,Negativo,Sim,Moto,Sim,Não
Colisão,2013-02-10,03:30,Norte,"-25.394031, -49.270316",Seco / Noite,Molhada,Sim,Não,Sim,Sim,4,Não,1,1,0,0,Sim,Positivo,Sim,Ônibus,Não,Não
Colisão,2008-09-26,18:45,Sul,"-25.479235, -49.282622",Chuva / Dia,Seca,Não,Sim,Sim,Não,1,Não,1,3,3,0,Não,Não realizado,Sim,Moto,Sim,Não
Atropelamento,2011-04-24,01:15,Centro,"-25.417781, -49.283294",Seco / Noite,Escorregadia,Sim,Sim,Não,Não,1,Sim,3,2,1,0,Sim,Positivo,Sim,Caminhão,Não,Não
Capotamento,2020-08-08,08:45,Sul,"-25.476195, -49.315053",Seco / Dia,Seca,Sim,Sim,Sim,Não,1,Não,1,5,0,0,Sim,Positivo,Sim,Bicicleta,Não,Não
Capotamento,2024-05-10,03:45,Leste,"-25.434624, -49.215131",Chuva / Noite,Seca,Sim,Sim,Não,Sim,2,Sim,3,5,5,0,Sim,Negativo,Sim,Ônibus,Não,Não
Capotamento,2017-08-06,19:15,Leste,"-25.432713, -49.243750",Seco / Noite,Molhada,Sim,Não,Não,Não,1,Não,1,1,1,0,Não,Não realizado,Sim,Moto,Não,Não
Atropelamento,2006-08-08,20:00,Oeste,"-25.413543, -49.318460",Neblina / Noite,Escorregadia,Sim,Sim,Não,Sim,3,Não,1,3,0,0,Sim,Negativo,Sim,Bicicleta,Sim,Não
Queda de moto,2023-10-14,05:30,Centro,"-25.414116, -49.279729",Seco / Noite,Molhada,Não,Não,Sim,Não,1,Sim,2,4,3,0,Sim,Positivo,Sim,Caminhão,Não,Não
Colisão,2024-07-23,05:15,Oeste,"-25.412933, -49.310381",Seco / Noite,Seca,Sim,Não,Sim,Não,1,Não,1,1,1,0,Não,Não realizado,Sim,Carro,Sim,Não
Colisão,2019-11-12,12:45,Sul,"-25.465519, -49.294852",Seco / Dia,Escorregadia,Não,Não,Não,Não,1,Sim,2,1,1,0,Sim,Positivo,Sim,Bicicleta,Não,Não
Colisão,2017-02-09,10:45,Oeste,"-25.420141, -49.308836",Neblina / Dia,Seca,Sim,Sim,Sim,Não,1,Não,1,2,0,0,Não,Não realizado,Sim,Ônibus,Sim,Não
Colisão,2022-05-04,14:15,Centro,"-25.432811, -49.266189",Chuva / Dia,Seca,Não,Sim,Não,Sim,3,Sim,3,2,2,0,Não,Não realizado,Sim,Ônibus,Sim,Não
Colisão,2020-06-17,22:15,Oeste,"-25.433915, -49.311257",Seco / Noite,Escorregadia,Sim,Sim,Sim,Não,1,Sim,4,3,3,0,Sim,Positivo,Sim,Bicicleta,Não,Não
Queda de moto,2014-04-01,13:00,Oeste,"-25.439600, -49.307457",Chuva / Dia,Escorregadia,Sim,Não,Sim,Sim,3,Sim,4,1,1,0,Não,Não realizado,Sim,Ônibus,Sim,Não
Colisão,2025-07-19,07:15,Centro,"-25.411317, -49.288658",Chuva / Dia,Molhada,Não,Não,Não,Não,1,Não,1,3,1,0,Não,Não realizado,Sim,Caminhão,Sim,Não
Queda de moto,2019-12-21,18:15,Centro,"-25.432421, -49.268687",Chuva / Dia,Molhada,Sim,Sim,Não,Não,1,Não,1,4,0,0,Sim,Positivo,Sim,Caminhão,Não,Não
Colisão,2018-05-12,05:00,Oeste,"-25.411076, -49.317695",Seco / Noite,Escorregadia,Não,Sim,Sim,Sim,4,Sim,3,1,0,0,Não,Não realizado,Sim,Caminhão,Sim,Não
Atropelamento,2005-07-12,00:15,Oeste,"-25.420670, -49.332248",Seco / Noite,Seca,Não,Não,Sim,Não,1,Sim,5,3,0,0,Não,Não realizado,Sim,Caminhão,Não,Não
Colisão,2012-07-29,12:15,Norte,"-25.386135, -49.264256",Seco / Dia,Molhada,Sim,Não,Não,Sim,4,Não,1,1,1,0,Não,Não realizado,Sim,Moto,Não,Não
Colisão,2014-10-29,17:45,Centro,"-25.411502, -49.287208",Chuva / Dia,Escorregadia,Não,Sim,Não,Sim,4,Sim,4,1,0,0,Não,Não realizado,Não,Bicicleta,Não,Não
Colisão,2024-06-17,17:15,Oeste,"-25.425253, -49.334957",Seco / Dia,Molhada,Não,Não,Sim,Sim,2,Sim,3,2,2,0,Sim,Positivo,Sim,Caminhão,Não,Não
Atropelamento,2011-05-17,01:45,Oeste,"-25.417968, -49.338408",Seco / Noite,Molhada,Não,Não,Sim,Sim,3,Não,1,3,2,0,Não,Não realizado,Sim,Carro,Não,Não
Colisão,2010-05-31,03:30,Sul,"-25.465435, -49.280115",Seco / Noite,Seca,Não,Não,Sim,Não,1,Sim,4,1,0,0,Não,Não realizado,Sim,Carro,Sim,Não
Colisão,2020-02-15,04:45,Centro,"-25.429029, -49.264991",Seco / Noite,Escorregadia,Não,Não,Não,Sim,3,Sim,5,5,4,0,Não,Não realizado,Sim,Moto,Sim,Não
Colisão,2021-11-29,03:15,Sul,"-25.446056, -49.313259",Seco / Noite,Escorregadia,Sim,Não,Sim,Sim,3,Não,1,1,0,0,Sim,Positivo,Sim,Moto,Não,Não
Atropelamento,2013-12-23,15:00,Leste,"-25.415967, -49.202038",Chuva / Dia,Seca,Não,Não,Sim,Sim,3,Sim,4,5,5,0,Não,Não realizado,Sim,Caminhão,Não,Não
Colisão,2011-12-31,20:30,Norte,"-25.409492, -49.287574",Chuva / Noite,Molhada,Sim,Sim,Não,Sim,2,Sim,5,3,3,0,Não,Não realizado,Sim,Bicicleta,Não,Não
Queda de moto,2022-10-12,16:45,Leste,"-25.439271, -49.220283",Chuva / Dia,Seca,Sim,Não,Não,Não,1,Não,1,2,1,1,Não,Não realizado,Sim,Ônibus,Não,Não
Atropelamento,2010-06-21,10:30,Norte,"-25.389000, -49.283370",Seco / Dia,Escorregadia,Sim,Sim,Sim,Não,1,Não,1,4,1,0,Não,Não realizado,Sim,Caminhão,Sim,Não
Queda de moto,2020-06-30,17:30,Centro,"-25.435351, -49.280292",Chuva / Dia,Seca,Não,Não,Sim,Não,1,Sim,5,1,1,0,Sim,Positivo,Sim,Caminhão,Sim,Não
Colisão,2023-09-21,20:00,Sul,"-25.454304, -49.281605",Seco / Noite,Molhada,Não,Sim,Não,Sim,3,Sim,4,1,0,0,Não,Não realizado,Não,Carro,Sim,Não