TIPO DE ACIDENTE,DATA,HORA,REGIÃO,COORDENADA GEOGRÁFICA,SITUAÇÃO CLIMÁTICA/LUMINOSIDADE,CONDIÇÕES DA SUPERFÍCIE DE ROLAMENTO,POSSUI SINALIZAÇÃO HORIZONTAL,POSSUI SINALIZAÇÃO VERTICAL,PRÓXIMO A EQUIPO ELETRÔNICO,HOUVE OUTROS VEÍCULOS ENVOLVIDOS,QUANTOS VEÍCULOS,HAVIA OUTROS OCUPANTES NO VEÍCULO,QUANTOS OCUPANTES,ENVOLVIDOS,FERIDOS,ÓBITOS,FOI REALIZADO O TESTE DE BAFÔMETRO,QUAL O RESULTADO,POSSUI HABILITAÇÃO,VEÍCULO TIPO,HOUVE DANOS AO PATRIMÔNIO PÚBLICO?,HOUVE DANOS AO MEIO AMBIENTE?
Colisão,2024-11-20,05:15,Oeste,"-25.416605, -49.336038",Seco / Noite,Escorregadia,Não,Não,Não,Não,1,Sim,2,2,0,0,Sim,Positivo,Sim,Ônibus,Não,Não
Colisão,2019-04-09,10:30,Oeste,"-25.415912, -49.304313",Chuva / Dia,Molhada,Não,Sim,Sim,Sim,4,Não,1,3,1,0,Não,Não realizado,Sim,Moto,Sim,Não
Queda de moto,2020-04-30,07:30,Centro,"-25.437629, -49.270507",Seco / Dia,Molhada,Não,Não,Sim,Sim,4,Sim,5,1,1,0,Não,Não realizado,Sim,Moto,Sim,Não
Colisão,2009-05-11,11:00,Leste,"-25.424731, -49.203342",Seco / Dia,Molhada,Sim,Não,Não,Não,1,Não,1,1,1,0,Não,Não realizado,Não,Bicicleta,Não,Não
Atropelamento,2020-04-29,06:45,Centro,"-25.421822, -49.285892",Chuva / Dia,Molhada,Não,Sim,Não,Sim,2,Não,1,3,2,0,Sim,Negativo,Sim,Ônibus,Não,Não
Colisão,2023-06-18,17:00,Leste,"-25.433579, -49.225336",Seco / Dia,Seca,Sim,Sim,Não,Sim,4,Sim,5,2,1,0,Não,Não realizado,Sim,Ônibus,Não,Não
Atropelamento,2006-06-10,13:00,Oeste,"-25.421577, -49.311826",Seco / Dia,Molhada,Não,Não,Não,Sim,2,Não,1,2,0,0,Não,Não realizado,Sim,Bicicleta,Não,Não
Colisão,2009-10-16,00:00,Sul,"-25.463356, -49.300718",Chuva / Noite,Escorregadia,Não,Não,Sim,Sim,2,Não,1,5,0,0,Não,Não realizado,Sim,Caminhão,Não,Não
Colisão,2008-08-08,14:15,Centro,"-25.421442, -49.260497",Seco / Dia,Molhada,Sim,Sim,Sim,Sim,3,Não,1,3,1,0,Sim,Positivo,Sim,Caminhão,Sim,Não
Queda de moto,2021-02-11,23:15,Sul,"-25.474939, -49.300776",Seco / Noite,Seca,Sim,Não,Não,Não,1,Sim,3,4,4,0,Não,Não realizado,Sim,Carro,Sim,Não
Colisão,2013-12-16,06:45,Centro,"-25.423282, -49.268064",Chuva / Dia,Escorregadia,Sim,Sim,Sim,Não,1,Não,1,1,0,0,Não,Não realizado,Sim,Bicicleta,Sim,Não
Colisão,2025-02-13,17:30,Leste,"-25.438788, -49.225958",Seco / Dia,Escorregadia,Sim,Sim,Sim,Sim,4,Sim,5,2,1,0,Não,Não realizado,Sim,Moto,Sim,Não
Colisão,2010-01-08,20:15,Leste,"-25.418934, -49.216877",Seco / Noite,Molhada,Não,Sim,Não,Sim,4,Não,1,3,1,0,Sim,Negativo,Sim,Caminhão,Não,Não
Colisão,2018-07-18,08:00,Oeste,"-25.415158, -49.330218",Chuva / Dia,Molhada,Sim,Sim,Não,Sim,3,Não,1,3,3,0,Não,Não realizado,Sim,Carro,Não,Não
Queda de moto,2009-11-23,00:45,Centro,"-25.429126, -49.277883",Chuva / Noite,Seca,Não,Sim,Sim,Não,1,Sim,5,1,1,0,Não,Não realizado,Sim,Caminhão,Sim,Não
Colisão,2005-05-17,13:30,Leste,"-25.432607, -49.201961",Seco / Dia,Escorregadia,Sim,Não,Não,Sim,4,Sim,2,1,0,0,Não,Não realizado,Não,Caminhão,Sim,Não
Colisão,2013-03-27,20:30,Oeste,"-25.435186, -49.305026",Chuva / Noite,Seca,Sim,Sim,Não,Sim,4,Não,1,2,2,0,Não,Não realizado,Sim,Ônibus,Sim,Não
Capotamento,2013-11-07,15:15,Leste,"-25.423235, -49.242151",Seco / Dia,Escorregadia,Não,Não,Não,Não,1,Sim,2,1,1,0,Sim,Negativo,Sim,Caminhão,Não,Não
Colisão,2016-11-16,12:15,Oeste,"-25.422160, -49.328709",Chuva / Dia,Seca,Não,Não,Sim,Não,1,Não,1,2,2,0,Sim,Negativo,Não,Moto,Sim,Não
Colisão,2020-10-09,00:45,Centro,"-25.419060, -49.261368",Seco / Noite,Escorregadia,Não,Não,Sim,Sim,2,Não,1,1,0,0,Não,Não realizado,Sim,Moto,Sim,Não
Capotamento,2009-04-21,07:45,Centro,"-25.421342, -49.274939",Seco / Dia,Molhada,Não,Não,Sim,Sim,4,Não,1,2,2,0,Não,Não realizado,Sim,Caminhão,Sim,Não
Queda de moto,2007-03-26,05:30,Sul,"-25.449442, -49.314583",Neblina / Noite,Seca,Não,Sim,Sim,Sim,4,Sim,5,2,0,0,Sim,Negativo,Sim,Bicicleta,Sim,Sim
Atropelamento,2008-05-21,23:30,Leste,"-25.431470, -49.233581",Seco / Noite,Seca,Sim,Sim,Sim,Sim,2,Sim,5,4,4,0,Não,Não realizado,Sim,Carro,Sim,Não
Colisão,2015-11-01,23:45,Sul,"-25.448248, -49.284506",Chuva / Noite,Escorregadia,Sim,Não,Sim,Não,1,Não,1,1,0,0,Não,Não realizado,Sim,Ônibus,Sim,Não
Colisão,2006-02-27,10:30,Oeste,"-25.416716, -49.308529",Chuva / Dia,Escorregadia,Não,Sim,Não,Não,1,Sim,3,1,1,0,Não,Não realizado,Sim,Moto,Sim,Não
Colisão,2014-10-01,07:15,Leste,"-25.416206, -49.246074",Seco / Dia,Seca,Sim,Não,Não,Sim,2,Sim,5,3,0,0,Sim,Negativo,Sim,Bicicleta,Não,Não
Capotamento,2021-01-09,01:30,Centro,"-25.412772, -49.284193",Seco / Noite,Escorregadia,Não,Sim,Sim,Não,1,Não,1,4,3,0,Sim,Negativo,Sim,Carro,Não,Não
Colisão,2020-09-16,00:45,Sul,"-25.465170, -49.314784",Chuva / Noite,Molhada,Sim,Sim,Sim,Sim,4,Não,1,1,0,0,Não,Não realizado,Sim,Bicicleta,Sim,Não
Colisão,2018-05-10,16:30,Norte,"-25.401880, -49.281047",Chuva / Dia,Seca,Não,Não,Sim,Não,1,Não,1,1,0,0,Não,Não realizado,Sim,Ônibus,Sim,Não
Atropelamento,2008-11-28,08:00,Centro,"-25.413255, -49.281199",Seco / Dia,Escorregadia,Não,Sim,Não,Sim,4,Sim,4,5,1,0,Sim,Positivo,Sim,Moto,Não,Não
Colisão,2006-08-12,05:00,Centro,"-25.433779, -49.269654",Seco / Noite,Seca,Sim,Sim,Não,Não,1,Não,1,1,0,0,Não,Não realizado,Sim,Ônibus,Sim,Não
Colisão,2019-05-09,01:45,Leste,"-25.413567, -49.236772",Seco / Noite,Seca,Sim,Não,Não,Não,1,Não,1,2,0,0,Não,Não realizado,Sim,Moto,Sim,Não
Atropelamento,2016-08-25,17:30,Oeste,"-25.415615, -49.309101",Seco / Dia,Seca,Não,Sim,Sim,Não,1,Não,1,2,0,0,Sim,Positivo,Não,Ônibus,Sim,Não
Atropelamento,2017-07-19,00:45,Sul,"-25.448603, -49.316746",Chuva / Noite,Molhada,Sim,Sim,Não,Não,1,Sim,4,3,1,0,Sim,Negativo,Não,Ônibus,Não,Não
Capotamento,2007-05-27,14:00,Sul,"-25.453584, -49.283536",Seco / Dia,Escorregadia,Não,Não,Não,Não,1,Não,1,3,2,0,Não,Não realizado,Sim,Caminhão,Sim,Não
Atropelamento,2011-09-11,12:00,Leste,"-25.418081, -49.223758",Seco / Dia,Escorregadia,Não,Sim,Sim,Não,1,Não,1,5,0,0,Não,Não realizado,Sim,Caminhão,Não,Não
Colisão,2022-07-23,04:45,Leste,"-25.434343, -49.213582",Seco / Noite,Escorregadia,Não,Sim,Sim,Sim,4,Sim,3,2,0,0,Não,Não realizado,Sim,Bicicleta,Sim,Não
Queda de moto,2019-09-20,23:45,Norte,"-25.384517, -49.243141",Chuva / Noite,Molhada,Não,Sim,Não,Não,1,Não,1,5,5,0,Não,Não realizado,Sim,Moto,Sim,Sim
Colisão,2011-05-19,23:15,Sul,"-25.444307, -49.280877",Seco / Noite,Seca,Não,Não,Não,Sim,2,Não,1,1,0,0,Não,Não realizado,Sim,Ônibus,Sim,Não
Colisão,2011-07-20,07:15,Centro,"-25.418013, -49.284770",Seco / Dia,Molhada,Não,Sim,Sim,Não,1,Sim,3,2,2,0,Não,Não realizado,Não,Carro,Não,Não
Colisão,2009-09-18,08:00,Oeste,"-25.432716, -49.325551",Seco / Dia,Escorregadia,Sim,Sim,Não,Não,1,Sim,2,1,0,0,Sim,Negativo,Sim,Bicicleta,Sim,Não
Colisão,2018-10-17,15:00,Oeste,"-25.417689, -49.315501",Neblina / Dia,Molhada,Sim,Não,Não,Não,1,Não,1,3,1,0,Sim,Positivo,Não,Caminhão,Sim,Não
Colisão,2022-04-08,12:00,Centro,"-25.414592, -49.283157",Chuva / Dia,Escorregadia,Sim,Não,Sim,Sim,4,Sim,3,2,2,0,Não,Não realizado,Sim,Carro,Não,Não
Atropelamento,2024-12-09,11:00,Centro,"-25.419895, -49.288635",Seco / Dia,Molhada,Sim,Sim,Sim,Não,1,Sim,4,5,1,0,Não,Não realizado,Sim,Bicicleta,Sim,Não
Colisão,2013-08-29,10:30,Norte,"-25.385336, -49.272109",Chuva / Dia,Escorregadia,Sim,Sim,Sim,Não,1,Sim,3,2,2,0,Não,Não realizado,Sim,Bicicleta,Sim,Não
Atropelamento,2021-11-20,14:45,Sul,"-25.459680, -49.302756",Chuva / Dia,Escorregadia,Não,Sim,Não,Sim,4,Não,1,3,0,0,Não,Não realizado,Sim,Bicicleta,Não,Não
Colisão,2009-01-10,21:00,Oeste,"-25.413653, -49.304813",Chuva / Noite,Escorregadia,Não,Não,Não,Não,1,Sim,4,1,0,0,Sim,Negativo,Sim,Bicicleta,Sim,Não
Colisão,2005-08-24,05:45,Oeste,"-25.411738, -49.302882",Chuva / Noite,Seca,Sim,Sim,Não,Sim,2,Sim,2,1,0,0,Não,Não realizado,Sim,Bicicleta,Sim,Não
Colisão,2009-06-16,16:30,Oeste,"-25.428543, -49.329436",Chuva / Dia,Escorregadia,Não,Não,Sim,Não,1,Não,1,1,1,0,Sim,Positivo,Sim,Moto,Não,Não
Colisão,2006-05-23,14:45,Norte,"-25.395793, -49.285998",Seco / Dia,Escorregadia,Não,Sim,Sim,Sim,4,Sim,2,3,2,0,Não,Não realizado,Sim,Ônibus,Não,Não
Colisão,2007-12-28,12:30,Sul,"-25.479226, -49.289501",Seco / Dia,Molhada,Sim,Sim,Não,Sim,3,Sim,5,3,2,0,Sim,Negativo,Não,Ônibus,Sim,Não
Atropelamento,2023-05-06,22:15,Norte,"-25.408311, -49.242440",Seco / Noite,Molhada,Não,Não,Sim,Não,1,Sim,4,5,0,0,Não,Não realizado,Sim,Bicicleta,Sim,Não
Colisão,2017-04-24,08:00,Leste,"-25.413086, -49.200529",Seco / Dia,Seca,Sim,Sim,Sim,Sim,3,Não,1,2,2,0,Não,Não realizado,Sim,Moto,Sim,Não
Colisão,2025-12-22,12:00,Oeste,"-25.437976, -49.328979",Seco / Dia,Escorregadia,Não,Não,Não,Sim,3,Não,1,4,1,0,Não,Não realizado,Sim,Moto,Não,Não
Colisão,2015-01-14,13:30,Oeste,"-25.439831, -49.332995",Seco / Dia,Molhada,Sim,Sim,Não,Sim,4,Sim,2,1,1,0,Sim,Negativo,Sim,Carro,Sim,Não
Atropelamento,2005-12-23,18:45,Oeste,"-25.416986, -49.303591",Seco / Dia,Molhada,Não,Não,Não,Sim,3,Não,1,5,0,0,Não,Não realizado,Não,Caminhão,Não,Não
Queda de moto,2017-12-18,06:45,Oeste,"-25.432500, -49.307940",Seco / Dia,Molhada,Sim,Não,Sim,Não,1,Sim,3,5,4,1,Não,Não realizado,Sim,Carro,Não,Não
Colisão,2012-02-16,13:30,Norte,"-25.384658, -49.260763",Chuva / Dia,Seca,Não,Não,Não,Não,1,Sim,4,4,0,0,Não,Não realizado,Sim,Moto,Não,Não
Atropelamento,2015-09-18,06:45,Leste,"-25.429547, -49.208447",Seco / Dia,Seca,Não,Sim,Não,Não,1,Não,1,5,0,0,Não,Não realizado,Não,Bicicleta,Sim,Não
Colisão,2016-09-17,14:45,Norte,"-25.403120, -49.261653",Seco / Dia,Escorregadia,Não,Sim,Não,Não,1,Não,1,1,1,0,Não,Não realizado,Sim,Caminhão,Não,Não
Atropelamento,2021-09-29,09:45,Centro,"-25.413912, -49.266271",Chuva / Dia,Seca,Sim,Não,Sim,Não,1,Não,1,4,3,0,Não,Não realizado,Sim,Carro,Não,Não
Colisão,2021-10-18,23:00,Leste,"-25.412637, -49.232863",Seco / Noite,Seca,Sim,Sim,Sim,Não,1,Sim,4,1,1,0,Não,Não realizado,Sim,Caminhão,Não,Não
Queda de moto,2013-02-23,07:15,Sul,"-25.469660, -49.289284",Chuva / Dia,Molhada,Não,Sim,Sim,Sim,2,Não,1,1,0,0,Não,Não realizado,Sim,Moto,Sim,Não
Atropelamento,2016-06-08,00:00,Leste,"-25.439950, -49.235627",Seco / Noite,Escorregadia,Sim,Não,Não,Sim,2,Sim,5,4,0,0,Não,Não realizado,Sim,Ônibus,Não,Não
Atropelamento,2024-01-06,07:15,Centro,"-25.411023, -49.261956",Seco / Dia,Escorregadia,Sim,Sim,Sim,Sim,3,Não,1,5,0,0,Não,Não realizado,Não,Ônibus,Sim,Não
Queda de moto,2024-02-13,20:15,Oeste,"-25.429673, -49.329592",Seco / Noite,Molhada,Sim,Sim,Não,Não,1,Sim,5,1,1,0,Não,Não realizado,Não,Carro,Não,Não
Atropelamento,2016-11-27,09:45,Leste,"-25.421333, -49.231637",Chuva / Dia,Seca,Não,Sim,Não,Sim,2,Não,1,4,4,0,Não,Não realizado,Sim,Moto,Sim,Não
Queda de moto,2013-11-27,05:15,Norte,"-25.390077, -49.248198",Seco / Noite,Escorregadia,Sim,Sim,Não,Não,1,Não,1,1,1,0,Não,Não realizado,Sim,Moto,Sim,Não
Queda de moto,2021-08-07,11:30,Oeste,"-25.433590, -49.336759",Seco / Dia,Seca,Sim,Sim,Sim,Não,1,Sim,3,1,1,0,Não,Não realizado,Sim,Bicicleta,Não,Não
Colisão,2012-06-16,13:00,Norte,"-25.387981, -49.271096",Chuva / Dia,Molhada,Não,Não,Não,Sim,4,Não,1,2,1,0,Não,Não realizado,Sim,Caminhão,Sim,Não
Colisão,2024-07-18,08:30,Oeste,"-25.422294, -49.321019",Seco / Dia,Escorregadia,Não,Não,Não,Sim,4,Sim,4,2,2,0,Não,Não realizado,Não,Moto,Sim,Não
Queda de moto,2006-03-14,15:15,Centro,"-25.427997, -49.263364",Seco / Dia,Escorregadia,Não,Não,Não,Sim,3,Sim,5,1,1,0,Não,Não realizado,Sim,Moto,Sim,Não
Colisão,2024-07-25,23:00,Sul,"-25.478998, -49.305580",Seco / Noite,Seca,Sim,Sim,Não,Sim,3,Não,1,1,0,0,Não,Não realizado,Não,Ônibus,Sim,Não
Colisão,2006-02-18,00:30,Sul,"-25.456658, -49.303559",Seco / Noite,Escorregadia,Não,Não,Sim,Não,1,Não,1,3,2,0,Sim,Negativo,Sim,Moto,Sim,Não
Colisão,2018-05-25,16:45,Sul,"-25.450311, -49.282020",Seco / Dia,Escorregadia,Sim,Não,Sim,Não,1,Não,1,3,0,0,Não,Não realizado,Sim,Bicicleta,Não,Não
Capotamento,2025-02-21,10:45,Norte,"-25.380604, -49.287301",Chuva / Dia,Seca,Não,Não,Não,Sim,3,Sim,4,3,3,0,Não,Não realizado,Sim,Bicicleta,Sim,Não
Queda de moto,2008-12-25,16:30,Norte,"-25.383646, -49.246091",Chuva / Dia,Seca,Não,Sim,Não,Não,1,Sim,5,4,0,0,Não,Não realizado,Sim,Carro,Não,Não
Colisão,2005-10-09,10:30,Oeste,"-25.413248, -49.311224",Seco / Dia,Seca,Não,Não,Não,Não,1,Não,1,2,0,0,Não,Não realizado,Sim,Moto,Não,Não
Colisão,2019-04-04,08:45,Sul,"-25.463302, -49.302055",Seco / Dia,Escorregadia,Sim,Não,Sim,Sim,3,Sim,5,3,3,0,Sim,Positivo,Sim,Caminhão,Sim,Não
Capotamento,2021-01-22,20:30,Sul,"-25.447027, -49.303618",Chuva / Noite,Escorregadia,Sim,Sim,Não,Não,1,Não,1,2,0,0,Não,Não realizado,Sim,Bicicleta,Sim,Não
Colisão,2013-12-22,02:00,Norte,"-25.399374, -49.251980",Chuva / Noite,Seca,Não,Não,Sim,Não,1,Sim,3,1,1,0,Não,Não realizado,Sim,Carro,Não,Não
Colisão,2008-01-05,15:00,Sul,"-25.449464, -49.310166",Seco / Dia,Escorregadia,Sim,Não,Não,Sim,2,Sim,4,1,0,0,Não,Não realizado,Sim,Caminhão,Sim,Não
Colisão,2015-09-03,05:30,Oeste,"-25.410947, -49.328180",Seco / Noite,Escorregadia,Não,Não,Não,Não,1,Sim,5,1,1,0,Sim,Negativo,Sim,Moto,Sim,Não
Colisão,2008-08-03,05:45,Leste,"-25.430526, -49.232842",Seco / Noite,Molhada,Sim,Sim,Não,Sim,2,Sim,4,1,1,0,Sim,Negativo,Sim,Moto,Sim,Não
Capotamento,2023-08-31,03:45,Sul,"-25.457175, -49.285508",Chuva / Noite,Seca,Sim,Sim,Sim,Sim,3,Não,1,2,2,0,Sim,Negativo,Sim,Bicicleta,Não,Não
Colisão,2015-01-03,16:30,Centro,"-25.432654, -49.279849",Chuva / Dia,Seca,Sim,Não,Sim,Não,1,Não,1,2,2,0,Não,Não realizado,Não,Caminhão,Não,Não
Colisão,2015-07-12,11:15,Leste,"-25.421672, -49.249767",Chuva / Dia,Seca,Não,Não,Não,Sim,4,Sim,2,2,0,0,Sim,Positivo,Sim,Ônibus,Sim,Não
Atropelamento,2024-08-01,23:00,Sul,"-25.450342, -49.302137",Chuva / Noite,Escorregadia,Sim,Sim,Não,Sim,4,Não,1,4,1,0,Sim,Positivo,Sim,Carro,Sim,Não
Capotamento,2010-03-09,18:45,Centro,"-25.412068, -49.288716",Seco / Dia,Escorregadia,Não,Sim,Não,Sim,2,Sim,3,2,1,0,Não,Não realizado,Sim,Caminhão,Sim,Não
Colisão,2014-04-11,06:45,Sul,"-25.455787, -49.296342",Chuva / Dia,Molhada,Sim,Não,Não,Não,1,Sim,4,2,2,0,Não,Não realizado,Sim,Carro,Sim,Não
Colisão,2009-02-05,21:15,Oeste,"-25.439702, -49.317461",Seco / Noite,Escorregadia,Sim,Não,Não,Não,1,Sim,2,3,3,0,Sim,Negativo,Sim,Caminhão,Não,Não
Queda de moto,2017-04-10,03:30,Centro,"-25.421405, -49.285883",Chuva / Noite,Molhada,Não,Sim,Sim,Sim,3,Não,1,2,1,0,Não,Não realizado,Sim,Carro,Não,Não
Capotamento,2021-11-16,23:15,Centro,"-25.425794, -49.266168",Seco / Noite,Molhada,Sim,Sim,Não,Não,1,Sim,4,2,2,0,Não,Não realizado,Sim,Ônibus,Não,Não
Colisão,2013-10-07,10:30,Sul,"-25.460277, -49.300580",Seco / Dia,Molhada,Não,Sim,Sim,Sim,4,Sim,5,2,1,0,Sim,Positivo,Sim,Moto,Não,Não
Atropelamento,2015-09-07,01:30,Leste,"-25.413488, -49.211731",Chuva / Noite,Seca,Sim,Não,Sim,Não,1,Sim,5,4,1,0,Não,Não realizado,Sim,Bicicleta,Não,Não
Queda de moto,2005-08-28,14:15,Leste,"-25.432200, -49.241844",Seco / Dia,Molhada,Não,Sim,Sim,Sim,2,Não,1,2,1,0,Não,Não realizado,Sim,Bicicleta,Não,Não
Colisão,2018-01-26,08:15,Norte,"-25.381917, -49.249515",Chuva / Dia,Molhada,Não,Sim,Não,Sim,4,Não,1,1,1,0,Não,Não realizado,Sim,Ônibus,Sim,Não
Colisão,2021-04-16,05:15,Centro,"-25.418360, -49.285634",Seco / Noite,Escorregadia,Sim,Sim,Sim,Sim,3,Sim,2,2,1,0,Não,Não realizado,Sim,Bicicleta,Sim,Não
Queda de moto,2020-04-08,12:00,Sul,"-25.475401, -49.300140",Seco / Dia,Seca,Sim,Não,Sim,Sim,4,Sim,5,3,3,0,Não,Não realizado,Sim,Bicicleta,Não,Não
Colisão,2018-10-10,11:45,Oeste,"-25.419189, -49.329292",Seco / Dia,Seca,Não,Não,Sim,Sim,2,Não,1,1,1,0,Sim,Positivo,Sim,Moto,Sim,Não
Colisão,2015-09-27,21:30,Centro,"-25.436984, -49.286081",Chuva / Noite,Molhada,Sim,Não,Não,Não,1,Sim,4,2,1,0,Não,Não realizado,Sim,Caminhão,Sim,Não
Colisão,2018-04-14,01:45,Sul,"-25.448071, -49.288037",Neblina / Noite,Escorregadia,Não,Não,Sim,Sim,3,Não,1,5,3,0,Não,Não realizado,Não,Bicicleta,Sim,Não
Colisão,2006-04-01,05:15,Centro,"-25.414435, -49.265782",Seco / Noite,Escorregadia,Sim,Sim,Sim,Sim,3,Não,1,1,0,0,Sim,Positivo,Sim,Caminhão,Sim,Não
Colisão,2012-07-12,17:15,Centro,"-25.426160, -49.263483",Seco / Dia,Seca,Sim,Sim,Não,Sim,4,Não,1,1,1,0,Não,Não realizado,Sim,Bicicleta,Sim,Não
Colisão,2006-07-15,22:00,Norte,"-25.408863, -49.258511",Chuva / Noite,Seca,Sim,Não,Não,Sim,4,Sim,3,4,0,0,Não,Não realizado,Sim,Bicicleta,Sim,Não
Colisão,2015-03-09,11:00,Centro,"-25.422638, -49.265307",Seco / Dia,Escorregadia,Sim,Não,Não,Sim,3,Sim,5,2,1,0,Não,Não realizado,Sim,Bicicleta,Não,Não
Atropelamento,2021-10-10,11:30,Leste,"-25.422635, -49.233372",Seco / Dia,Molhada,Sim,Não,Sim,Não,1,Não,1,5,5,0,Não,Não realizado,Sim,Bicicleta,Sim,Sim
Colisão,2013-11-30,05:45,Leste,"-25.430964, -49.209881",Chuva / Noite,Molhada,Sim,Sim,Não,Sim,4,Não,1,1,1,1,Não,Não realizado,Sim,Ônibus,Não,Sim
Colisão,2010-11-06,09:45,Centro,"-25.433236, -49.268414",Chuva / Dia,Seca,Sim,Sim,Não,Não,1,Não,1,1,1,0,Sim,Negativo,Sim,Bicicleta,Não,Não
Queda de moto,2008-06-10,21:45,Oeste,"-25.411788, -49.333783",Seco / Noite,Escorregadia,Não,Sim,Não,Sim,3,Sim,3,1,1,0,Não,Não realizado,Sim,Bicicleta,Não,Não
Colisão,2009-11-15,09:15,Leste,"-25.412737, -49.218436",Seco / Dia,Seca,Sim,Sim,Sim,Sim,3,Não,1,2,1,0,Não,Não realizado,Sim,Caminhão,Não,Não
Colisão,2009-03-19,03:45,Norte,"-25.399973, -49.244834",Seco / Noite,Molhada,Sim,Não,Sim,Sim,3,Não,1,1,0,0,Sim,Negativo,Sim,Bicicleta,Sim,Não
Atropelamento,2025-07-19,12:30,Oeste,"-25.413402, -49.304609",Seco / Dia,Seca,Sim,Sim,Não,Sim,3,Não,1,4,1,0,Sim,Negativo,Sim,Moto,Não,Não
Colisão,2016-01-05,05:15,Sul,"-25.456920, -49.312401",Seco / Noite,Molhada,Não,Sim,Sim,Não,1,Não,1,1,1,0,Não,Não realizado,Sim,Carro,Não,Não
Atropelamento,2019-11-16,13:30,Sul,"-25.478191, -49.295851",Chuva / Dia,Seca,Não,Não,Sim,Sim,4,Não,1,3,3,0,Não,Não realizado,Sim,Caminhão,Não,Sim
Colisão,2011-05-07,00:30,Leste,"-25.422773, -49.241315",Seco / Noite,Seca,Não,Não,Sim,Não,1,Sim,2,3,3,0,Não,Não realizado,Sim,Carro,Não,Não
Colisão,2014-02-12,11:15,Oeste,"-25.423515, -49.302677",Chuva / Dia,Molhada,Sim,Sim,Sim,Sim,2,Sim,5,1,1,0,Sim,Positivo,Sim,Bicicleta,Não,Não
Atropelamento,2006-10-03,02:00,Norte,"-25.406302, -49.264214",Seco / Noite,Seca,Não,Não,Não,Sim,3,Não,1,3,0,0,Não,Não realizado,Sim,Ônibus,Sim,Não
Atropelamento,2023-05-03,09:15,Sul,"-25.440136, -49.307971",Chuva / Dia,Escorregadia,Não,Sim,Sim,Não,1,Não,1,3,0,0,Não,Não realizado,Sim,Ônibus,Não,Não
Colisão,2019-12-10,20:15,Leste,"-25.413313, -49.219609",Seco / Noite,Seca,Não,Sim,Não,Não,1,Não,1,1,1,0,Não,Não realizado,Sim,Ônibus,Sim,Não
Atropelamento,2006-09-04,07:15,Centro,"-25.420467, -49.286063",Chuva / Dia,Escorregadia,Não,Sim,Sim,Sim,4,Sim,3,2,1,0,Não,Não realizado,Sim,Caminhão,Não,Não
Colisão,2023-08-06,23:45,Oeste,"-25.424846, -49.323287",Seco / Noite,Seca,Sim,Sim,Sim,Não,1,Não,1,2,1,0,Sim,Negativo,Sim,Caminhão,Sim,Não
Colisão,2022-03-02,04:45,Oeste,"-25.425583, -49.329730",Chuva / Noite,Escorregadia,Não,Sim,Sim,Sim,2,Não,1,1,0,0,Não,Não realizado,Não,Moto,Sim,Não
Colisão,2010-02-10,21:00,Centro,"-25.424270, -49.264689",Chuva / Noite,Seca,Sim,Não,Sim,Sim,2,Não,1,1,0,0,Não,Não realizado,Não,Carro,Não,Não
Colisão,2023-04-12,23:00,Sul,"-25.467079, -49.285207",Chuva / Noite,Molhada,Sim,Não,Não,Sim,2,Não,1,1,1,0,Não,Não realizado,Sim,Bicicleta,Não,Não
Capotamento,2007-03-02,14:00,Norte,"-25.385249, -49.271685",Seco / Dia,Molhada,Não,Não,Não,Não,1,Não,1,3,3,0,Não,Não realizado,Não,Bicicleta,Não,Não
Colisão,2012-03-12,00:00,Oeste,"-25.413988, -49.315974",Chuva / Noite,Escorregadia,Não,Sim,Não,Sim,3,Sim,4,3,0,0,Sim,Positivo,Sim,Carro,Não,Não
Colisão,2014-09-01,01:30,Leste,"-25.418593, -49.246425",Seco / Noite,Escorregadia,Não,Não,Sim,Sim,2,Sim,3,1,1,0,Não,Não realizado,Sim,Carro,Sim,Não
Colisão,2011-07-24,22:00,Oeste,"-25.429399, -49.318000",Chuva / Noite,Seca,Não,Não,Não,Não,1,Sim,3,4,3,0,Não,Não realizado,Sim,Caminhão,Sim,Não
Colisão,2015-03-18,09:00,Sul,"-25.477620, -49.295150",Seco / Dia,Escorregadia,Sim,Não,Sim,Sim,4,Sim,5,3,3,1,Não,Não realizado,Sim,Caminhão,Sim,Não
Atropelamento,2013-11-04,04:45,Oeste,"-25.413831, -49.312727",Chuva / Noite,Escorregadia,Não,Não,Não,Não,1,Não,1,4,0,0,Sim,Negativo,Sim,Bicicleta,Não,Não
Atropelamento,2024-05-21,10:45,Oeste,"-25.434281, -49.315064",Seco / Dia,Molhada,Sim,Sim,Sim,Sim,2,Sim,2,4,0,0,Não,Não realizado,Sim,Caminhão,Sim,Não
Colisão,2020-06-04,10:45,Centro,"-25.430831, -49.274150",Chuva / Dia,Seca,Sim,Não,Não,Não,1,Não,1,4,3,0,Não,Não realizado,Sim,Bicicleta,Sim,Não
Atropelamento,2010-10-29,02:15,Centro,"-25.420711, -49.273794",Chuva / Noite,Molhada,Sim,Sim,Sim,Não,1,Sim,3,3,0,0,Sim,Positivo,Sim,Bicicleta,Não,Não
Colisão,2010-10-27,04:45,Sul,"-25.470156, -49.291706",Seco / Noite,Seca,Não,Sim,Sim,Sim,2,Sim,5,1,0,0,Não,Não realizado,Sim,Caminhão,Não,Não