TIPO DE ACIDENTE,DATA,HORA,REGIÃO,COORDENADA GEOGRÁFICA,SITUAÇÃO CLIMÁTICA/LUMINOSIDADE,CONDIÇÕES DA SUPERFÍCIE DE ROLAMENTO,POSSUI SINALIZAÇÃO HORIZONTAL,POSSUI SINALIZAÇÃO VERTICAL,PRÓXIMO A EQUIPO ELETRÔNICO,HOUVE OUTROS VEÍCULOS ENVOLVIDOS,QUANTOS VEÍCULOS,HAVIA OUTROS OCUPANTES NO VEÍCULO,QUANTOS OCUPANTES,ENVOLVIDOS,FERIDOS,ÓBITOS,FOI REALIZADO O TESTE DE BAFÔMETRO,QUAL O RESULTADO,POSSUI HABILITAÇÃO,VEÍCULO TIPO,HOUVE DANOS AO PATRIMÔNIO PÚBLICO?,HOUVE DANOS AO MEIO AMBIENTE?
Colisão,2018-08-24,14:15,Centro,"-25.426683, -49.273706",Chuva / Dia,Seca,Não,Não,Não,Não,1,Não,1,1,0,0,Não,Não realizado,Sim,Caminhão,Não,Não
Colisão,2007-12-10,01:00,Centro,"-25.417070, -49.265187",Seco / Noite,Molhada,Não,Não,Não,Não,1,Não,1,2,0,0,Não,Não realizado,Sim,Carro,Não,Não
Queda de moto,2022-06-23,08:00,Oeste,"-25.430922, -49.328260",Seco / Dia,Seca,Sim,Sim,Não,Sim,4,Não,1,4,0,0,Sim,Positivo,Sim,Carro,Não,Não
Colisão,2009-10-02,12:00,Leste,"-25.415889, -49.231514",Chuva / Dia,Seca,Não,Não,Sim,Sim,3,Sim,4,2,1,0,Sim,Positivo,Sim,Carro,Não,Não
Capotamento,2014-08-28,20:00,Norte,"-25.407563, -49.270567",Seco / Noite,Escorregadia,Não,Sim,Não,Sim,3,Não,1,1,1,0,Não,Não realizado,Sim,Bicicleta,Não,Não
Colisão,2023-11-29,23:00,Sul,"-25.479729, -49.308085",Seco / Noite,Escorregadia,Sim,Não,Não,Não,1,Sim,3,1,0,0,Sim,Positivo,Sim,Bicicleta,Sim,Não
Atropelamento,2006-10-09,21:30,Sul,"-25.472513, -49.292791",Seco / Noite,Molhada,Não,Sim,Não,Sim,2,Sim,2,4,2,0,Sim,Positivo,Sim,Moto,Não,Não
Colisão,2024-02-22,11:15,Oeste,"-25.428524, -49.319429",Seco / Dia,Escorregadia,Não,Sim,Sim,Sim,2,Sim,3,3,2,0,Não,Não realizado,Não,Moto,Sim,Não
Colisão,2016-11-06,07:30,Norte,"-25.388997, -49.262858",Neblina / Dia,Seca,Não,Sim,Não,Não,1,Sim,4,1,1,0,Não,Não realizado,Não,Carro,Sim,Sim
Queda de moto,2021-09-13,14:15,Centro,"-25.423550, -49.278078",Seco / Dia,Molhada,Não,Não,Sim,Não,1,Não,1,2,1,0,Não,Não realizado,Sim,Caminhão,Sim,Não
Colisão,2008-01-28,04:00,Sul,"-25.472562, -49.312809",Seco / Noite,Seca,Sim,Sim,Não,Sim,3,Sim,5,1,1,0,Não,Não realizado,Sim,Caminhão,Sim,Não
Colisão,2018-03-08,17:30,Centro,"-25.413133, -49.264866",Chuva / Dia,Escorregadia,Não,Não,Sim,Não,1,Sim,2,1,0,0,Não,Não realizado,Sim,Carro,Não,Não
Atropelamento,2016-04-19,23:00,Oeste,"-25.421457, -49.317981",Chuva / Noite,Escorregadia,Não,Sim,Sim,Sim,2,Não,1,5,4,0,Não,Não realizado,Sim,Moto,Sim,Não
Colisão,2017-06-30,23:45,Norte,"-25.406511, -49.286665",Seco / Noite,Molhada,Sim,Não,Sim,Sim,3,Não,1,5,3,0,Sim,Negativo,Sim,Carro,Não,Não
Atropelamento,2018-08-24,05:30,Sul,"-25.450086, -49.307477",Seco / Noite,Molhada,Não,Não,Sim,Sim,4,Não,1,5,5,0,Não,Não realizado,Sim,Caminhão,Sim,Não
Capotamento,2025-06-24,23:15,Centro,"-25.436658, -49.283074",Seco / Noite,Seca,Não,Não,Sim,Não,1,Não,1,4,0,0,Sim,Negativo,Sim,Moto,Não,Não
Colisão,2019-09-09,05:45,Centro,"-25.414368, -49.261399",Seco / Noite,Escorregadia,Não,Não,Sim,Sim,4,Sim,5,4,1,0,Não,Não realizado,Sim,Bicicleta,Não,Não
Capotamento,2012-04-05,06:00,Sul,"-25.443398, -49.318385",Chuva / Dia,Molhada,Não,Não,Sim,Sim,2,Não,1,3,3,0,Não,Não realizado,Sim,Moto,Sim,Não
Colisão,2021-01-19,06:30,Sul,"-25.453374, -49.284495",Seco / Dia,Molhada,Não,Sim,Não,Sim,3,Não,1,3,3,0,Não,Não realizado,Sim,Caminhão,Sim,Não
Queda de moto,2019-03-14,17:30,Leste,"-25.415970, -49.249183",Chuva / Dia,Molhada,Sim,Sim,Não,Não,1,Não,1,1,1,0,Não,Não realizado,Não,Ônibus,Não,Sim
Queda de moto,2017-07-30,23:30,Leste,"-25.415719, -49.240212",Seco / Noite,Seca,Não,Não,Não,Não,1,Sim,2,1,1,0,Sim,Positivo,Sim,Bicicleta,Não,Não
Capotamento,2019-08-08,02:00,Centro,"-25.436723, -49.280354",Seco / Noite,Molhada,Sim,Não,Não,Não,1,Não,1,2,0,0,Não,Não realizado,Sim,Ônibus,Não,Não
Colisão,2011-01-17,19:30,Centro,"-25.426871, -49.285871",Seco / Noite,Escorregadia,Não,Não,Não,Sim,2,Não,1,1,1,0,Não,Não realizado,Sim,Moto,Sim,Não
Atropelamento,2015-06-20,07:30,Leste,"-25.423684, -49.240502",Seco / Dia,Escorregadia,Não,Não,Não,Sim,4,Sim,3,5,3,0,Não,Não realizado,Sim,Bicicleta,Não,Não
Atropelamento,2006-05-07,09:15,Oeste,"-25.429047, -49.339763",Chuva / Dia,Molhada,Sim,Sim,Não,Não,1,Não,1,4,1,0,Não,Não realizado,Sim,Carro,Sim,Não
Atropelamento,2006-08-14,00:15,Oeste,"-25.423918, -49.333575",Chuva / Noite,Seca,Sim,Sim,Não,Não,1,Sim,3,3,2,0,Sim,Negativo,Sim,Carro,Não,Não
Colisão,2023-08-28,12:15,Oeste,"-25.410003, -49.316554",Seco / Dia,Molhada,Não,Sim,Não,Sim,3,Sim,2,2,1,0,Não,Não realizado,Sim,Ônibus,Sim,Não
Queda de moto,2022-03-30,12:00,Sul,"-25.469533, -49.301506",Seco / Dia,Seca,Sim,Não,Sim,Sim,2,Não,1,1,1,0,Não,Não realizado,Sim,Bicicleta,Sim,Não
Colisão,2024-03-11,08:45,Centro,"-25.416009, -49.283919",Chuva / Dia,Molhada,Não,Sim,Sim,Não,1,Não,1,2,2,0,Não,Não realizado,Sim,Ônibus,Sim,Não
Colisão,2021-12-12,21:45,Centro,"-25.423125, -49.281213",Neblina / Noite,Escorregadia,Não,Não,Não,Não,1,Não,1,2,1,0,Não,Não realizado,Sim,Caminhão,Não,Não
Capotamento,2022-04-10,17:30,Centro,"-25.420498, -49.276523",Chuva / Dia,Escorregadia,Sim,Não,Sim,Sim,4,Não,1,2,1,0,Não,Não realizado,Sim,Bicicleta,Não,Sim
Capotamento,2023-03-04,11:00,Oeste,"-25.422216, -49.336127",Neblina / Dia,Escorregadia,Não,Sim,Sim,Não,1,Não,1,4,2,0,Não,Não realizado,Sim,Moto,Sim,Não
Atropelamento,2015-07-07,18:00,Sul,"-25.450520, -49.284946",Seco / Dia,Seca,Não,Não,Sim,Não,1,Não,1,5,4,0,Não,Não realizado,Sim,Moto,Sim,Não
Queda de moto,2014-08-19,02:30,Sul,"-25.460941, -49.293056",Seco / Noite,Escorregadia,Não,Sim,Sim,Sim,2,Não,1,5,5,0,Não,Não realizado,Sim,Ônibus,Sim,Não
Colisão,2015-02-13,15:00,Leste,"-25.415818, -49.220088",Chuva / Dia,Escorregadia,Não,Não,Não,Sim,4,Sim,4,4,4,0,Não,Não realizado,Não,Carro,Sim,Não
Colisão,2011-06-30,00:00,Centro,"-25.426999, -49.287196",Chuva / Noite,Molhada,Sim,Não,Não,Sim,2,Não,1,1,1,0,Não,Não realizado,Sim,Caminhão,Não,Não
Capotamento,2020-01-04,06:45,Sul,"-25.457883, -49.304402",Chuva / Dia,Molhada,Sim,Não,Não,Sim,4,Não,1,3,1,0,Sim,Positivo,Sim,Carro,Sim,Não
Colisão,2015-09-01,20:45,Sul,"-25.478344, -49.297731",Seco / Noite,Molhada,Não,Não,Não,Sim,4,Não,1,2,0,0,Não,Não realizado,Sim,Caminhão,Não,Não
Colisão,2021-11-15,01:30,Centro,"-25.429723, -49.287766",Chuva / Noite,Molhada,Não,Não,Sim,Não,1,Não,1,1,1,0,Não,Não realizado,Sim,Caminhão,Sim,Não
Colisão,2024-07-06,00:15,Norte,"-25.405044, -49.243436",Seco / Noite,Escorregadia,Sim,Não,Não,Sim,4,Não,1,2,2,0,Não,Não realizado,Sim,Ônibus,Sim,Não
Colisão,2021-10-26,00:30,Norte,"-25.409640, -49.284926",Seco / Noite,Seca,Sim,Não,Não,Não,1,Não,1,4,1,0,Não,Não realizado,Sim,Carro,Não,Não
Capotamento,2007-09-28,14:45,Sul,"-25.450205, -49.291348",Chuva / Dia,Molhada,Não,Sim,Não,Não,1,Não,1,1,1,0,Não,Não realizado,Sim,Carro,Não,Não
Colisão,2023-12-16,12:45,Sul,"-25.451261, -49.287280",Seco / Dia,Seca,Não,Sim,Sim,Sim,3,Não,1,2,0,0,Sim,Negativo,Sim,Ônibus,Não,Não
Atropelamento,2008-12-24,16:45,Centro,"-25.427727, -49.281262",Seco / Dia,Seca,Não,Não,Não,Sim,4,Não,1,4,1,0,Não,Não realizado,Sim,Caminhão,Não,Não
Atropelamento,2016-04-11,10:00,Leste,"-25.416023, -49.214817",Chuva / Dia,Seca,Sim,Não,Não,Sim,2,Sim,4,5,1,0,Não,Não realizado,Sim,Bicicleta,Sim,Não
Atropelamento,2006-01-20,15:30,Oeste,"-25.423929, -49.318786",Seco / Dia,Molhada,Sim,Não,Não,Não,1,Não,1,4,3,0,Não,Não realizado,Sim,Caminhão,Não,Não
Queda de moto,2008-07-03,10:45,Sul,"-25.464268, -49.293617",Seco / Dia,Escorregadia,Não,Sim,Sim,Sim,3,Sim,3,4,0,0,Sim,Negativo,Sim,Bicicleta,Sim,Não
Queda de moto,2011-03-26,16:15,Sul,"-25.448392, -49.295973",Seco / Dia,Molhada,Não,Sim,Não,Não,1,Sim,2,1,0,0,Sim,Negativo,Sim,Carro,Não,Não
Atropelamento,2010-09-01,11:45,Oeste,"-25.428971, -49.314354",Seco / Dia,Seca,Sim,Não,Não,Não,1,Não,1,4,0,0,Não,Não realizado,Sim,Carro,Sim,Não
Colisão,2022-08-28,17:30,Leste,"-25.412703, -49.203897",Seco / Dia,Escorregadia,Não,Sim,Não,Não,1,Não,1,1,1,0,Não,Não realizado,Sim,Caminhão,Sim,Sim
Colisão,2011-12-20,05:00,Oeste,"-25.410368, -49.309986",Neblina / Noite,Seca,Sim,Não,Não,Não,1,Sim,2,2,1,0,Sim,Positivo,Sim,Carro,Não,Não
Colisão,2016-07-16,15:45,Centro,"-25.414042, -49.266617",Chuva / Dia,Seca,Não,Sim,Não,Sim,2,Sim,4,2,1,0,Não,Não realizado,Sim,Caminhão,Sim,Não
Colisão,2022-09-12,21:00,Sul,"-25.451251, -49.298611",Neblina / Noite,Escorregadia,Não,Não,Não,Não,1,Não,1,4,2,0,Não,Não realizado,Sim,Carro,Sim,Sim
Queda de moto,2013-06-16,02:45,Norte,"-25.390160, -49.254380",Seco / Noite,Seca,Sim,Sim,Não,Sim,4,Sim,2,1,1,0,Sim,Positivo,Sim,Caminhão,Sim,Não
Colisão,2013-02-08,12:15,Leste,"-25.418023, -49.220568",Seco / Dia,Escorregadia,Não,Não,Não,Sim,2,Não,1,5,1,0,Não,Não realizado,Sim,Bicicleta,Não,Não
Colisão,2007-11-04,22:30,Leste,"-25.430190, -49.210125",Seco / Noite,Seca,Não,Sim,Não,Não,1,Sim,5,1,0,0,Sim,Positivo,Sim,Ônibus,Sim,Sim
Colisão,2017-05-30,15:30,Sul,"-25.475171, -49.293903",Seco / Dia,Escorregadia,Sim,Não,Não,Sim,4,Sim,3,3,1,0,Não,Não realizado,Sim,Caminhão,Sim,Não
Queda de moto,2022-03-27,22:00,Leste,"-25.411047, -49.249674",Chuva / Noite,Escorregadia,Não,Não,Não,Não,1,Sim,2,5,3,0,Não,Não realizado,Sim,Bicicleta,Sim,Não
Queda de moto,2018-04-18,06:00,Norte,"-25.404577, -49.243983",Seco / Dia,Seca,Não,Sim,Não,Não,1,Sim,2,4,0,0,Não,Não realizado,Sim,Carro,Sim,Não
Colisão,2016-09-19,04:45,Centro,"-25.410873, -49.285793",Seco / Noite,Seca,Sim,Não,Não,Não,1,Sim,2,1,1,0,Sim,Negativo,Sim,Carro,Sim,Não
Colisão,2005-11-30,20:15,Norte,"-25.406863, -49.240592",Seco / Noite,Seca,Sim,Sim,Não,Sim,2,Não,1,1,1,0,Sim,Negativo,Não,Moto,Não,Não
Capotamento,2019-11-15,22:00,Norte,"-25.385893, -49.262188",Seco / Noite,Molhada,Sim,Sim,Não,Não,1,Sim,5,4,0,0,Sim,Negativo,Sim,Bicicleta,Sim,Não
Atropelamento,2015-06-14,13:30,Norte,"-25.398505, -49.275099",Seco / Dia,Escorregadia,Não,Não,Sim,Sim,2,Não,1,4,3,0,Não,Não realizado,Sim,Caminhão,Não,Não
Colisão,2014-10-18,07:45,Leste,"-25.435273, -49.228447",Seco / Dia,Seca,Sim,Não,Não,Sim,3,Não,1,4,0,0,Sim,Negativo,Sim,Moto,Sim,Não
Queda de moto,2023-06-08,16:15,Oeste,"-25.424595, -49.329548",Seco / Dia,Escorregadia,Sim,Sim,Não,Não,1,Não,1,2,0,0,Não,Não realizado,Sim,Bicicleta,Sim,Não
Atropelamento,2014-02-22,19:45,Leste,"-25.438389, -49.201250",Seco / Noite,Molhada,Sim,Sim,Sim,Não,1,Não,1,2,0,0,Sim,Positivo,Sim,Bicicleta,Sim,Não
Colisão,2007-08-08,07:30,Leste,"-25.434729, -49.241948",Seco / Dia,Seca,Não,Não,Não,Não,1,Sim,2,2,2,0,Não,Não realizado,Sim,Bicicleta,Não,Não
Queda de moto,2023-05-09,20:30,Leste,"-25.416923, -49.238123",Seco / Noite,Escorregadia,Não,Sim,Não,Sim,3,Não,1,1,1,0,Sim,Negativo,Sim,Bicicleta,Não,Não
Colisão,2009-04-20,04:30,Norte,"-25.408354, -49.283707",Seco / Noite,Seca,Sim,Sim,Sim,Não,1,Sim,4,5,1,0,Não,Não realizado,Sim,Caminhão,Não,Não
Colisão,2022-12-06,15:15,Sul,"-25.456400, -49.319801",Chuva / Dia,Seca,Sim,Sim,Não,Sim,3,Não,1,2,0,0,Não,Não realizado,Sim,Ônibus,Sim,Não
Colisão,2022-03-28,12:15,Leste,"-25.433753, -49.230965",Chuva / Dia,Molhada,Não,Sim,Não,Sim,3,Não,1,2,0,0,Não,Não realizado,Sim,Bicicleta,Não,Não
Atropelamento,2023-04-30,19:45,Sul,"-25.444776, -49.319248",Seco / Noite,Escorregadia,Sim,Não,Não,Sim,4,Sim,2,5,0,0,Sim,Positivo,Sim,Caminhão,Não,Não
Atropelamento,2024-12-04,07:15,Norte,"-25.403948, -49.280428",Seco / Dia,Seca,Sim,Não,Não,Sim,2,Sim,2,5,3,0,Não,Não realizado,Sim,Carro,Não,Não
Colisão,2012-10-06,11:45,Sul,"-25.441819, -49.284591",Seco / Dia,Seca,Sim,Não,Sim,Não,1,Sim,2,3,2,0,Não,Não realizado,Não,Carro,Sim,Não
Queda de moto,2009-04-11,17:15,Oeste,"-25.424468, -49.330964",Seco / Dia,Seca,Não,Sim,Sim,Não,1,Sim,4,5,1,0,Não,Não realizado,Sim,Ônibus,Não,Não
Colisão,2015-07-05,18:30,Sul,"-25.454571, -49.286953",Chuva / Dia,Seca,Não,Sim,Não,Sim,3,Não,1,3,2,0,Sim,Positivo,Não,Caminhão,Não,Não
Queda de moto,2011-05-23,15:45,Oeste,"-25.434866, -49.325480",Seco / Dia,Seca,Sim,Não,Não,Não,1,Sim,2,3,1,1,Não,Não realizado,Sim,Ônibus,Sim,Não
Atropelamento,2022-03-05,01:45,Centro,"-25.428220, -49.269143",Seco / Noite,Escorregadia,Sim,Sim,Não,Sim,4,Não,1,3,3,0,Sim,Positivo,Sim,Carro,Sim,Não
Colisão,2025-04-22,12:00,Norte,"-25.398648, -49.281251",Chuva / Dia,Molhada,Sim,Não,Sim,Não,1,Não,1,4,0,0,Não,Não realizado,Sim,Bicicleta,Não,Não
Colisão,2025-06-05,15:30,Sul,"-25.442918, -49.280617",Chuva / Dia,Escorregadia,Não,Não,Sim,Não,1,Sim,3,2,1,0,Sim,Negativo,Sim,Carro,Sim,Não
Colisão,2005-05-06,10:30,Sul,"-25.457768, -49.308494",Seco / Dia,Seca,Não,Não,Sim,Não,1,Não,1,1,1,0,Não,Não realizado,Não,Caminhão,Não,Não
Colisão,2012-03-16,17:15,Norte,"-25.391557, -49.285956",Chuva / Dia,Escorregadia,Não,Não,Sim,Não,1,Sim,4,1,0,0,Não,Não realizado,Sim,Carro,Sim,Não
Atropelamento,2015-08-25,05:45,Norte,"-25.385947, -49.254366",Seco / Noite,Escorregadia,Sim,Não,Sim,Não,1,Sim,5,2,2,0,Não,Não realizado,Sim,Ônibus,Sim,Não
Queda de moto,2025-07-31,13:00,Centro,"-25.427945, -49.260591",Chuva / Dia,Escorregadia,Não,Não,Sim,Sim,4,Sim,5,1,0,0,Não,Não realizado,Sim,Bicicleta,Não,Não
Colisão,2005-08-09,07:15,Centro,"-25.423847, -49.284930",Chuva / Dia,Escorregadia,Sim,Não,Não,Sim,3,Sim,2,2,0,0,Sim,Negativo,Sim,Moto,Não,Não
Atropelamento,2010-01-13,14:45,Oeste,"-25.436774, -49.332317",Seco / Dia,Escorregadia,Sim,Não,Sim,Sim,2,Sim,3,3,2,0,Sim,Positivo,Sim,Carro,Não,Sim
Colisão,2008-08-31,20:45,Norte,"-25.382461, -49.283027",Seco / Noite,Escorregadia,Sim,Sim,Não,Sim,2,Sim,3,2,2,0,Não,Não realizado,Sim,Bicicleta,Sim,Não
Colisão,2020-07-16,11:30,Oeste,"-25.412370, -49.316126",Seco / Dia,Escorregadia,Não,Não,Não,Sim,4,Não,1,2,2,0,Sim,Positivo,Sim,Caminhão,Não,Não
Colisão,2017-01-01,11:30,Centro,"-25.420230, -49.287945",Seco / Dia,Molhada,Não,Sim,Não,Sim,2,Não,1,4,4,0,Sim,Negativo,Sim,Carro,Não,Não
Colisão,2022-12-31,17:45,Norte,"-25.381596, -49.288547",Chuva / Dia,Seca,Sim,Sim,Não,Sim,3,Não,1,2,2,0,Não,Não realizado,Sim,Ônibus,Sim,Não
Capotamento,2024-03-25,13:30,Norte,"-25.391988, -49.269819",Seco / Dia,Seca,Sim,Sim,Não,Sim,3,Não,1,2,2,0,Sim,Negativo,Não,Bicicleta,Não,Não
Colisão,2020-01-22,20:15,Norte,"-25.391232, -49.246424",Seco / Noite,Seca,Não,Sim,Sim,Não,1,Sim,5,3,2,0,Sim,Positivo,Não,Caminhão,Não,Não
Colisão,2014-07-14,01:00,Centro,"-25.423272, -49.275421",Chuva / Noite,Molhada,Sim,Não,Não,Não,1,Sim,2,3,2,0,Não,Não realizado,Sim,Bicicleta,Não,Não
Colisão,2009-07-19,23:15,Oeste,"-25.412606, -49.318688",Seco / Noite,Molhada,Sim,Não,Não,Não,1,Sim,2,2,2,0,Não,Não realizado,Sim,Ônibus,Sim,Não
Colisão,2017-07-19,02:45,Leste,"-25.415472, -49.249852",Seco / Noite,Seca,Não,Não,Sim,Sim,3,Sim,5,1,0,0,Sim,Positivo,Sim,Carro,Sim,Sim
Atropelamento,2012-03-21,14:30,Oeste,"-25.439591, -49.322766",Seco / Dia,Escorregadia,Não,Sim,Não,Não,1,Sim,5,2,2,0,Não,Não realizado,Sim,Bicicleta,Sim,Não
Queda de moto,2007-11-09,11:45,Norte,"-25.385404, -49.278577",Seco / Dia,Molhada,Sim,Não,Não,Sim,3,Não,1,1,0,0,Não,Não realizado,Sim,Caminhão,Sim,Não
Colisão,2017-01-08,05:45,Norte,"-25.380440, -49.252499",Seco / Noite,Seca,Sim,Não,Sim,Sim,3,Sim,5,3,0,0,Sim,Positivo,Sim,Ônibus,Sim,Não
Colisão,2017-01-17,23:30,Centro,"-25.439442, -49.261646",Neblina / Noite,Escorregadia,Sim,Sim,Não,Sim,3,Sim,5,3,2,0,Sim,Positivo,Sim,Carro,Não,Não
Colisão,2017-11-21,04:15,Leste,"-25.431446, -49.231547",Seco / Noite,Seca,Não,Não,Não,Sim,2,Não,1,1,1,0,Sim,Negativo,Sim,Caminhão,Sim,Não
Colisão,2021-01-16,21:45,Leste,"-25.419331, -49.219098",Chuva / Noite,Seca,Sim,Sim,Não,Não,1,Não,1,1,1,0,Sim,Negativo,Não,Bicicleta,Sim,Não
Queda de moto,2022-10-09,20:15,Centro,"-25.428679, -49.260771",Seco / Noite,Seca,Não,Não,Não,Não,1,Não,1,1,1,0,Sim,Positivo,Sim,Caminhão,Sim,Não
Atropelamento,2012-12-23,10:00,Sul,"-25.479017, -49.313981",Seco / Dia,Seca,Sim,Sim,Sim,Sim,4,Sim,5,4,3,0,Sim,Negativo,Sim,Ônibus,Não,Não
Atropelamento,2023-07-11,23:45,Oeste,"-25.430165, -49.314678",Seco / Noite,Seca,Sim,Não,Não,Sim,3,Não,1,3,0,0,Não,Não realizado,Sim,Moto,Não,Não
Queda de moto,2018-11-19,15:15,Leste,"-25.422045, -49.229133",Seco / Dia,Molhada,Sim,Sim,Sim,Sim,2,Sim,3,3,1,0,Não,Não realizado,Sim,Ônibus,Não,Não
Atropelamento,2016-05-22,21:15,Oeste,"-25.417526, -49.306765",Seco / Noite,Molhada,Sim,Não,Não,Não,1,Sim,4,4,1,0,Sim,Negativo,Sim,Caminhão,Sim,Não
Colisão,2025-09-04,23:00,Leste,"-25.426397, -49.224085",Seco / Noite,Escorregadia,Não,Não,Não,Não,1,Sim,5,1,1,0,Sim,Positivo,Sim,Carro,Sim,Não
Atropelamento,2023-01-31,06:45,Leste,"-25.428730, -49.220475",Seco / Dia,Escorregadia,Não,Não,Sim,Não,1,Sim,3,4,3,0,Não,Não realizado,Sim,Moto,Não,Não
Atropelamento,2005-04-06,23:30,Centro,"-25.438951, -49.287002",Seco / Noite,Escorregadia,Não,Não,Sim,Não,1,Sim,4,3,1,0,Sim,Negativo,Sim,Carro,Sim,Não
Queda de moto,2024-07-13,08:45,Leste,"-25.439689, -49.214590",Seco / Dia,Escorregadia,Não,Sim,Sim,Sim,4,Sim,2,2,2,0,Não,Não realizado,Não,Caminhão,Não,Não
Colisão,2008-01-20,21:45,Oeste,"-25.427508, -49.337344",Chuva / Noite,Escorregadia,Não,Sim,Não,Não,1,Não,1,2,2,0,Não,Não realizado,Sim,Carro,Não,Não
Queda de moto,2018-10-20,11:15,Centro,"-25.420820, -49.268713",Chuva / Dia,Escorregadia,Sim,Sim,Sim,Sim,3,Sim,5,3,2,0,Não,Não realizado,Sim,Moto,Sim,Não
Colisão,2024-11-28,13:00,Centro,"-25.422202, -49.263041",Seco / Dia,Seca,Sim,Sim,Sim,Sim,4,Sim,2,3,0,0,Não,Não realizado,Sim,Caminhão,Sim,Não
Colisão,2013-03-07,19:45,Oeste,"-25.430674, -49.307745",Neblina / Noite,Seca,Sim,Não,Sim,Não,1,Não,1,1,1,0,Não,Não realizado,Sim,Bicicleta,Sim,Não
Queda de moto,2015-04-13,09:45,Oeste,"-25.416887, -49.329835",Seco / Dia,Seca,Sim,Sim,Não,Não,1,Não,1,1,1,0,Não,Não realizado,Sim,Bicicleta,Sim,Não
Atropelamento,2025-05-20,01:30,Oeste,"-25.436405, -49.310229",Chuva / Noite,Molhada,Não,Sim,Sim,Não,1,Sim,2,4,2,0,Não,Não realizado,Sim,Caminhão,Não,Não
Atropelamento,2013-11-27,08:15,Sul,"-25.471652, -49.287363",Seco / Dia,Seca,Sim,Sim,Sim,Sim,3,Não,1,3,2,0,Sim,Positivo,Sim,Carro,Sim,Não
Capotamento,2023-05-27,23:15,Sul,"-25.469385, -49.318407",Seco / Noite,Molhada,Não,Sim,Sim,Não,1,Não,1,2,2,0,Não,Não realizado,Sim,Carro,Não,Não
Colisão,2007-09-19,12:30,Sul,"-25.440601, -49.318247",Chuva / Dia,Molhada,Sim,Sim,Sim,Não,1,Sim,2,1,1,0,Não,Não realizado,Sim,Bicicleta,Não,Não
Colisão,2012-06-15,06:30,Sul,"-25.466638, -49.307877",Chuva / Dia,Molhada,Não,Não,Não,Não,1,Sim,5,1,1,0,Não,Não realizado,Sim,Caminhão,Sim,Sim
Colisão,2016-05-25,17:45,Oeste,"-25.428261, -49.339671",Seco / Dia,Molhada,Não,Não,Não,Sim,4,Não,1,2,1,0,Não,Não realizado,Sim,Bicicleta,Sim,Não
Colisão,2019-12-02,16:15,Centro,"-25.424988, -49.268607",Chuva / Dia,Escorregadia,Não,Sim,Não,Sim,2,Não,1,4,3,0,Não,Não realizado,Não,Ônibus,Não,Não
Colisão,2016-08-26,16:30,Leste,"-25.415956, -49.243082",Seco / Dia,Escorregadia,Não,Não,Não,Não,1,Não,1,1,0,0,Não,Não realizado,Sim,Bicicleta,Sim,Não
Queda de moto,2009-02-10,14:00,Sul,"-25.454215, -49.297505",Seco / Dia,Molhada,Sim,Sim,Sim,Não,1,Sim,5,1,0,0,Não,Não realizado,Sim,Ônibus,Não,Não
Colisão,2009-12-16,18:45,Norte,"-25.387816, -49.262790",Seco / Dia,Seca,Não,Sim,Não,Sim,4,Não,1,1,1,0,Não,Não realizado,Sim,Caminhão,Não,Não
Colisão,2010-08-18,17:00,Centro,"-25.424919, -49.270728",Chuva / Dia,Seca,Sim,Sim,Sim,Não,1,Não,1,2,0,0,Sim,Negativo,Sim,Bicicleta,Sim,Não
Colisão,2014-10-28,00:15,Leste,"-25.431074, -49.229349",Seco / Noite,Molhada,Sim,Não,Não,Não,1,Não,1,2,0,0,Não,Não realizado,Sim,Bicicleta,Sim,Não
Queda de moto,2023-05-17,03:30,Leste,"-25.412370, -49.210142",Seco / Noite,Seca,Sim,Não,Sim,Não,1,Sim,4,1,1,0,Não,Não realizado,Sim,Caminhão,Sim,Sim
Colisão,2020-11-19,22:15,Norte,"-25.406148, -49.247030",Chuva / Noite,Molhada,Não,Sim,Sim,Sim,3,Sim,4,3,0,0,Sim,Negativo,Sim,Moto,Sim,Não
Atropelamento,2018-08-12,10:45,Leste,"-25.427164, -49.217688",Seco / Dia,Seca,Sim,Sim,Não,Não,1,Sim,2,2,0,0,Não,Não realizado,Sim,Caminhão,Não,Não
Colisão,2015-04-25,06:15,Norte,"-25.386270, -49.282615",Seco / Dia,Seca,Sim,Não,Sim,Não,1,Não,1,4,0,0,Sim,Negativo,Sim,Carro,Sim,Não
Capotamento,2008-09-26,23:00,Centro,"-25.410929, -49.288804",Chuva / Noite,Escorregadia,Não,Não,Sim,Não,1,Não,1,2,0,0,Não,Não realizado,Sim,Ônibus,Não,Não
Colisão,2023-08-31,01:15,Oeste,"-25.410194, -49.318293",Seco / Noite,Molhada,Não,Sim,Sim,Não,1,Sim,4,4,3,0,Não,Não realizado,Não,Caminhão,Não,Não
Colisão,2018-02-12,16:45,Sul,"-25.479514, -49.310103",Chuva / Dia,Seca,Não,Sim,Sim,Sim,4,Sim,3,1,1,0,Não,Não realizado,Sim,Caminhão,Não,Não
Colisão,2011-01-21,03:30,Sul,"-25.471750, -49.295348",Seco / Noite,Escorregadia,Não,Sim,Não,Não,1,Sim,2,2,1,0,Sim,Positivo,Sim,Moto,Não,Não