TIPO DE ACIDENTE,DATA,HORA,REGIÃO,COORDENADA GEOGRÁFICA,SITUAÇÃO CLIMÁTICA/LUMINOSIDADE,CONDIÇÕES DA SUPERFÍCIE DE ROLAMENTO,POSSUI SINALIZAÇÃO HORIZONTAL,POSSUI SINALIZAÇÃO VERTICAL,PRÓXIMO A EQUIPO ELETRÔNICO,HOUVE OUTROS VEÍCULOS ENVOLVIDOS,QUANTOS VEÍCULOS,HAVIA OUTROS OCUPANTES NO VEÍCULO,QUANTOS OCUPANTES,ENVOLVIDOS,FERIDOS,ÓBITOS,FOI REALIZADO O TESTE DE BAFÔMETRO,QUAL O RESULTADO,POSSUI HABILITAÇÃO,VEÍCULO TIPO,HOUVE DANOS AO PATRIMÔNIO PÚBLICO?,HOUVE DANOS AO MEIO AMBIENTE?
Colisão,2017-04-20,22:30,Norte,"-25.385070, -49.251600",Chuva / Noite,Molhada,Não,Sim,Sim,Sim,2,Não,1,5,0,0,Não,Não realizado,Sim,Moto,Não,Não
Atropelamento,2011-05-01,03:30,Sul,"-25.442224, -49.299691",Seco / Noite,Escorregadia,Sim,Sim,Sim,Sim,4,Sim,3,5,3,0,Não,Não realizado,Sim,Caminhão,Sim,Não
Colisão,2019-12-21,07:00,Leste,"-25.416519, -49.225452",Seco / Dia,Seca,Não,Sim,Sim,Sim,3,Não,1,2,0,0,Sim,Positivo,Sim,Bicicleta,Sim,Não
Colisão,2025-12-10,07:30,Sul,"-25.447267, -49.286813",Seco / Dia,Escorregadia,Não,Sim,Não,Sim,2,Não,1,3,2,0,Não,Não realizado,Sim,Ônibus,Sim,Não
Colisão,2014-06-20,01:45,Leste,"-25.428950, -49.229934",Neblina / Noite,Escorregadia,Sim,Não,Sim,Não,1,Não,1,4,3,0,Sim,Negativo,Sim,Caminhão,Não,Não
Atropelamento,2012-03-21,23:15,Norte,"-25.403307, -49.268705",Seco / Noite,Molhada,Não,Não,Não,Sim,4,Não,1,2,0,0,Sim,Negativo,Sim,Carro,Sim,Não
Atropelamento,2019-03-28,03:45,Norte,"-25.388167, -49.253005",Seco / Noite,Seca,Não,Não,Não,Não,1,Não,1,5,3,0,Sim,Positivo,Sim,Caminhão,Não,Não
Queda de moto,2005-10-01,11:15,Norte,"-25.397157, -49.249001",Seco / Dia,Seca,Não,Sim,Sim,Não,1,Sim,2,1,0,0,Não,Não realizado,Sim,Caminhão,Não,Não
Capotamento,2011-03-10,13:00,Sul,"-25.471543, -49.293805",Seco / Dia,Escorregadia,Não,Sim,Não,Sim,4,Não,1,1,1,0,Não,Não realizado,Sim,Caminhão,Sim,Não
Colisão,2020-11-11,16:15,Sul,"-25.477618, -49.317995",Seco / Dia,Escorregadia,Sim,Sim,Sim,Sim,3,Sim,2,1,1,1,Sim,Negativo,Sim,Ônibus,Não,Não
Colisão,2022-06-28,21:00,Leste,"-25.413977, -49.236560",Chuva / Noite,Molhada,Sim,Não,Não,Não,1,Sim,2,1,1,0,Não,Não realizado,Sim,Ônibus,Sim,Sim
Colisão,2006-12-08,06:45,Sul,"-25.453430, -49.294290",Seco / Dia,Escorregadia,Não,Sim,Sim,Sim,2,Sim,5,2,1,0,Não,Não realizado,Sim,Ônibus,Não,Não
Atropelamento,2007-04-05,12:30,Oeste,"-25.424261, -49.311460",Seco / Dia,Molhada,Sim,Não,Não,Não,1,Não,1,2,1,0,Sim,Negativo,Sim,Carro,Não,Não
Colisão,2020-10-28,13:45,Norte,"-25.384013, -49.277848",Seco / Dia,Molhada,Sim,Sim,Sim,Sim,2,Não,1,5,4,0,Não,Não realizado,Sim,Carro,Não,Não
Queda de moto,2012-04-11,18:45,Sul,"-25.463938, -49.307014",Seco / Dia,Escorregadia,Não,Sim,Não,Sim,4,Sim,5,1,1,0,Não,Não realizado,Sim,Ônibus,Não,Não
Colisão,2007-07-02,23:00,Sul,"-25.450686, -49.292084",Seco / Noite,Seca,Não,Sim,Sim,Sim,3,Não,1,1,1,0,Não,Não realizado,Sim,Bicicleta,Sim,Não
Atropelamento,2016-01-02,04:30,Leste,"-25.411440, -49.239934",Seco / Noite,Seca,Não,Sim,Não,Não,1,Sim,3,5,0,0,Não,Não realizado,Sim,Bicicleta,Sim,Não
Colisão,2005-11-19,05:00,Norte,"-25.398037, -49.245118",Seco / Noite,Escorregadia,Sim,Não,Sim,Sim,3,Sim,4,1,0,0,Não,Não realizado,Sim,Ônibus,Sim,Não
Capotamento,2011-11-15,17:00,Centro,"-25.410533, -49.260877",Seco / Dia,Molhada,Sim,Sim,Não,Não,1,Sim,2,3,3,0,Não,Não realizado,Sim,Moto,Sim,Não
Colisão,2019-08-27,13:30,Sul,"-25.476870, -49.282486",Seco / Dia,Escorregadia,Não,Não,Não,Não,1,Não,1,1,1,1,Não,Não realizado,Sim,Carro,Sim,Sim
Capotamento,2020-01-19,16:45,Centro,"-25.431756, -49.263271",Chuva / Dia,Molhada,Não,Sim,Não,Não,1,Não,1,4,2,0,Não,Não realizado,Sim,Carro,Sim,Não
Capotamento,2006-10-21,14:00,Norte,"-25.404855, -49.289433",Seco / Dia,Seca,Sim,Não,Sim,Não,1,Sim,4,4,1,0,Não,Não realizado,Sim,Carro,Sim,Não
Colisão,2014-02-03,21:15,Centro,"-25.428193, -49.287381",Chuva / Noite,Seca,Sim,Não,Não,Não,1,Sim,4,1,1,0,Não,Não realizado,Sim,Ônibus,Sim,Não
Atropelamento,2016-04-15,21:15,Oeste,"-25.417214, -49.312238",Chuva / Noite,Seca,Não,Não,Sim,Sim,4,Não,1,3,1,0,Não,Não realizado,Sim,Bicicleta,Não,Não
Queda de moto,2013-09-11,19:15,Sul,"-25.468596, -49.285305",Seco / Noite,Escorregadia,Sim,Não,Não,Não,1,Não,1,2,0,0,Sim,Negativo,Sim,Caminhão,Sim,Não
Colisão,2007-08-24,14:15,Leste,"-25.438547, -49.237659",Neblina / Dia,Molhada,Sim,Sim,Sim,Sim,3,Não,1,1,0,0,Não,Não realizado,Sim,Caminhão,Sim,Não
Atropelamento,2012-11-22,18:00,Centro,"-25.428876, -49.266137",Seco / Dia,Seca,Sim,Não,Não,Sim,3,Sim,3,2,0,0,Não,Não realizado,Sim,Moto,Não,Não
Colisão,2021-03-21,04:30,Oeste,"-25.420519, -49.320488",Chuva / Noite,Escorregadia,Sim,Sim,Sim,Não,1,Não,1,3,2,0,Não,Não realizado,Sim,Moto,Sim,Não
Colisão,2023-08-22,13:00,Oeste,"-25.424044, -49.317864",Chuva / Dia,Molhada,Não,Não,Não,Sim,4,Não,1,2,0,0,Não,Não realizado,Sim,Carro,Sim,Não
Queda de moto,2009-05-13,19:00,Sul,"-25.460051, -49.300243",Seco / Noite,Seca,Sim,Sim,Sim,Não,1,Não,1,3,3,0,Não,Não realizado,Sim,Bicicleta,Sim,Não
Colisão,2007-09-25,16:00,Sul,"-25.471431, -49.300033",Seco / Dia,Molhada,Não,Sim,Sim,Não,1,Sim,4,1,0,0,Não,Não realizado,Sim,Bicicleta,Sim,Não
Queda de moto,2016-11-14,19:30,Leste,"-25.425324, -49.223073",Seco / Noite,Escorregadia,Sim,Não,Sim,Não,1,Sim,5,2,2,0,Sim,Negativo,Sim,Moto,Sim,Não
Colisão,2007-08-28,16:45,Leste,"-25.429926, -49.222441",Seco / Dia,Molhada,Não,Sim,Não,Sim,4,Sim,2,2,1,0,Não,Não realizado,Sim,Carro,Sim,Não
Colisão,2007-03-17,10:45,Centro,"-25.437829, -49.270027",Seco / Dia,Molhada,Não,Sim,Sim,Não,1,Sim,5,5,0,0,Sim,Negativo,Sim,Carro,Sim,Não
Atropelamento,2016-03-23,00:45,Sul,"-25.448239, -49.290309",Seco / Noite,Escorregadia,Não,Não,Não,Não,1,Não,1,4,0,0,Não,Não realizado,Sim,Caminhão,Sim,Sim
Capotamento,2012-03-23,07:45,Norte,"-25.397572, -49.286623",Chuva / Dia,Molhada,Não,Sim,Sim,Não,1,Não,1,1,0,0,Sim,Positivo,Sim,Carro,Não,Não
Colisão,2023-10-09,03:15,Oeste,"-25.424342, -49.325774",Neblina / Noite,Escorregadia,Não,Sim,Não,Não,1,Não,1,3,0,0,Sim,Negativo,Sim,Carro,Sim,Não
Queda de moto,2017-04-12,12:00,Sul,"-25.476344, -49.299694",Seco / Dia,Escorregadia,Sim,Não,Sim,Não,1,Não,1,1,1,0,Sim,Negativo,Sim,Carro,Não,Não
Colisão,2025-09-11,15:15,Leste,"-25.438108, -49.205903",Seco / Dia,Seca,Sim,Não,Sim,Não,1,Sim,5,4,4,1,Não,Não realizado,Sim,Caminhão,Não,Não
Atropelamento,2011-09-06,11:45,Sul,"-25.442146, -49.295051",Seco / Dia,Escorregadia,Sim,Sim,Sim,Sim,2,Não,1,4,1,0,Não,Não realizado,Sim,Caminhão,Sim,Não
Atropelamento,2016-06-26,12:45,Sul,"-25.467035, -49.298027",Chuva / Dia,Molhada,Não,Sim,Não,Não,1,Não,1,4,4,0,Sim,Negativo,Sim,Carro,Não,Não
Colisão,2016-04-14,01:00,Sul,"-25.449648, -49.293611",Chuva / Noite,Escorregadia,Não,Sim,Não,Sim,2,Sim,3,3,1,0,Sim,Negativo,Sim,Ônibus,Sim,Não
Colisão,2014-12-05,18:00,Leste,"-25.428045, -49.226520",Seco / Dia,Molhada,Não,Sim,Sim,Não,1,Não,1,2,2,0,Sim,Negativo,Sim,Moto,Não,Não
Queda de moto,2023-06-07,07:30,Oeste,"-25.412338, -49.326379",Seco / Dia,Molhada,Sim,Não,Não,Sim,2,Não,1,1,1,0,Sim,Negativo,Sim,Carro,Não,Não
Colisão,2018-09-29,23:30,Norte,"-25.388446, -49.266170",Seco / Noite,Escorregadia,Não,Não,Não,Sim,2,Sim,5,3,1,0,Não,Não realizado,Sim,Caminhão,Sim,Não
Colisão,2013-01-09,02:00,Centro,"-25.415546, -49.285982",Neblina / Noite,Escorregadia,Sim,Não,Sim,Sim,4,Não,1,1,1,0,Não,Não realizado,Sim,Carro,Sim,Não
Colisão,2023-09-15,08:45,Norte,"-25.394752, -49.241621",Chuva / Dia,Escorregadia,Sim,Não,Não,Sim,3,Não,1,1,1,0,Não,Não realizado,Sim,Bicicleta,Não,Não
Colisão,2011-06-25,05:00,Leste,"-25.411668, -49.210832",Seco / Noite,Seca,Não,Sim,Sim,Não,1,Não,1,1,1,0,Não,Não realizado,Sim,Bicicleta,Sim,Não
Atropelamento,2025-11-02,10:00,Sul,"-25.450665, -49.294456",Seco / Dia,Escorregadia,Não,Sim,Não,Não,1,Não,1,3,0,0,Sim,Negativo,Sim,Carro,Sim,Não
Colisão,2025-01-20,13:00,Leste,"-25.422207, -49.233900",Chuva / Dia,Seca,Sim,Sim,Sim,Não,1,Sim,4,4,0,0,Sim,Negativo,Sim,Carro,Sim,Não
Atropelamento,2015-06-03,13:45,Centro,"-25.427657, -49.288334",Chuva / Dia,Molhada,Não,Sim,Não,Sim,2,Sim,2,3,0,0,Não,Não realizado,Sim,Ônibus,Sim,Não
Atropelamento,2007-08-23,02:00,Norte,"-25.395913, -49.289010",Seco / Noite,Seca,Sim,Não,Sim,Não,1,Não,1,5,2,0,Sim,Positivo,Sim,Caminhão,Sim,Não
Atropelamento,2009-02-27,16:45,Oeste,"-25.414241, -49.336718",Seco / Dia,Seca,Não,Sim,Sim,Sim,4,Não,1,2,1,0,Não,Não realizado,Sim,Ônibus,Não,Não
Queda de moto,2006-02-06,23:30,Norte,"-25.387989, -49.249648",Seco / Noite,Molhada,Sim,Não,Não,Sim,3,Não,1,1,0,0,Sim,Negativo,Sim,Ônibus,Não,Sim
Colisão,2007-08-18,17:15,Centro,"-25.410800, -49.277411",Chuva / Dia,Seca,Sim,Não,Sim,Sim,4,Sim,4,2,2,0,Não,Não realizado,Sim,Ônibus,Não,Não
Colisão,2014-12-28,09:30,Sul,"-25.462314, -49.292784",Chuva / Dia,Escorregadia,Não,Sim,Não,Sim,4,Não,1,2,0,0,Não,Não realizado,Não,Ônibus,Sim,Não
Colisão,2020-11-30,00:00,Sul,"-25.473104, -49.283152",Chuva / Noite,Seca,Não,Não,Sim,Não,1,Sim,4,1,0,0,Não,Não realizado,Sim,Moto,Não,Não
Queda de moto,2023-12-04,20:00,Oeste,"-25.433992, -49.318197",Chuva / Noite,Molhada,Sim,Sim,Sim,Não,1,Não,1,2,0,0,Sim,Positivo,Sim,Bicicleta,Não,Não
Queda de moto,2023-08-12,09:30,Leste,"-25.439016, -49.227344",Seco / Dia,Molhada,Sim,Não,Não,Sim,3,Sim,2,1,1,0,Não,Não realizado,Sim,Carro,Não,Não
Atropelamento,2019-03-06,12:45,Centro,"-25.417283, -49.261836",Seco / Dia,Seca,Sim,Sim,Sim,Não,1,Não,1,2,0,0,Não,Não realizado,Sim,Bicicleta,Não,Não
Colisão,2014-12-04,21:30,Leste,"-25.436085, -49.202478",Chuva / Noite,Escorregadia,Sim,Sim,Sim,Sim,3,Não,1,1,1,0,Sim,Negativo,Não,Bicicleta,Não,Não
Colisão,2010-02-05,10:30,Sul,"-25.450885, -49.283866",Chuva / Dia,Seca,Não,Sim,Sim,Sim,3,Sim,5,1,0,0,Sim,Negativo,Sim,Caminhão,Sim,Não
Colisão,2005-05-09,03:00,Oeste,"-25.435602, -49.333795",Seco / Noite,Escorregadia,Não,Sim,Não,Sim,4,Sim,2,3,2,0,Sim,Positivo,Sim,Moto,Sim,Não
Colisão,2022-08-29,00:00,Sul,"-25.477271, -49.315960",Seco / Noite,Seca,Sim,Sim,Não,Não,1,Não,1,2,1,0,Sim,Negativo,Sim,Moto,Não,Não
Colisão,2018-01-16,21:45,Oeste,"-25.434883, -49.322280",Seco / Noite,Escorregadia,Não,Não,Sim,Sim,2,Não,1,5,0,0,Não,Não realizado,Sim,Ônibus,Não,Não
Colisão,2005-04-04,19:15,Oeste,"-25.414669, -49.339819",Seco / Noite,Escorregadia,Sim,Não,Não,Sim,3,Sim,3,1,0,0,Sim,Positivo,Sim,Ônibus,Sim,Não
Queda de moto,2021-10-10,22:45,Centro,"-25.420744, -49.267490",Seco / Noite,Seca,Não,Sim,Não,Não,1,Sim,5,1,1,0,Sim,Positivo,Sim,Carro,Não,Não
Capotamento,2014-01-03,03:00,Norte,"-25.409221, -49.267495",Chuva / Noite,Molhada,Sim,Sim,Não,Sim,3,Não,1,2,2,0,Sim,Negativo,Sim,Ônibus,Sim,Não
Colisão,2025-02-07,22:15,Oeste,"-25.428392, -49.302919",Neblina / Noite,Seca,Não,Não,Sim,Não,1,Não,1,1,1,0,Não,Não realizado,Sim,Bicicleta,Sim,Não
Atropelamento,2022-04-10,12:00,Oeste,"-25.425959, -49.304080",Seco / Dia,Molhada,Não,Sim,Sim,Sim,3,Sim,5,2,1,0,Não,Não realizado,Sim,Caminhão,Sim,Não
Queda de moto,2015-03-14,01:45,Sul,"-25.471315, -49.318713",Chuva / Noite,Molhada,Sim,Sim,Sim,Não,1,Sim,5,3,0,0,Sim,Positivo,Sim,Moto,Não,Não
Colisão,2022-10-26,16:00,Leste,"-25.436141, -49.237838",Chuva / Dia,Escorregadia,Não,Não,Sim,Sim,4,Sim,2,1,0,0,Não,Não realizado,Sim,Bicicleta,Não,Não
Queda de moto,2014-01-26,20:30,Oeste,"-25.414592, -49.317907",Chuva / Noite,Molhada,Não,Sim,Sim,Não,1,Sim,2,1,0,0,Não,Não realizado,Sim,Caminhão,Sim,Não
Colisão,2006-03-24,09:45,Sul,"-25.478912, -49.298199",Seco / Dia,Molhada,Sim,Sim,Sim,Não,1,Não,1,2,2,0,Não,Não realizado,Sim,Bicicleta,Sim,Não
Colisão,2016-07-25,16:45,Leste,"-25.418447, -49.236231",Seco / Dia,Escorregadia,Sim,Sim,Sim,Sim,4,Não,1,2,1,0,Não,Não realizado,Sim,Moto,Sim,Não
Colisão,2007-06-14,15:45,Centro,"-25.417562, -49.264596",Seco / Dia,Escorregadia,Sim,Não,Não,Sim,2,Sim,3,1,1,0,Não,Não realizado,Sim,Carro,Sim,Não
Colisão,2025-11-25,10:15,Norte,"-25.396107, -49.280073",Chuva / Dia,Molhada,Não,Não,Sim,Não,1,Não,1,1,0,0,Sim,Negativo,Sim,Ônibus,Sim,Não
Colisão,2011-10-08,08:45,Oeste,"-25.425692, -49.328966",Seco / Dia,Seca,Não,Não,Sim,Sim,3,Sim,4,2,2,0,Não,Não realizado,Sim,Bicicleta,Não,Não
Capotamento,2015-12-21,21:30,Norte,"-25.404276, -49.247770",Seco / Noite,Escorregadia,Sim,Sim,Não,Sim,3,Sim,2,1,1,0,Sim,Negativo,Sim,Carro,Sim,Não
Colisão,2009-06-04,04:30,Centro,"-25.423145, -49.269184",Seco / Noite,Escorregadia,Não,Não,Não,Não,1,Não,1,1,0,0,Não,Não realizado,Sim,Bicicleta,Não,Não
Atropelamento,2010-12-16,20:15,Sul,"-25.474159, -49.306119",Chuva / Noite,Escorregadia,Sim,Sim,Sim,Sim,3,Não,1,3,0,0,Não,Não realizado,Sim,Carro,Sim,Não
Atropelamento,2022-01-11,17:00,Sul,"-25.440530, -49.300056",Seco / Dia,Molhada,Não,Não,Sim,Sim,4,Não,1,3,2,1,Sim,Negativo,Sim,Ônibus,Sim,Não
Colisão,2019-01-28,17:45,Centro,"-25.429825, -49.260704",Seco / Dia,Escorregadia,Não,Sim,Sim,Não,1,Não,1,3,1,0,Não,Não realizado,Sim,Caminhão,Sim,Não
Colisão,2023-10-27,02:00,Centro,"-25.423529, -49.266484",Chuva / Noite,Seca,Não,Não,Sim,Sim,4,Sim,3,4,0,0,Sim,Negativo,Sim,Bicicleta,Não,Não
Atropelamento,2016-10-02,04:30,Sul,"-25.449167, -49.287765",Seco / Noite,Molhada,Não,Sim,Não,Sim,2,Sim,2,2,0,0,Sim,Positivo,Sim,Carro,Sim,Não
Atropelamento,2006-03-14,08:15,Oeste,"-25.425206, -49.321598",Chuva / Dia,Molhada,Sim,Não,Não,Não,1,Sim,2,3,1,0,Sim,Positivo,Sim,Caminhão,Não,Não
Colisão,2010-12-11,17:30,Sul,"-25.446556, -49.316244",Chuva / Dia,Molhada,Não,Não,Sim,Não,1,Não,1,3,0,0,Sim,Positivo,Não,Caminhão,Não,Não
Colisão,2018-09-14,17:00,Norte,"-25.399759, -49.269069",Seco / Dia,Seca,Sim,Sim,Sim,Não,1,Não,1,1,0,0,Sim,Positivo,Sim,Bicicleta,Não,Não
Queda de moto,2013-12-23,21:00,Leste,"-25.430124, -49.218725",Seco / Noite,Molhada,Sim,Sim,Sim,Não,1,Sim,5,5,0,0,Não,Não realizado,Não,Bicicleta,Sim,Não
Atropelamento,2020-09-08,09:15,Oeste,"-25.422511, -49.317267",Chuva / Dia,Escorregadia,Sim,Sim,Não,Não,1,Sim,5,2,2,0,Não,Não realizado,Não,Bicicleta,Sim,Não
Atropelamento,2018-09-17,08:30,Norte,"-25.401006, -49.286700",Seco / Dia,Molhada,Não,Não,Sim,Sim,3,Não,1,5,1,0,Não,Não realizado,Sim,Bicicleta,Não,Não
Colisão,2014-12-11,12:30,Centro,"-25.418870, -49.270670",Seco / Dia,Escorregadia,Não,Não,Sim,Sim,4,Sim,2,1,1,0,Não,Não realizado,Sim,Caminhão,Não,Não
Colisão,2020-02-01,22:15,Oeste,"-25.427010, -49.324932",Seco / Noite,Seca,Não,Sim,Não,Não,1,Sim,3,1,0,0,Sim,Negativo,Não,Bicicleta,Sim,Não
Colisão,2019-09-04,20:30,Leste,"-25.436153, -49.215030",Seco / Noite,Molhada,Sim,Sim,Sim,Sim,3,Sim,4,4,3,0,Não,Não realizado,Sim,Carro,Não,Não
Colisão,2008-08-01,08:00,Sul,"-25.457701, -49.295984",Seco / Dia,Seca,Sim,Não,Não,Sim,2,Não,1,2,0,0,Sim,Positivo,Sim,Carro,Não,Não
Colisão,2019-04-14,12:15,Sul,"-25.468744, -49.304045",Chuva / Dia,Molhada,Sim,Sim,Sim,Não,1,Não,1,3,0,0,Não,Não realizado,Não,Bicicleta,Sim,Não
Atropelamento,2010-05-10,03:00,Centro,"-25.415877, -49.260232",Seco / Noite,Molhada,Sim,Não,Sim,Sim,2,Sim,3,2,1,0,Não,Não realizado,Não,Caminhão,Sim,Não
Capotamento,2013-09-21,02:45,Leste,"-25.432155, -49.225291",Seco / Noite,Seca,Sim,Não,Sim,Não,1,Não,1,1,1,0,Não,Não realizado,Sim,Moto,Sim,Não
Atropelamento,2021-09-02,23:00,Oeste,"-25.411949, -49.307564",Seco / Noite,Seca,Não,Não,Não,Não,1,Não,1,4,0,0,Sim,Negativo,Sim,Caminhão,Sim,Não
Colisão,2022-03-23,20:45,Leste,"-25.435446, -49.228829",Seco / Noite,Seca,Não,Não,Não,Sim,3,Não,1,1,1,0,Não,Não realizado,Sim,Carro,Sim,Não
Colisão,2021-08-03,11:00,Centro,"-25.425822, -49.273219",Chuva / Dia,Seca,Não,Não,Não,Não,1,Sim,2,2,0,0,Não,Não realizado,Sim,Carro,Não,Não
Colisão,2007-10-27,08:00,Oeste,"-25.439412, -49.339629",Chuva / Dia,Escorregadia,Não,Não,Sim,Sim,2,Sim,3,2,2,0,Sim,Negativo,Sim,Carro,Sim,Não
Colisão,2019-07-03,23:45,Sul,"-25.462147, -49.294485",Seco / Noite,Seca,Sim,Não,Não,Sim,2,Não,1,1,0,0,Não,Não realizado,Sim,Caminhão,Sim,Não
Capotamento,2021-11-25,08:30,Norte,"-25.401748, -49.266400",Seco / Dia,Seca,Sim,Sim,Não,Não,1,Não,1,2,2,0,Não,Não realizado,Sim,Carro,Não,Não
Colisão,2021-04-25,21:30,Sul,"-25.473030, -49.311227",Seco / Noite,Escorregadia,Não,Sim,Não,Sim,3,Não,1,1,1,0,Sim,Negativo,Sim,Caminhão,Não,Não
Queda de moto,2020-07-12,19:45,Sul,"-25.469716, -49.294251",Seco / Noite,Seca,Sim,Sim,Sim,Não,1,Não,1,4,1,0,Não,Não realizado,Sim,Carro,Sim,Não
Queda de moto,2008-06-13,06:15,Sul,"-25.476293, -49.309735",Seco / Dia,Molhada,Sim,Sim,Não,Sim,3,Não,1,3,2,0,Não,Não realizado,Sim,Ônibus,Não,Não
Colisão,2014-04-01,14:30,Leste,"-25.426895, -49.221208",Seco / Dia,Escorregadia,Não,Sim,Sim,Não,1,Não,1,4,0,0,Não,Não realizado,Sim,Carro,Não,Não
Colisão,2008-08-31,03:15,Leste,"-25.422655, -49.232116",Neblina / Noite,Seca,Sim,Não,Não,Não,1,Não,1,2,2,0,Não,Não realizado,Não,Caminhão,Sim,Não
Colisão,2015-08-13,17:30,Norte,"-25.405008, -49.275158",Seco / Dia,Molhada,Não,Não,Sim,Não,1,Sim,4,1,1,0,Não,Não realizado,Sim,Carro,Não,Não
Atropelamento,2015-07-19,10:15,Leste,"-25.420184, -49.204437",Seco / Dia,Seca,Não,Sim,Sim,Sim,3,Não,1,5,0,0,Não,Não realizado,Sim,Bicicleta,Sim,Não
Colisão,2009-01-24,20:45,Norte,"-25.380023, -49.264175",Seco / Noite,Seca,Não,Não,Não,Não,1,Não,1,3,3,0,Não,Não realizado,Sim,Caminhão,Não,Não
Atropelamento,2009-10-30,12:45,Sul,"-25.470411, -49.293687",Chuva / Dia,Molhada,Sim,Não,Não,Sim,4,Sim,5,4,3,0,Não,Não realizado,Sim,Carro,Sim,Não
Atropelamento,2012-04-09,13:00,Centro,"-25.414487, -49.261091",Chuva / Dia,Molhada,Não,Sim,Sim,Não,1,Não,1,2,1,0,Não,Não realizado,Sim,Moto,Sim,Não
Atropelamento,2015-06-25,17:45,Centro,"-25.431556, -49.271759",Neblina / Dia,Seca,Não,Sim,Sim,Sim,4,Não,1,5,0,0,Sim,Positivo,Sim,Carro,Sim,Não
Atropelamento,2021-10-13,15:00,Oeste,"-25.437454, -49.336047",Seco / Dia,Escorregadia,Não,Não,Sim,Não,1,Sim,3,2,0,0,Não,Não realizado,Sim,Moto,Não,Não
Colisão,2017-12-03,16:15,Leste,"-25.425073, -49.223842",Seco / Dia,Seca,Sim,Sim,Não,Não,1,Não,1,1,1,0,Não,Não realizado,Sim,Caminhão,Não,Não
Queda de moto,2021-10-02,00:00,Sul,"-25.460147, -49.313525",Seco / Noite,Molhada,Sim,Não,Sim,Não,1,Não,1,3,3,0,Não,Não realizado,Sim,Moto,Sim,Não
Atropelamento,2017-06-22,23:00,Leste,"-25.418300, -49.226459",Neblina / Noite,Seca,Sim,Sim,Não,Não,1,Não,1,5,2,0,Não,Não realizado,Sim,Carro,Sim,Não
Colisão,2017-05-26,01:15,Leste,"-25.414749, -49.201070",Chuva / Noite,Seca,Sim,Não,Sim,Não,1,Não,1,3,2,0,Não,Não realizado,Sim,Moto,Sim,Não
Atropelamento,2022-02-15,18:30,Oeste,"-25.412195, -49.325999",Seco / Dia,Seca,Não,Não,Não,Não,1,Não,1,5,1,0,Não,Não realizado,Sim,Moto,Não,Não
Colisão,2021-10-28,13:00,Norte,"-25.388636, -49.280720",Seco / Dia,Escorregadia,Sim,Não,Sim,Não,1,Não,1,4,0,0,Não,Não realizado,Sim,Ônibus,Sim,Sim
Colisão,2005-05-21,15:30,Oeste,"-25.413584, -49.328479",Chuva / Dia,Escorregadia,Sim,Não,Não,Sim,2,Sim,4,2,1,0,Não,Não realizado,Sim,Carro,Sim,Não
Colisão,2015-10-04,16:15,Oeste,"-25.425439, -49.312792",Chuva / Dia,Seca,Não,Não,Sim,Não,1,Sim,2,3,0,0,Sim,Negativo,Sim,Moto,Não,Não
Colisão,2005-01-29,07:30,Centro,"-25.431267, -49.270574",Seco / Dia,Molhada,Não,Sim,Não,Não,1,Sim,2,3,2,0,Não,Não realizado,Não,Carro,Não,Não
Colisão,2023-05-02,08:00,Norte,"-25.396333, -49.286256",Seco / Dia,Escorregadia,Sim,Não,Não,Não,1,Não,1,2,1,0,Não,Não realizado,Sim,Bicicleta,Sim,Não
Colisão,2020-08-20,05:15,Leste,"-25.433633, -49.200774",Seco / Noite,Molhada,Não,Não,Não,Não,1,Não,1,1,1,0,Não,Não realizado,Sim,Moto,Não,Não
Colisão,2019-02-04,23:00,Sul,"-25.458321, -49.289450",Chuva / Noite,Seca,Não,Não,Sim,Sim,4,Sim,3,1,0,0,Não,Não realizado,Sim,Moto,Não,Não
Capotamento,2020-05-23,09:00,Norte,"-25.401758, -49.261066",Chuva / Dia,Molhada,Não,Sim,Sim,Não,1,Não,1,1,1,0,Não,Não realizado,Sim,Caminhão,Não,Não
Colisão,2009-07-15,11:30,Sul,"-25.452923, -49.289002",Seco / Dia,Seca,Não,Sim,Sim,Não,1,Não,1,3,0,0,Sim,Negativo,Sim,Carro,Sim,Não
Capotamento,2007-12-24,02:30,Norte,"-25.380708, -49.249403",Seco / Noite,Escorregadia,Sim,Não,Não,Não,1,Sim,5,1,0,0,Não,Não realizado,Sim,Moto,Não,Não
Colisão,2018-04-24,06:00,Leste,"-25.424696, -49.240906",Seco / Dia,Molhada,Não,Não,Sim,Não,1,Sim,5,5,0,0,Não,Não realizado,Sim,Bicicleta,Não,Não
Queda de moto,2019-02-01,01:15,Leste,"-25.418300, -49.229184",Seco / Noite,Escorregadia,Não,Sim,Sim,Sim,2,Sim,5,3,0,0,Não,Não realizado,Sim,Caminhão,Sim,Não
Atropelamento,2010-12-08,04:45,Centro,"-25.432744, -49.267684",Chuva / Noite,Seca,Não,Sim,Sim,Não,1,Sim,2,2,1,0,Não,Não realizado,Sim,Carro,Sim,Não
Atropelamento,2005-09-28,20:15,Oeste,"-25.415072, -49.338340",Seco / Noite,Molhada,Não,Sim,Não,Sim,4,Não,1,3,1,0,Sim,Positivo,Sim,Carro,Não,Não