TIPO DE ACIDENTE,DATA,HORA,REGIÃO,COORDENADA GEOGRÁFICA,SITUAÇÃO CLIMÁTICA/LUMINOSIDADE,CONDIÇÕES DA SUPERFÍCIE DE ROLAMENTO,POSSUI SINALIZAÇÃO HORIZONTAL,POSSUI SINALIZAÇÃO VERTICAL,PRÓXIMO A EQUIPO ELETRÔNICO,HOUVE OUTROS VEÍCULOS ENVOLVIDOS,QUANTOS VEÍCULOS,HAVIA OUTROS OCUPANTES NO VEÍCULO,QUANTOS OCUPANTES,ENVOLVIDOS,FERIDOS,ÓBITOS,FOI REALIZADO O TESTE DE BAFÔMETRO,QUAL O RESULTADO,POSSUI HABILITAÇÃO,VEÍCULO TIPO,HOUVE DANOS AO PATRIMÔNIO PÚBLICO?,HOUVE DANOS AO MEIO AMBIENTE?
Colisão,2011-10-07,04:30,Norte,"-25.381319, -49.282063",Seco / Noite,Seca,Sim,Sim,Não,Não,1,Não,1,2,1,0,Não,Não realizado,Sim,Moto,Não,Não
Atropelamento,2013-06-16,06:45,Sul,"-25.456009, -49.302330",Chuva / Dia,Molhada,Não,Não,Sim,Sim,4,Não,1,2,0,0,Sim,Negativo,Sim,Moto,Não,Não
Atropelamento,2005-05-25,10:00,Norte,"-25.395471, -49.289868",Seco / Dia,Escorregadia,Não,Sim,Não,Sim,4,Sim,2,3,0,0,Não,Não realizado,Sim,Bicicleta,Sim,Não
Queda de moto,2022-02-01,20:30,Centro,"-25.415580, -49.282522",Seco / Noite,Escorregadia,Não,Não,Sim,Não,1,Não,1,3,2,0,Sim,Negativo,Sim,Bicicleta,Sim,Não
Colisão,2014-10-24,23:00,Sul,"-25.461471, -49.313650",Seco / Noite,Seca,Sim,Sim,Sim,Não,1,Não,1,1,1,0,Sim,Positivo,Sim,Bicicleta,Sim,Não
Capotamento,2019-03-24,11:15,Sul,"-25.476424, -49.289559",Chuva / Dia,Molhada,Sim,Não,Sim,Não,1,Sim,5,1,1,0,Sim,Positivo,Sim,Caminhão,Não,Não
Atropelamento,2011-06-22,09:15,Norte,"-25.385736, -49.257425",Seco / Dia,Seca,Não,Sim,Não,Sim,3,Sim,4,2,2,0,Não,Não realizado,Sim,Moto,Não,Não
Colisão,2015-06-22,13:45,Norte,"-25.390262, -49.279120",Seco / Dia,Escorregadia,Não,Não,Sim,Sim,4,Sim,3,1,1,0,Sim,Negativo,Sim,Caminhão,Não,Sim
Colisão,2018-10-26,05:00,Norte,"-25.392641, -49.247246",Seco / Noite,Seca,Não,Sim,Não,Sim,3,Não,1,1,0,0,Não,Não realizado,Sim,Carro,Sim,Não
Colisão,2012-02-20,23:15,Sul,"-25.476834, -49.300987",Chuva / Noite,Molhada,Não,Não,Sim,Sim,4,Sim,3,1,1,0,Não,Não realizado,Sim,Moto,Sim,Não
Colisão,2024-05-22,10:45,Leste,"-25.430796, -49.245498",Seco / Dia,Molhada,Não,Não,Sim,Não,1,Sim,5,2,0,0,Não,Não realizado,Sim,Bicicleta,Não,Não
Colisão,2014-01-03,13:00,Centro,"-25.438270, -49.279508",Seco / Dia,Seca,Sim,Não,Não,Sim,3,Não,1,1,0,0,Sim,Positivo,Sim,Moto,Sim,Não
Queda de moto,2023-12-27,12:30,Norte,"-25.394166, -49.285624",Seco / Dia,Seca,Não,Não,Sim,Não,1,Sim,2,3,1,0,Não,Não realizado,Sim,Ônibus,Não,Não
Capotamento,2024-11-20,09:45,Leste,"-25.430995, -49.202110",Chuva / Dia,Escorregadia,Sim,Sim,Não,Não,1,Sim,4,1,1,0,Sim,Positivo,Sim,Caminhão,Não,Não
Atropelamento,2007-07-17,11:15,Norte,"-25.397077, -49.281363",Seco / Dia,Escorregadia,Não,Sim,Sim,Sim,2,Sim,2,3,1,0,Sim,Positivo,Sim,Caminhão,Não,Não
Colisão,2010-04-26,01:45,Norte,"-25.391428, -49.241186",Seco / Noite,Escorregadia,Não,Sim,Não,Sim,2,Não,1,2,1,0,Não,Não realizado,Não,Carro,Sim,Não
Colisão,2021-05-08,06:45,Oeste,"-25.413333, -49.333864",Seco / Dia,Escorregadia,Não,Sim,Sim,Não,1,Não,1,1,0,0,Não,Não realizado,Sim,Ônibus,Não,Não
Atropelamento,2012-03-24,17:45,Centro,"-25.411376, -49.285116",Chuva / Dia,Seca,Sim,Sim,Sim,Não,1,Não,1,3,1,0,Não,Não realizado,Sim,Carro,Sim,Não
Colisão,2016-05-24,15:45,Centro,"-25.420907, -49.271362",Neblina / Dia,Molhada,Sim,Sim,Sim,Não,1,Sim,2,1,1,0,Não,Não realizado,Sim,Carro,Sim,Não
Atropelamento,2019-10-11,18:15,Leste,"-25.411011, -49.207425",Seco / Dia,Seca,Sim,Não,Sim,Não,1,Sim,3,3,3,0,Não,Não realizado,Sim,Bicicleta,Não,Não
Queda de moto,2006-11-25,12:45,Leste,"-25.427961, -49.219145",Seco / Dia,Escorregadia,Sim,Não,Sim,Não,1,Sim,2,2,2,0,Não,Não realizado,Sim,Ônibus,Não,Não
Colisão,2023-10-22,07:45,Leste,"-25.421571, -49.226288",Seco / Dia,Seca,Sim,Sim,Não,Não,1,Sim,2,1,1,0,Não,Não realizado,Sim,Bicicleta,Não,Não
Colisão,2007-02-14,20:15,Norte,"-25.396222, -49.258157",Seco / Noite,Escorregadia,Sim,Não,Não,Não,1,Não,1,4,0,0,Não,Não realizado,Sim,Ônibus,Não,Não
Atropelamento,2014-09-24,06:45,Oeste,"-25.438248, -49.334885",Seco / Dia,Molhada,Sim,Sim,Não,Sim,3,Não,1,2,1,0,Sim,Positivo,Sim,Carro,Não,Não
Colisão,2015-09-21,19:45,Sul,"-25.475992, -49.319249",Seco / Noite,Seca,Sim,Não,Sim,Sim,4,Sim,3,3,3,0,Não,Não realizado,Sim,Caminhão,Sim,Não
Colisão,2022-11-21,14:45,Sul,"-25.478890, -49.312743",Chuva / Dia,Molhada,Sim,Sim,Sim,Sim,3,Sim,2,1,1,0,Não,Não realizado,Sim,Carro,Sim,Não
Colisão,2005-07-21,11:45,Sul,"-25.477178, -49.285037",Chuva / Dia,Escorregadia,Não,Sim,Não,Sim,3,Sim,3,2,0,0,Não,Não realizado,Sim,Bicicleta,Sim,Não
Colisão,2008-09-22,05:15,Leste,"-25.433106, -49.223997",Chuva / Noite,Seca,Sim,Não,Não,Não,1,Não,1,2,0,0,Não,Não realizado,Sim,Carro,Sim,Não
Atropelamento,2018-12-01,07:30,Norte,"-25.408137, -49.253552",Seco / Dia,Seca,Não,Não,Não,Sim,2,Não,1,2,2,0,Sim,Negativo,Sim,Moto,Sim,Não
Colisão,2021-01-08,10:45,Norte,"-25.397483, -49.263817",Neblina / Dia,Seca,Sim,Não,Não,Não,1,Não,1,3,0,0,Não,Não realizado,Sim,Moto,Sim,Não
Colisão,2025-09-26,16:00,Oeste,"-25.436042, -49.333580",Seco / Dia,Escorregadia,Não,Não,Não,Sim,4,Sim,5,2,1,0,Não,Não realizado,Sim,Caminhão,Sim,Não
Queda de moto,2011-11-08,12:00,Leste,"-25.439087, -49.204615",Chuva / Dia,Escorregadia,Não,Sim,Não,Sim,4,Sim,3,1,1,0,Não,Não realizado,Sim,Ônibus,Não,Não
Atropelamento,2022-05-02,04:00,Leste,"-25.429491, -49.229709",Neblina / Noite,Escorregadia,Sim,Não,Não,Sim,4,Sim,3,5,0,0,Sim,Positivo,Sim,Carro,Sim,Não
Colisão,2024-07-19,12:00,Leste,"-25.439339, -49.247218",Chuva / Dia,Seca,Sim,Não,Não,Não,1,Sim,4,2,1,0,Não,Não realizado,Não,Ônibus,Não,Não
Atropelamento,2024-08-12,04:00,Centro,"-25.425140, -49.279009",Seco / Noite,Seca,Sim,Não,Não,Não,1,Não,1,4,3,0,Não,Não realizado,Sim,Moto,Não,Não
Atropelamento,2020-03-27,00:00,Centro,"-25.426184, -49.264879",Chuva / Noite,Escorregadia,Não,Não,Não,Sim,3,Sim,3,4,0,0,Sim,Negativo,Sim,Caminhão,Sim,Não
Colisão,2014-05-04,03:15,Sul,"-25.445412, -49.288988",Chuva / Noite,Escorregadia,Não,Sim,Não,Sim,4,Não,1,2,1,0,Não,Não realizado,Sim,Bicicleta,Não,Não
Colisão,2011-04-25,20:15,Centro,"-25.422402, -49.277976",Seco / Noite,Molhada,Não,Não,Não,Não,1,Não,1,2,1,0,Sim,Positivo,Sim,Bicicleta,Sim,Não
Atropelamento,2016-11-15,08:15,Sul,"-25.476133, -49.288437",Seco / Dia,Escorregadia,Sim,Sim,Sim,Não,1,Sim,5,3,0,0,Sim,Negativo,Sim,Carro,Sim,Não
Atropelamento,2020-07-28,07:45,Leste,"-25.415863, -49.236038",Seco / Dia,Seca,Não,Sim,Não,Não,1,Não,1,5,5,0,Não,Não realizado,Sim,Caminhão,Sim,Não
Queda de moto,2017-08-23,17:00,Oeste,"-25.437540, -49.315986",Seco / Dia,Seca,Não,Não,Não,Sim,4,Não,1,4,1,0,Sim,Negativo,Sim,Ônibus,Sim,Não
Atropelamento,2014-01-02,20:00,Oeste,"-25.436094, -49.300611",Chuva / Noite,Seca,Não,Não,Não,Sim,2,Sim,4,3,0,0,Não,Não realizado,Sim,Ônibus,Não,Não
Colisão,2024-06-28,02:15,Leste,"-25.439211, -49.210008",Seco / Noite,Escorregadia,Não,Não,Sim,Sim,4,Não,1,2,1,0,Não,Não realizado,Sim,Carro,Sim,Não
Atropelamento,2024-01-26,11:30,Leste,"-25.439167, -49.232034",Seco / Dia,Escorregadia,Não,Não,Sim,Sim,4,Sim,2,5,0,0,Sim,Positivo,Sim,Caminhão,Não,Não
Queda de moto,2016-09-24,18:15,Sul,"-25.476350, -49.300485",Chuva / Dia,Molhada,Sim,Não,Não,Sim,3,Não,1,1,1,0,Não,Não realizado,Sim,Carro,Sim,Não
Colisão,2018-01-30,16:15,Oeste,"-25.415126, -49.331072",Neblina / Dia,Seca,Sim,Não,Não,Sim,3,Sim,2,1,1,0,Não,Não realizado,Sim,Caminhão,Sim,Não
Colisão,2005-02-23,05:45,Sul,"-25.476372, -49.309648",Chuva / Noite,Escorregadia,Sim,Não,Não,Não,1,Não,1,1,1,0,Não,Não realizado,Não,Caminhão,Não,Não
Colisão,2013-01-01,15:00,Sul,"-25.447471, -49.293981",Seco / Dia,Escorregadia,Não,Sim,Sim,Sim,3,Sim,3,1,1,0,Não,Não realizado,Sim,Bicicleta,Sim,Não
Capotamento,2005-11-19,22:30,Centro,"-25.438879, -49.264028",Seco / Noite,Escorregadia,Sim,Sim,Não,Não,1,Não,1,5,5,0,Sim,Positivo,Sim,Caminhão,Sim,Não
Atropelamento,2007-10-04,01:00,Oeste,"-25.423742, -49.313910",Seco / Noite,Molhada,Não,Não,Sim,Não,1,Sim,3,3,3,0,Sim,Positivo,Sim,Moto,Não,Não
Colisão,2017-06-22,20:15,Norte,"-25.387935, -49.273200",Chuva / Noite,Molhada,Não,Sim,Sim,Sim,3,Sim,3,3,2,0,Não,Não realizado,Sim,Bicicleta,Sim,Não
Colisão,2005-02-14,23:15,Oeste,"-25.433616, -49.305491",Seco / Noite,Escorregadia,Sim,Não,Não,Sim,3,Não,1,1,1,0,Sim,Negativo,Sim,Bicicleta,Sim,Não
Colisão,2021-02-11,06:00,Oeste,"-25.417912, -49.302079",Chuva / Dia,Escorregadia,Sim,Não,Sim,Sim,4,Sim,2,2,2,0,Sim,Negativo,Sim,Carro,Não,Não
Colisão,2005-10-19,00:45,Leste,"-25.428317, -49.218119",Seco / Noite,Escorregadia,Não,Não,Sim,Não,1,Sim,4,4,0,0,Não,Não realizado,Sim,Ônibus,Não,Não
Colisão,2014-06-04,19:00,Oeste,"-25.414129, -49.315989",Seco / Noite,Escorregadia,Sim,Sim,Sim,Não,1,Sim,3,1,1,0,Não,Não realizado,Sim,Bicicleta,Sim,Não
Atropelamento,2024-07-12,13:00,Sul,"-25.477973, -49.307542",Seco / Dia,Molhada,Sim,Sim,Sim,Sim,4,Sim,5,3,0,0,Sim,Positivo,Sim,Bicicleta,Não,Não
Atropelamento,2007-04-12,20:00,Sul,"-25.456424, -49.280834",Seco / Noite,Seca,Sim,Não,Sim,Não,1,Sim,4,5,3,0,Sim,Positivo,Sim,Carro,Sim,Não
Capotamento,2009-08-08,15:30,Centro,"-25.416564, -49.264413",Seco / Dia,Escorregadia,Sim,Sim,Não,Sim,3,Não,1,1,1,0,Não,Não realizado,Sim,Bicicleta,Não,Não
Colisão,2011-03-06,11:15,Sul,"-25.442635, -49.309131",Seco / Dia,Escorregadia,Não,Não,Não,Sim,2,Não,1,2,0,0,Sim,Negativo,Sim,Carro,Sim,Não
Colisão,2022-10-21,14:15,Leste,"-25.433016, -49.233133",Chuva / Dia,Seca,Não,Não,Não,Sim,4,Não,1,5,0,0,Não,Não realizado,Sim,Caminhão,Não,Não
Atropelamento,2020-06-07,15:30,Oeste,"-25.434739, -49.320691",Chuva / Dia,Molhada,Não,Sim,Não,Sim,3,Sim,5,5,0,0,Não,Não realizado,Sim,Moto,Não,Não
Atropelamento,2016-05-22,00:00,Sul,"-25.467152, -49.284141",Seco / Noite,Seca,Não,Não,Sim,Não,1,Não,1,4,0,0,Sim,Negativo,Sim,Carro,Não,Não
Colisão,2025-12-03,00:30,Sul,"-25.451262, -49.306388",Seco / Noite,Escorregadia,Não,Sim,Não,Sim,2,Não,1,3,0,0,Não,Não realizado,Sim,Moto,Sim,Não
Queda de moto,2022-09-12,09:30,Sul,"-25.469151, -49.316248",Seco / Dia,Seca,Não,Não,Não,Não,1,Não,1,3,3,0,Não,Não realizado,Sim,Ônibus,Não,Não
Atropelamento,2006-04-09,03:45,Norte,"-25.396298, -49.262942",Seco / Noite,Seca,Não,Sim,Sim,Não,1,Não,1,2,0,0,Não,Não realizado,Sim,Bicicleta,Sim,Não
Colisão,2018-06-08,10:00,Centro,"-25.433908, -49.276489",Neblina / Dia,Seca,Não,Sim,Não,Sim,3,Não,1,3,3,0,Não,Não realizado,Sim,Carro,Sim,Não
Atropelamento,2019-12-07,18:30,Oeste,"-25.411590, -49.318276",Seco / Dia,Molhada,Não,Não,Não,Sim,2,Sim,3,2,1,0,Não,Não realizado,Sim,Caminhão,Sim,Não
Atropelamento,2016-05-06,11:45,Norte,"-25.383293, -49.263555",Chuva / Dia,Escorregadia,Sim,Sim,Não,Sim,4,Não,1,3,0,0,Não,Não realizado,Sim,Moto,Não,Não
Capotamento,2019-04-14,08:00,Sul,"-25.473809, -49.302490",Seco / Dia,Escorregadia,Sim,Não,Sim,Sim,2,Não,1,1,1,0,Sim,Negativo,Sim,Ônibus,Sim,Não
Capotamento,2006-09-10,10:45,Sul,"-25.462519, -49.298235",Seco / Dia,Molhada,Não,Não,Sim,Sim,2,Sim,5,2,0,0,Sim,Negativo,Sim,Bicicleta,Não,Não
Atropelamento,2019-06-01,10:45,Centro,"-25.429817, -49.285590",Seco / Dia,Escorregadia,Não,Sim,Sim,Sim,3,Não,1,5,1,0,Sim,Negativo,Sim,Ônibus,Não,Sim
Colisão,2016-10-14,07:00,Centro,"-25.414747, -49.268936",Seco / Dia,Molhada,Não,Não,Sim,Não,1,Não,1,1,1,0,Não,Não realizado,Sim,Caminhão,Sim,Não
Colisão,2020-07-15,05:30,Norte,"-25.409475, -49.273860",Chuva / Noite,Escorregadia,Sim,Não,Não,Sim,3,Sim,4,4,2,0,Não,Não realizado,Não,Ônibus,Não,Não
Atropelamento,2005-07-15,08:30,Sul,"-25.454541, -49.306695",Chuva / Dia,Escorregadia,Não,Sim,Sim,Sim,4,Não,1,3,3,0,Não,Não realizado,Sim,Caminhão,Não,Não
Atropelamento,2007-08-03,01:15,Leste,"-25.413438, -49.240351",Seco / Noite,Seca,Sim,Não,Sim,Não,1,Não,1,3,3,0,Não,Não realizado,Sim,Bicicleta,Não,Não
Colisão,2021-04-27,07:30,Centro,"-25.436277, -49.267688",Chuva / Dia,Molhada,Sim,Sim,Sim,Não,1,Não,1,1,1,0,Não,Não realizado,Não,Ônibus,Sim,Não
Colisão,2020-12-08,09:30,Norte,"-25.396650, -49.268091",Seco / Dia,Seca,Sim,Sim,Sim,Não,1,Não,1,4,4,0,Não,Não realizado,Não,Bicicleta,Não,Não
Colisão,2023-04-07,03:30,Leste,"-25.414402, -49.241354",Seco / Noite,Molhada,Não,Não,Não,Sim,3,Sim,2,1,1,0,Não,Não realizado,Sim,Bicicleta,Não,Não
Colisão,2014-02-26,16:15,Leste,"-25.410286, -49.243273",Neblina / Dia,Escorregadia,Sim,Não,Sim,Sim,2,Não,1,2,0,0,Sim,Positivo,Sim,Carro,Não,Não
Capotamento,2019-01-07,21:45,Leste,"-25.427017, -49.244348",Seco / Noite,Molhada,Sim,Não,Sim,Não,1,Não,1,1,0,0,Não,Não realizado,Sim,Bicicleta,Sim,Não
Atropelamento,2021-10-15,23:45,Leste,"-25.411753, -49.244741",Seco / Noite,Molhada,Não,Não,Sim,Sim,3,Não,1,2,0,0,Não,Não realizado,Sim,Moto,Sim,Não
Colisão,2008-09-30,10:30,Oeste,"-25.439841, -49.308778",Neblina / Dia,Seca,Sim,Sim,Não,Não,1,Sim,2,2,0,0,Sim,Positivo,Sim,Bicicleta,Sim,Não
Queda de moto,2010-06-23,09:00,Norte,"-25.387804, -49.264799",Seco / Dia,Escorregadia,Sim,Não,Sim,Não,1,Sim,5,3,2,0,Sim,Negativo,Sim,Ônibus,Não,Não
Atropelamento,2014-03-13,19:15,Leste,"-25.435920, -49.205702",Seco / Noite,Escorregadia,Não,Não,Não,Não,1,Sim,5,4,0,0,Não,Não realizado,Sim,Caminhão,Não,Não
Colisão,2024-03-02,19:30,Centro,"-25.412344, -49.287388",Seco / Noite,Molhada,Não,Sim,Não,Não,1,Não,1,3,2,0,Sim,Positivo,Sim,Caminhão,Sim,Não
Colisão,2014-08-20,00:00,Centro,"-25.413283, -49.261625",Neblina / Noite,Seca,Sim,Não,Não,Não,1,Sim,2,2,0,0,Sim,Negativo,Sim,Ônibus,Sim,Não
Queda de moto,2016-04-29,22:15,Centro,"-25.431090, -49.260371",Seco / Noite,Molhada,Não,Sim,Sim,Não,1,Sim,3,3,2,0,Sim,Negativo,Sim,Carro,Não,Não
Colisão,2020-10-04,16:00,Sul,"-25.473449, -49.306551",Seco / Dia,Seca,Sim,Não,Sim,Não,1,Sim,2,2,2,0,Não,Não realizado,Sim,Bicicleta,Sim,Não
Queda de moto,2013-12-18,16:45,Oeste,"-25.436392, -49.325842",Chuva / Dia,Seca,Não,Sim,Sim,Sim,4,Sim,4,2,2,0,Sim,Positivo,Sim,Caminhão,Não,Não
Colisão,2016-02-08,18:00,Norte,"-25.404964, -49.257863",Seco / Dia,Molhada,Sim,Não,Sim,Sim,2,Não,1,2,2,0,Não,Não realizado,Sim,Ônibus,Não,Não
Colisão,2013-02-19,11:45,Norte,"-25.388688, -49.261493",Seco / Dia,Molhada,Sim,Não,Não,Não,1,Sim,4,1,1,0,Não,Não realizado,Sim,Moto,Não,Não
Colisão,2014-01-07,22:00,Oeste,"-25.430244, -49.315218",Chuva / Noite,Seca,Sim,Sim,Sim,Sim,4,Sim,2,2,1,0,Não,Não realizado,Sim,Carro,Sim,Não
Colisão,2019-06-26,01:30,Leste,"-25.435080, -49.211763",Seco / Noite,Molhada,Não,Sim,Sim,Sim,2,Sim,2,3,0,0,Não,Não realizado,Sim,Carro,Sim,Não
Queda de moto,2020-05-23,04:00,Oeste,"-25.423028, -49.310192",Seco / Noite,Molhada,Não,Sim,Não,Sim,4,Não,1,2,0,0,Sim,Positivo,Sim,Moto,Sim,Não
Colisão,2023-02-23,05:00,Centro,"-25.412111, -49.281105",Chuva / Noite,Escorregadia,Não,Sim,Não,Sim,4,Sim,2,2,0,0,Sim,Positivo,Não,Caminhão,Sim,Não
Atropelamento,2016-09-15,00:00,Centro,"-25.428921, -49.282402",Seco / Noite,Seca,Não,Não,Sim,Não,1,Não,1,2,0,0,Não,Não realizado,Sim,Carro,Não,Não
Colisão,2020-02-19,11:45,Centro,"-25.429777, -49.264939",Chuva / Dia,Seca,Não,Não,Não,Sim,2,Não,1,1,1,0,Não,Não realizado,Sim,Carro,Sim,Sim
Colisão,2010-10-13,09:45,Sul,"-25.467671, -49.300838",Seco / Dia,Seca,Sim,Não,Não,Sim,4,Sim,4,1,1,0,Não,Não realizado,Sim,Moto,Não,Não
Colisão,2011-07-02,11:30,Centro,"-25.418990, -49.285550",Neblina / Dia,Seca,Sim,Sim,Não,Sim,2,Não,1,1,0,0,Não,Não realizado,Sim,Ônibus,Sim,Não
Atropelamento,2015-11-29,00:45,Norte,"-25.403854, -49.243197",Seco / Noite,Seca,Sim,Sim,Não,Sim,2,Sim,5,3,3,0,Não,Não realizado,Sim,Moto,Sim,Não
Colisão,2011-07-02,00:15,Norte,"-25.408656, -49.275700",Seco / Noite,Escorregadia,Não,Sim,Não,Não,1,Sim,2,2,2,0,Não,Não realizado,Sim,Carro,Não,Não
Capotamento,2012-08-23,01:30,Centro,"-25.439494, -49.276364",Chuva / Noite,Escorregadia,Sim,Sim,Não,Não,1,Sim,4,3,1,0,Sim,Positivo,Sim,Carro,Sim,Não
Colisão,2022-08-02,06:15,Norte,"-25.389199, -49.286577",Seco / Dia,Molhada,Não,Não,Não,Sim,3,Não,1,1,1,0,Sim,Positivo,Sim,Bicicleta,Não,Não
Colisão,2014-10-21,14:30,Oeste,"-25.431143, -49.305223",Seco / Dia,Escorregadia,Não,Não,Sim,Não,1,Sim,5,1,1,0,Sim,Positivo,Sim,Ônibus,Sim,Não
Colisão,2011-01-08,06:45,Sul,"-25.442726, -49.303504",Seco / Dia,Seca,Não,Sim,Não,Sim,4,Não,1,3,0,0,Não,Não realizado,Sim,Moto,Sim,Não
Colisão,2013-11-05,15:00,Sul,"-25.470286, -49.286609",Chuva / Dia,Molhada,Sim,Não,Sim,Não,1,Sim,3,2,1,0,Não,Não realizado,Sim,Caminhão,Sim,Não
Colisão,2019-10-16,14:00,Norte,"-25.389795, -49.240717",Chuva / Dia,Seca,Sim,Sim,Não,Sim,3,Não,1,1,1,0,Sim,Positivo,Sim,Moto,Sim,Não
Colisão,2006-03-18,19:45,Leste,"-25.429862, -49.234521",Seco / Noite,Escorregadia,Sim,Sim,Sim,Não,1,Sim,2,4,0,0,Não,Não realizado,Sim,Ônibus,Não,Não
Atropelamento,2020-10-12,11:30,Sul,"-25.457685, -49.294706",Chuva / Dia,Seca,Não,Não,Sim,Sim,4,Sim,2,5,0,0,Não,Não realizado,Sim,Ônibus,Sim,Não
Colisão,2015-06-13,16:00,Centro,"-25.415007, -49.262196",Seco / Dia,Seca,Não,Sim,Sim,Não,1,Sim,2,1,0,0,Não,Não realizado,Sim,Ônibus,Não,Não
Colisão,2013-12-07,08:15,Sul,"-25.442539, -49.314472",Chuva / Dia,Seca,Não,Não,Sim,Não,1,Não,1,3,0,0,Sim,Negativo,Sim,Carro,Não,Não
Colisão,2017-10-15,16:00,Norte,"-25.396071, -49.244765",Neblina / Dia,Molhada,Sim,Não,Não,Não,1,Não,1,1,1,0,Sim,Negativo,Sim,Carro,Não,Não
Colisão,2022-03-28,04:15,Centro,"-25.414665, -49.281778",Chuva / Noite,Escorregadia,Não,Sim,Não,Não,1,Não,1,1,1,0,Sim,Negativo,Sim,Moto,Sim,Não
Queda de moto,2016-06-06,09:45,Centro,"-25.437535, -49.289877",Chuva / Dia,Molhada,Não,Sim,Não,Sim,3,Sim,4,2,0,0,Sim,Negativo,Sim,Moto,Não,Não
Atropelamento,2017-10-10,13:15,Norte,"-25.401056, -49.242707",Seco / Dia,Escorregadia,Sim,Sim,Não,Não,1,Não,1,3,3,0,Não,Não realizado,Sim,Ônibus,Sim,Não
Colisão,2014-05-19,20:15,Sul,"-25.467155, -49.316506",Seco / Noite,Escorregadia,Não,Sim,Sim,Sim,2,Sim,5,1,1,0,Sim,Positivo,Sim,Moto,Não,Não
Colisão,2008-09-12,10:45,Centro,"-25.420600, -49.269702",Seco / Dia,Molhada,Não,Não,Não,Não,1,Não,1,1,1,0,Não,Não realizado,Sim,Moto,Não,Não
Colisão,2014-08-18,22:00,Leste,"-25.410690, -49.216356",Seco / Noite,Escorregadia,Sim,Sim,Não,Não,1,Não,1,3,1,1,Sim,Negativo,Sim,Moto,Sim,Sim
Colisão,2025-08-08,13:30,Centro,"-25.433459, -49.264321",Seco / Dia,Escorregadia,Sim,Não,Não,Sim,3,Não,1,1,0,0,Não,Não realizado,Sim,Caminhão,Não,Não
Colisão,2019-05-11,14:30,Norte,"-25.403596, -49.284548",Seco / Dia,Escorregadia,Sim,Não,Não,Não,1,Sim,2,1,1,0,Sim,Positivo,Sim,Moto,Sim,Não
Queda de moto,2016-06-06,10:15,Centro,"-25.424102, -49.287452",Chuva / Dia,Seca,Não,Não,Não,Sim,3,Sim,2,3,0,0,Não,Não realizado,Sim,Carro,Não,Sim
Colisão,2022-04-16,14:30,Sul,"-25.459560, -49.284347",Seco / Dia,Molhada,Sim,Sim,Não,Sim,4,Sim,3,4,0,0,Não,Não realizado,Sim,Caminhão,Sim,Não
Colisão,2014-12-19,21:15,Centro,"-25.435880, -49.268427",Chuva / Noite,Molhada,Sim,Sim,Não,Não,1,Não,1,1,0,0,Sim,Positivo,Sim,Caminhão,Não,Não
Capotamento,2025-02-19,08:15,Norte,"-25.386028, -49.259429",Chuva / Dia,Escorregadia,Sim,Sim,Não,Sim,2,Sim,2,2,2,0,Não,Não realizado,Sim,Bicicleta,Não,Não
Atropelamento,2016-07-22,07:30,Sul,"-25.457581, -49.304088",Chuva / Dia,Seca,Sim,Sim,Não,Sim,4,Sim,2,4,0,0,Não,Não realizado,Sim,Ônibus,Não,Não
Colisão,2019-08-13,18:45,Norte,"-25.402904, -49.264179",Seco / Dia,Molhada,Não,Sim,Não,Sim,2,Sim,4,3,1,0,Não,Não realizado,Sim,Caminhão,Sim,Não
Atropelamento,2012-09-24,18:45,Sul,"-25.468125, -49.286382",Seco / Dia,Escorregadia,Não,Não,Sim,Sim,4,Não,1,4,1,0,Não,Não realizado,Sim,Bicicleta,Sim,Não
Capotamento,2012-03-07,15:15,Sul,"-25.452370, -49.292498",Seco / Dia,Escorregadia,Sim,Sim,Não,Não,1,Não,1,2,2,0,Não,Não realizado,Sim,Carro,Sim,Não
Colisão,2015-04-05,07:00,Centro,"-25.428979, -49.262463",Seco / Dia,Escorregadia,Não,Não,Sim,Sim,4,Sim,3,1,1,0,Sim,Positivo,Sim,Ônibus,Não,Não
Colisão,2017-10-19,07:30,Centro,"-25.414715, -49.284330",Seco / Dia,Escorregadia,Não,Não,Não,Não,1,Sim,4,4,3,0,Não,Não realizado,Sim,Caminhão,Sim,Não
Colisão,2019-07-04,01:00,Sul,"-25.453979, -49.312620",Seco / Noite,Seca,Sim,Não,Sim,Não,1,Não,1,1,0,0,Sim,Negativo,Sim,Ônibus,Não,Não
Colisão,2022-02-09,07:00,Sul,"-25.469162, -49.287574",Seco / Dia,Escorregadia,Sim,Sim,Sim,Sim,4,Não,1,5,5,0,Não,Não realizado,Sim,Bicicleta,Não,Não
Queda de moto,2005-09-06,05:15,Leste,"-25.435125, -49.205015",Seco / Noite,Molhada,Sim,Não,Não,Sim,4,Não,1,2,2,0,Não,Não realizado,Sim,Bicicleta,Não,Não
Capotamento,2014-10-11,08:45,Centro,"-25.413672, -49.269290",Seco / Dia,Seca,Não,Não,Não,Não,1,Não,1,2,0,0,Sim,Negativo,Sim,Ônibus,Sim,Não
Colisão,2011-09-25,23:00,Norte,"-25.389808, -49.278157",Seco / Noite,Molhada,Sim,Não,Sim,Sim,4,Não,1,3,0,0,Não,Não realizado,Sim,Caminhão,Sim,Não