TIPO DE ACIDENTE,DATA,HORA,REGIÃO,COORDENADA GEOGRÁFICA,SITUAÇÃO CLIMÁTICA/LUMINOSIDADE,CONDIÇÕES DA SUPERFÍCIE DE ROLAMENTO,POSSUI SINALIZAÇÃO HORIZONTAL,POSSUI SINALIZAÇÃO VERTICAL,PRÓXIMO A EQUIPO ELETRÔNICO,HOUVE OUTROS VEÍCULOS ENVOLVIDOS,QUANTOS VEÍCULOS,HAVIA OUTROS OCUPANTES NO VEÍCULO,QUANTOS OCUPANTES,ENVOLVIDOS,FERIDOS,ÓBITOS,FOI REALIZADO O TESTE DE BAFÔMETRO,QUAL O RESULTADO,POSSUI HABILITAÇÃO,VEÍCULO TIPO,HOUVE DANOS AO PATRIMÔNIO PÚBLICO?,HOUVE DANOS AO MEIO AMBIENTE?
Colisão,2010-10-08,22:15,Sul,"-25.479792, -49.319032",Chuva / Noite,Seca,Não,Sim,Sim,Sim,4,Sim,3,2,1,0,Não,Não realizado,Sim,Moto,Não,Não
Colisão,2017-10-24,06:30,Norte,"-25.396303, -49.274411",Seco / Dia,Escorregadia,Não,Não,Não,Sim,4,Sim,4,3,3,0,Não,Não realizado,Sim,Carro,Não,Não
Atropelamento,2013-08-23,22:30,Oeste,"-25.433812, -49.301186",Seco / Noite,Molhada,Não,Sim,Sim,Não,1,Sim,5,2,0,0,Não,Não realizado,Sim,Bicicleta,Não,Não
Colisão,2014-03-01,16:00,Leste,"-25.424591, -49.238519",Seco / Dia,Seca,Não,Não,Não,Sim,4,Não,1,2,0,0,Não,Não realizado,Não,Ônibus,Não,Não
Colisão,2024-03-25,01:15,Leste,"-25.417024, -49.203756",Chuva / Noite,Escorregadia,Não,Sim,Não,Sim,3,Não,1,1,1,0,Não,Não realizado,Sim,Bicicleta,Sim,Não
Capotamento,2017-10-22,12:15,Sul,"-25.465573, -49.302277",Chuva / Dia,Escorregadia,Não,Não,Sim,Não,1,Não,1,1,1,0,Não,Não realizado,Sim,Moto,Sim,Não
Queda de moto,2006-12-06,09:45,Norte,"-25.392448, -49.263496",Seco / Dia,Seca,Sim,Sim,Sim,Sim,3,Sim,4,3,0,0,Não,Não realizado,Sim,Caminhão,Sim,Sim
Atropelamento,2020-04-03,20:45,Leste,"-25.427668, -49.238700",Chuva / Noite,Seca,Não,Sim,Não,Sim,3,Sim,4,4,4,3,Sim,Positivo,Sim,Bicicleta,Não,Não
Colisão,2024-04-27,18:00,Norte,"-25.387163, -49.256256",Chuva / Dia,Escorregadia,Não,Sim,Não,Não,1,Não,1,1,1,0,Não,Não realizado,Sim,Carro,Não,Não
Colisão,2022-04-03,11:15,Oeste,"-25.434361, -49.335148",Seco / Dia,Molhada,Sim,Não,Não,Sim,3,Não,1,2,2,0,Não,Não realizado,Sim,Bicicleta,Não,Não
Queda de moto,2023-02-04,10:30,Centro,"-25.430205, -49.267206",Chuva / Dia,Molhada,Sim,Não,Não,Sim,2,Sim,2,1,1,0,Não,Não realizado,Não,Caminhão,Sim,Não
Atropelamento,2021-07-18,08:30,Oeste,"-25.435684, -49.319338",Chuva / Dia,Escorregadia,Sim,Sim,Não,Sim,3,Não,1,3,0,0,Não,Não realizado,Sim,Ônibus,Sim,Não
Queda de moto,2016-05-14,12:45,Centro,"-25.426350, -49.280113",Seco / Dia,Seca,Sim,Sim,Sim,Não,1,Sim,5,1,0,0,Sim,Negativo,Sim,Moto,Não,Não
Colisão,2018-01-30,10:30,Sul,"-25.469781, -49.303504",Seco / Dia,Escorregadia,Sim,Sim,Não,Sim,3,Não,1,3,1,0,Não,Não realizado,Sim,Bicicleta,Sim,Não
Colisão,2006-11-21,23:30,Norte,"-25.386943, -49.272379",Seco / Noite,Escorregadia,Sim,Não,Não,Não,1,Não,1,2,0,0,Não,Não realizado,Sim,Bicicleta,Sim,Não
Colisão,2005-07-09,23:45,Norte,"-25.393420, -49.282065",Chuva / Noite,Molhada,Sim,Não,Sim,Sim,3,Não,1,2,1,0,Sim,Positivo,Sim,Carro,Sim,Não
Colisão,2008-07-13,08:30,Leste,"-25.430735, -49.210738",Seco / Dia,Seca,Sim,Sim,Não,Sim,3,Não,1,1,1,0,Não,Não realizado,Sim,Ônibus,Não,Não
Colisão,2005-04-22,10:00,Sul,"-25.459528, -49.291277",Seco / Dia,Molhada,Sim,Sim,Não,Não,1,Não,1,1,0,0,Não,Não realizado,Não,Carro,Sim,Não
Colisão,2013-03-26,19:15,Norte,"-25.402703, -49.256322",Seco / Noite,Escorregadia,Não,Sim,Não,Não,1,Não,1,2,2,0,Sim,Negativo,Sim,Carro,Sim,Não
Colisão,2008-02-23,19:00,Centro,"-25.418380, -49.262973",Seco / Noite,Escorregadia,Não,Sim,Sim,Não,1,Não,1,1,0,0,Não,Não realizado,Sim,Bicicleta,Não,Não
Colisão,2011-06-24,15:15,Oeste,"-25.438275, -49.300592",Seco / Dia,Molhada,Não,Sim,Não,Não,1,Sim,2,3,3,0,Sim,Positivo,Sim,Moto,Sim,Não
Atropelamento,2007-08-21,22:00,Oeste,"-25.433545, -49.309895",Seco / Noite,Seca,Sim,Sim,Sim,Não,1,Não,1,4,0,0,Não,Não realizado,Não,Caminhão,Sim,Não
Colisão,2023-03-21,00:00,Centro,"-25.418241, -49.273442",Seco / Noite,Molhada,Sim,Não,Sim,Não,1,Não,1,3,0,0,Sim,Negativo,Sim,Moto,Não,Não
Colisão,2006-08-26,11:45,Centro,"-25.411872, -49.288112",Seco / Dia,Molhada,Sim,Sim,Sim,Não,1,Sim,5,2,0,0,Não,Não realizado,Sim,Caminhão,Não,Não
Colisão,2019-03-26,18:45,Norte,"-25.395072, -49.282892",Seco / Dia,Molhada,Sim,Sim,Não,Não,1,Sim,3,2,0,0,Sim,Positivo,Sim,Moto,Não,Não
Colisão,2008-10-05,04:15,Leste,"-25.431683, -49.208114",Seco / Noite,Escorregadia,Sim,Não,Não,Sim,2,Não,1,3,2,0,Não,Não realizado,Sim,Moto,Não,Não
Colisão,2010-11-29,23:30,Norte,"-25.404334, -49.267123",Seco / Noite,Seca,Não,Sim,Sim,Não,1,Não,1,2,1,0,Sim,Negativo,Sim,Moto,Sim,Não
Colisão,2007-04-29,13:15,Centro,"-25.434712, -49.288760",Seco / Dia,Seca,Sim,Sim,Sim,Não,1,Não,1,4,2,0,Não,Não realizado,Sim,Caminhão,Sim,Não
Queda de moto,2023-08-13,21:00,Leste,"-25.422392, -49.230573",Neblina / Noite,Escorregadia,Sim,Não,Não,Não,1,Sim,2,4,0,0,Não,Não realizado,Sim,Ônibus,Sim,Não
Colisão,2011-04-01,05:30,Centro,"-25.423946, -49.282397",Seco / Noite,Seca,Não,Sim,Não,Não,1,Não,1,2,2,0,Sim,Negativo,Sim,Carro,Sim,Não
Queda de moto,2005-10-27,05:45,Sul,"-25.476845, -49.302578",Seco / Noite,Escorregadia,Não,Sim,Sim,Sim,2,Não,1,2,0,0,Não,Não realizado,Sim,Ônibus,Sim,Não
Capotamento,2005-10-10,03:15,Norte,"-25.382651, -49.260895",Seco / Noite,Molhada,Não,Não,Sim,Sim,3,Sim,3,3,0,0,Sim,Positivo,Sim,Ônibus,Não,Não
Colisão,2018-02-22,09:45,Centro,"-25.419079, -49.272049",Chuva / Dia,Seca,Não,Sim,Não,Não,1,Não,1,3,1,0,Não,Não realizado,Sim,Caminhão,Sim,Não
Atropelamento,2010-11-21,23:45,Centro,"-25.425132, -49.266211",Chuva / Noite,Escorregadia,Não,Não,Não,Não,1,Sim,5,2,2,0,Não,Não realizado,Sim,Carro,Sim,Não
Colisão,2005-05-30,20:45,Sul,"-25.445097, -49.282456",Seco / Noite,Escorregadia,Sim,Sim,Sim,Não,1,Sim,2,3,1,0,Não,Não realizado,Sim,Caminhão,Sim,Não
Colisão,2024-08-02,23:30,Leste,"-25.435467, -49.224919",Seco / Noite,Escorregadia,Não,Sim,Não,Sim,2,Sim,2,3,0,0,Sim,Negativo,Sim,Ônibus,Sim,Não
Colisão,2024-09-09,10:45,Oeste,"-25.436264, -49.324847",Seco / Dia,Molhada,Sim,Não,Sim,Sim,2,Sim,4,1,0,0,Não,Não realizado,Sim,Carro,Sim,Não
Atropelamento,2021-08-28,03:45,Leste,"-25.412724, -49.202850",Seco / Noite,Seca,Sim,Sim,Não,Não,1,Não,1,5,3,0,Sim,Negativo,Sim,Carro,Sim,Não
Colisão,2018-12-16,21:15,Norte,"-25.399979, -49.254817",Chuva / Noite,Seca,Sim,Sim,Não,Sim,2,Sim,2,2,2,0,Não,Não realizado,Sim,Bicicleta,Não,Não
Colisão,2015-09-30,04:45,Oeste,"-25.424212, -49.305874",Seco / Noite,Escorregadia,Sim,Sim,Sim,Não,1,Sim,3,2,2,0,Sim,Positivo,Sim,Moto,Sim,Não
Atropelamento,2008-05-25,12:00,Norte,"-25.407098, -49.284038",Seco / Dia,Seca,Sim,Não,Sim,Não,1,Sim,2,2,2,0,Não,Não realizado,Sim,Carro,Não,Não
Atropelamento,2023-03-22,04:15,Leste,"-25.429979, -49.244869",Seco / Noite,Molhada,Sim,Não,Não,Não,1,Sim,2,2,0,0,Sim,Negativo,Sim,Carro,Sim,Não
Capotamento,2019-09-09,23:00,Centro,"-25.437991, -49.287265",Seco / Noite,Escorregadia,Não,Sim,Não,Sim,2,Sim,2,3,0,0,Não,Não realizado,Sim,Moto,Não,Não
Colisão,2011-05-29,20:15,Sul,"-25.453349, -49.289610",Seco / Noite,Escorregadia,Sim,Sim,Sim,Não,1,Sim,3,2,1,0,Não,Não realizado,Sim,Carro,Sim,Não
Colisão,2017-07-13,19:00,Oeste,"-25.422816, -49.318271",Chuva / Noite,Escorregadia,Sim,Não,Não,Sim,2,Sim,4,1,1,0,Sim,Positivo,Sim,Caminhão,Não,Não
Capotamento,2024-08-30,13:15,Sul,"-25.440391, -49.293073",Neblina / Dia,Seca,Sim,Sim,Não,Sim,3,Sim,4,2,2,2,Sim,Positivo,Sim,Caminhão,Sim,Não
Colisão,2017-11-20,09:30,Sul,"-25.442567, -49.292634",Seco / Dia,Molhada,Não,Sim,Sim,Sim,2,Sim,5,1,0,0,Não,Não realizado,Sim,Carro,Sim,Não
Colisão,2014-09-10,10:30,Centro,"-25.422136, -49.287474",Seco / Dia,Molhada,Sim,Sim,Sim,Sim,2,Sim,3,1,1,0,Não,Não realizado,Sim,Moto,Sim,Não
Colisão,2022-11-09,20:00,Oeste,"-25.424165, -49.330340",Seco / Noite,Escorregadia,Não,Sim,Não,Sim,3,Não,1,1,0,0,Não,Não realizado,Sim,Carro,Não,Sim
Colisão,2009-10-08,02:15,Norte,"-25.406371, -49.242227",Chuva / Noite,Seca,Sim,Sim,Não,Sim,4,Sim,2,2,2,0,Não,Não realizado,Sim,Caminhão,Sim,Não
Queda de moto,2007-09-30,22:45,Centro,"-25.425025, -49.261385",Seco / Noite,Escorregadia,Sim,Não,Não,Sim,4,Não,1,2,2,0,Não,Não realizado,Sim,Moto,Não,Não
Colisão,2023-10-18,02:15,Norte,"-25.388509, -49.270452",Seco / Noite,Escorregadia,Sim,Sim,Não,Sim,4,Não,1,3,1,0,Sim,Negativo,Sim,Caminhão,Sim,Não
Capotamento,2010-08-29,22:45,Leste,"-25.428467, -49.207226",Seco / Noite,Seca,Sim,Sim,Não,Sim,3,Sim,4,3,0,0,Não,Não realizado,Sim,Caminhão,Não,Não
Colisão,2023-09-24,10:00,Sul,"-25.459881, -49.295188",Seco / Dia,Escorregadia,Não,Não,Não,Não,1,Não,1,2,0,0,Sim,Positivo,Sim,Ônibus,Não,Não
Colisão,2020-06-19,22:45,Sul,"-25.478253, -49.299389",Seco / Noite,Seca,Não,Não,Não,Não,1,Sim,5,1,1,0,Não,Não realizado,Sim,Ônibus,Não,Não
Colisão,2006-02-24,11:15,Sul,"-25.453854, -49.306647",Seco / Dia,Seca,Sim,Não,Não,Sim,2,Sim,5,1,1,0,Sim,Positivo,Sim,Moto,Sim,Não
Queda de moto,2018-12-20,08:15,Oeste,"-25.416846, -49.324631",Chuva / Dia,Escorregadia,Não,Sim,Não,Não,1,Sim,5,3,3,0,Não,Não realizado,Sim,Moto,Sim,Não
Atropelamento,2025-02-10,19:30,Sul,"-25.440677, -49.318263",Seco / Noite,Seca,Sim,Sim,Não,Não,1,Não,1,4,2,0,Sim,Positivo,Sim,Caminhão,Não,Não
Colisão,2011-03-16,15:15,Norte,"-25.385335, -49.266060",Seco / Dia,Seca,Sim,Não,Sim,Sim,2,Sim,2,2,1,0,Não,Não realizado,Sim,Bicicleta,Sim,Não
Colisão,2016-12-12,07:15,Centro,"-25.435237, -49.269480",Seco / Dia,Molhada,Sim,Sim,Não,Sim,2,Não,1,4,1,0,Não,Não realizado,Sim,Moto,Não,Não
Colisão,2010-03-14,09:15,Sul,"-25.440407, -49.280667",Chuva / Dia,Escorregadia,Sim,Sim,Não,Sim,3,Sim,2,2,2,0,Não,Não realizado,Sim,Bicicleta,Sim,Não
Colisão,2021-12-03,00:45,Sul,"-25.449864, -49.286684",Seco / Noite,Seca,Não,Não,Não,Não,1,Não,1,2,1,0,Não,Não realizado,Sim,Moto,Sim,Não
Capotamento,2005-02-16,03:15,Oeste,"-25.434315, -49.332836",Seco / Noite,Seca,Sim,Não,Não,Não,1,Sim,5,1,1,0,Não,Não realizado,Não,Bicicleta,Sim,Não
Colisão,2010-06-28,16:30,Norte,"-25.397889, -49.271368",Chuva / Dia,Seca,Não,Sim,Não,Não,1,Sim,5,4,0,0,Não,Não realizado,Sim,Caminhão,Não,Não
Capotamento,2005-08-10,02:00,Norte,"-25.398581, -49.250508",Seco / Noite,Molhada,Não,Não,Não,Não,1,Sim,5,4,4,0,Sim,Positivo,Não,Carro,Sim,Não
Atropelamento,2020-04-05,06:15,Norte,"-25.398516, -49.278964",Chuva / Dia,Escorregadia,Não,Não,Sim,Não,1,Não,1,4,4,0,Não,Não realizado,Sim,Carro,Sim,Não
Colisão,2023-08-10,04:30,Sul,"-25.444151, -49.281104",Neblina / Noite,Escorregadia,Sim,Não,Sim,Não,1,Não,1,5,3,0,Sim,Negativo,Sim,Ônibus,Sim,Não
Colisão,2013-04-18,13:15,Leste,"-25.422147, -49.205552",Seco / Dia,Molhada,Não,Não,Sim,Não,1,Não,1,1,0,0,Sim,Negativo,Não,Ônibus,Não,Não
Atropelamento,2023-02-20,11:15,Centro,"-25.422034, -49.266215",Chuva / Dia,Seca,Sim,Não,Não,Sim,4,Não,1,5,0,0,Não,Não realizado,Sim,Carro,Não,Não
Colisão,2012-06-18,07:45,Centro,"-25.423433, -49.281889",Seco / Dia,Seca,Não,Sim,Não,Não,1,Não,1,1,1,0,Sim,Negativo,Sim,Ônibus,Não,Não
Colisão,2025-05-27,22:15,Oeste,"-25.435748, -49.332424",Chuva / Noite,Seca,Sim,Não,Não,Sim,2,Não,1,1,1,0,Não,Não realizado,Sim,Ônibus,Não,Não
Atropelamento,2007-11-16,21:15,Oeste,"-25.438160, -49.335930",Seco / Noite,Seca,Sim,Não,Sim,Não,1,Não,1,5,1,0,Sim,Positivo,Sim,Ônibus,Não,Não
Colisão,2022-08-06,07:15,Sul,"-25.458928, -49.314401",Seco / Dia,Molhada,Não,Não,Sim,Não,1,Sim,3,3,3,0,Não,Não realizado,Sim,Bicicleta,Não,Não
Atropelamento,2019-08-11,16:15,Norte,"-25.403996, -49.251327",Seco / Dia,Molhada,Sim,Sim,Sim,Sim,4,Sim,5,5,0,0,Sim,Positivo,Sim,Caminhão,Não,Não
Colisão,2009-05-15,22:15,Norte,"-25.388593, -49.246661",Chuva / Noite,Escorregadia,Não,Não,Sim,Sim,3,Não,1,2,1,0,Não,Não realizado,Sim,Carro,Não,Não
Colisão,2010-11-21,15:30,Oeste,"-25.437776, -49.304735",Seco / Dia,Molhada,Sim,Não,Sim,Não,1,Sim,5,3,1,0,Não,Não realizado,Sim,Caminhão,Não,Não
Colisão,2008-09-05,19:00,Norte,"-25.394953, -49.287362",Seco / Noite,Seca,Sim,Sim,Não,Sim,3,Não,1,1,1,0,Sim,Positivo,Sim,Carro,Sim,Não
Colisão,2016-05-06,07:15,Centro,"-25.427337, -49.272780",Seco / Dia,Molhada,Sim,Sim,Sim,Sim,4,Sim,5,1,1,0,Não,Não realizado,Não,Bicicleta,Não,Não
Queda de moto,2015-05-02,23:30,Sul,"-25.472753, -49.288094",Chuva / Noite,Seca,Não,Não,Sim,Sim,3,Não,1,3,3,0,Não,Não realizado,Sim,Moto,Não,Não
Colisão,2024-04-29,00:15,Leste,"-25.410956, -49.229300",Seco / Noite,Molhada,Sim,Não,Não,Não,1,Sim,5,2,2,0,Não,Não realizado,Sim,Carro,Sim,Não
Atropelamento,2013-11-15,18:45,Oeste,"-25.415091, -49.326814",Neblina / Dia,Seca,Não,Sim,Não,Não,1,Não,1,3,0,0,Sim,Positivo,Sim,Carro,Não,Não
Queda de moto,2019-10-27,05:30,Leste,"-25.430730, -49.201492",Seco / Noite,Seca,Sim,Não,Sim,Não,1,Sim,3,1,1,0,Não,Não realizado,Sim,Bicicleta,Sim,Sim
Colisão,2009-09-13,12:00,Leste,"-25.427862, -49.219726",Seco / Dia,Escorregadia,Sim,Sim,Não,Sim,4,Sim,3,2,1,0,Sim,Positivo,Não,Moto,Não,Não
Colisão,2020-09-26,14:15,Centro,"-25.430411, -49.269413",Seco / Dia,Seca,Não,Sim,Não,Não,1,Sim,4,1,1,0,Sim,Negativo,Sim,Ônibus,Não,Não
Capotamento,2008-04-08,10:30,Centro,"-25.433059, -49.270450",Seco / Dia,Molhada,Não,Não,Sim,Não,1,Não,1,1,1,0,Não,Não realizado,Sim,Carro,Sim,Não
Capotamento,2008-11-24,03:00,Norte,"-25.407410, -49.257116",Seco / Noite,Seca,Sim,Não,Sim,Sim,4,Não,1,4,4,0,Não,Não realizado,Sim,Caminhão,Não,Não
Colisão,2021-11-26,22:00,Sul,"-25.469031, -49.290853",Seco / Noite,Escorregadia,Não,Não,Sim,Sim,3,Sim,5,1,1,0,Sim,Positivo,Sim,Bicicleta,Sim,Não
Atropelamento,2015-04-12,13:30,Centro,"-25.410147, -49.261897",Seco / Dia,Escorregadia,Não,Não,Não,Sim,4,Não,1,2,2,0,Não,Não realizado,Sim,Moto,Não,Não
Queda de moto,2018-02-05,12:15,Norte,"-25.404968, -49.259348",Chuva / Dia,Seca,Sim,Não,Sim,Sim,3,Não,1,3,1,0,Não,Não realizado,Sim,Caminhão,Sim,Não
Queda de moto,2023-02-25,23:00,Oeste,"-25.438405, -49.338933",Chuva / Noite,Molhada,Não,Sim,Sim,Sim,4,Não,1,1,1,0,Não,Não realizado,Sim,Ônibus,Não,Não
Colisão,2006-06-25,19:45,Norte,"-25.393550, -49.250097",Chuva / Noite,Escorregadia,Não,Não,Sim,Sim,4,Não,1,1,1,0,Não,Não realizado,Sim,Caminhão,Não,Não
Colisão,2025-10-26,02:00,Sul,"-25.471606, -49.318173",Neblina / Noite,Escorregadia,Não,Não,Não,Sim,2,Sim,4,3,0,0,Sim,Positivo,Sim,Carro,Não,Não
Colisão,2009-04-25,13:45,Sul,"-25.474696, -49.301890",Seco / Dia,Molhada,Sim,Sim,Não,Sim,4,Sim,3,3,0,0,Não,Não realizado,Sim,Caminhão,Não,Não
Colisão,2016-04-18,07:00,Norte,"-25.393931, -49.250574",Chuva / Dia,Seca,Não,Não,Não,Sim,4,Não,1,3,0,0,Sim,Negativo,Não,Ônibus,Sim,Não
Colisão,2024-03-08,22:00,Leste,"-25.420174, -49.246746",Chuva / Noite,Seca,Sim,Não,Não,Não,1,Não,1,2,1,0,Não,Não realizado,Sim,Caminhão,Sim,Não
Colisão,2015-10-10,05:00,Leste,"-25.414652, -49.242212",Seco / Noite,Seca,Não,Sim,Não,Sim,3,Não,1,2,1,0,Não,Não realizado,Sim,Bicicleta,Não,Não
Atropelamento,2016-01-06,03:15,Centro,"-25.419332, -49.271870",Chuva / Noite,Molhada,Não,Não,Sim,Sim,3,Não,1,4,0,0,Não,Não realizado,Sim,Bicicleta,Não,Não
Atropelamento,2024-12-12,10:15,Leste,"-25.427528, -49.218836",Seco / Dia,Seca,Sim,Sim,Não,Não,1,Sim,4,3,2,0,Sim,Positivo,Sim,Carro,Sim,Não
Capotamento,2018-06-05,17:00,Centro,"-25.426017, -49.266102",Seco / Dia,Escorregadia,Não,Sim,Sim,Sim,2,Sim,2,3,0,0,Não,Não realizado,Sim,Ônibus,Sim,Não
Colisão,2023-11-16,00:15,Sul,"-25.456422, -49.280336",Seco / Noite,Seca,Sim,Sim,Não,Sim,4,Não,1,1,1,0,Sim,Negativo,Sim,Caminhão,Não,Não
Atropelamento,2022-05-17,16:45,Oeste,"-25.422690, -49.308024",Neblina / Dia,Molhada,Sim,Sim,Não,Sim,2,Sim,5,3,2,0,Não,Não realizado,Sim,Moto,Sim,Não
Capotamento,2024-09-18,10:15,Leste,"-25.430930, -49.232341",Seco / Dia,Molhada,Sim,Sim,Não,Sim,2,Sim,2,1,0,0,Não,Não realizado,Sim,Bicicleta,Sim,Não
Colisão,2009-06-04,01:00,Oeste,"-25.437439, -49.311363",Seco / Noite,Escorregadia,Sim,Não,Não,Não,1,Sim,3,1,0,0,Não,Não realizado,Sim,Caminhão,Não,Não
Colisão,2007-04-12,00:30,Sul,"-25.453309, -49.318291",Seco / Noite,Seca,Sim,Não,Não,Sim,3,Sim,5,2,2,0,Não,Não realizado,Sim,Carro,Não,Não
Queda de moto,2022-01-15,19:15,Norte,"-25.381737, -49.286233",Seco / Noite,Seca,Não,Não,Não,Não,1,Sim,5,1,0,0,Não,Não realizado,Sim,Caminhão,Sim,Não
Colisão,2022-09-01,23:00,Oeste,"-25.429664, -49.323228",Seco / Noite,Seca,Sim,Sim,Não,Não,1,Sim,4,2,2,0,Não,Não realizado,Sim,Ônibus,Sim,Não
Colisão,2024-07-28,05:15,Oeste,"-25.421505, -49.329757",Seco / Noite,Escorregadia,Não,Não,Não,Sim,3,Não,1,1,1,0,Sim,Positivo,Sim,Ônibus,Não,Sim
Colisão,2009-08-31,04:45,Sul,"-25.460509, -49.284713",Chuva / Noite,Seca,Sim,Sim,Sim,Sim,4,Sim,3,1,1,0,Sim,Positivo,Sim,Bicicleta,Sim,Não
Colisão,2019-05-29,21:30,Sul,"-25.445112, -49.319260",Chuva / Noite,Escorregadia,Sim,Sim,Não,Sim,4,Não,1,1,0,0,Não,Não realizado,Sim,Ônibus,Sim,Não
Capotamento,2020-10-31,23:15,Centro,"-25.435284, -49.286932",Seco / Noite,Seca,Não,Sim,Sim,Sim,4,Sim,4,1,0,0,Sim,Negativo,Sim,Bicicleta,Não,Não
Capotamento,2011-07-14,12:00,Norte,"-25.396201, -49.253304",Chuva / Dia,Escorregadia,Não,Sim,Sim,Sim,2,Não,1,3,0,0,Sim,Positivo,Sim,Ônibus,Sim,Não
Queda de moto,2014-02-27,23:15,Centro,"-25.410838, -49.283265",Seco / Noite,Escorregadia,Sim,Não,Não,Não,1,Não,1,2,2,0,Sim,Negativo,Sim,Ônibus,Não,Não
Colisão,2023-05-09,07:00,Centro,"-25.424699, -49.284788",Seco / Dia,Escorregadia,Sim,Não,Não,Sim,2,Não,1,2,0,0,Sim,Positivo,Sim,Moto,Não,Não
Colisão,2006-11-09,19:15,Sul,"-25.466613, -49.315478",Chuva / Noite,Molhada,Não,Não,Não,Sim,4,Não,1,5,0,0,Não,Não realizado,Sim,Caminhão,Não,Não
Colisão,2006-08-13,17:45,Centro,"-25.424883, -49.284300",Seco / Dia,Seca,Não,Não,Sim,Não,1,Não,1,2,0,0,Não,Não realizado,Não,Carro,Não,Não
Atropelamento,2008-11-27,12:15,Oeste,"-25.438825, -49.323976",Seco / Dia,Seca,Sim,Não,Não,Não,1,Sim,2,5,1,0,Não,Não realizado,Sim,Caminhão,Sim,Não
Capotamento,2005-06-20,02:30,Leste,"-25.410166, -49.235247",Seco / Noite,Escorregadia,Não,Não,Sim,Não,1,Não,1,2,2,0,Não,Não realizado,Sim,Ônibus,Não,Não
Queda de moto,2016-10-23,02:30,Norte,"-25.400967, -49.250001",Seco / Noite,Seca,Sim,Não,Não,Não,1,Sim,2,3,0,0,Não,Não realizado,Sim,Ônibus,Não,Não
Capotamento,2023-05-12,12:30,Leste,"-25.412914, -49.213131",Chuva / Dia,Escorregadia,Sim,Não,Sim,Não,1,Não,1,2,0,0,Sim,Negativo,Sim,Caminhão,Sim,Não
Colisão,2017-08-13,07:30,Oeste,"-25.417167, -49.305462",Chuva / Dia,Escorregadia,Não,Sim,Sim,Sim,3,Sim,2,1,0,0,Não,Não realizado,Sim,Bicicleta,Sim,Não
Queda de moto,2020-12-14,22:00,Sul,"-25.449580, -49.312758",Seco / Noite,Molhada,Sim,Sim,Sim,Sim,4,Não,1,3,0,0,Não,Não realizado,Sim,Moto,Sim,Não
Colisão,2018-05-23,02:00,Leste,"-25.434262, -49.211527",Seco / Noite,Seca,Não,Sim,Sim,Sim,3,Não,1,3,2,0,Não,Não realizado,Sim,Carro,Sim,Não
Colisão,2018-09-07,02:45,Centro,"-25.430202, -49.265173",Seco / Noite,Escorregadia,Não,Sim,Não,Sim,2,Não,1,2,2,0,Sim,Positivo,Sim,Ônibus,Sim,Não
Colisão,2013-03-09,05:00,Centro,"-25.411094, -49.268315",Chuva / Noite,Seca,Sim,Não,Não,Sim,2,Não,1,1,1,0,Não,Não realizado,Sim,Ônibus,Sim,Sim
Colisão,2012-12-22,23:45,Sul,"-25.466598, -49.303076",Seco / Noite,Molhada,Sim,Sim,Não,Sim,2,Sim,4,3,0,0,Sim,Positivo,Sim,Carro,Não,Não
Queda de moto,2024-11-19,12:00,Sul,"-25.472776, -49.286679",Seco / Dia,Escorregadia,Sim,Não,Sim,Não,1,Não,1,2,0,0,Sim,Negativo,Sim,Carro,Não,Não
Colisão,2012-12-16,02:00,Leste,"-25.420379, -49.239109",Seco / Noite,Molhada,Não,Sim,Não,Sim,4,Não,1,1,0,0,Sim,Negativo,Sim,Caminhão,Sim,Não
Colisão,2007-04-20,07:45,Sul,"-25.464707, -49.301213",Chuva / Dia,Molhada,Sim,Sim,Não,Sim,2,Sim,2,1,1,0,Sim,Negativo,Sim,Carro,Sim,Não
Colisão,2020-03-05,02:15,Norte,"-25.397380, -49.263855",Neblina / Noite,Seca,Não,Sim,Sim,Não,1,Sim,5,2,0,0,Sim,Positivo,Sim,Carro,Não,Não
Colisão,2008-09-16,22:30,Sul,"-25.467572, -49.304498",Chuva / Noite,Molhada,Sim,Não,Sim,Sim,2,Sim,2,1,1,0,Não,Não realizado,Não,Moto,Não,Não
Capotamento,2013-11-14,18:45,Centro,"-25.431397, -49.267744",Chuva / Dia,Escorregadia,Não,Não,Sim,Não,1,Não,1,1,1,0,Sim,Positivo,Sim,Carro,Não,Não
Colisão,2007-04-01,23:45,Oeste,"-25.412893, -49.321125",Chuva / Noite,Molhada,Não,Não,Sim,Não,1,Sim,3,1,1,0,Não,Não realizado,Sim,Bicicleta,Não,Não
Atropelamento,2011-05-17,15:45,Leste,"-25.417488, -49.209030",Seco / Dia,Molhada,Sim,Não,Não,Não,1,Sim,4,5,3,0,Não,Não realizado,Sim,Moto,Sim,Não
Colisão,2024-01-21,11:15,Norte,"-25.382175, -49.257740",Seco / Dia,Seca,Sim,Sim,Sim,Não,1,Não,1,1,0,0,Não,Não realizado,Sim,Moto,Não,Não
Colisão,2016-04-09,10:45,Sul,"-25.467535, -49.280940",Chuva / Dia,Molhada,Sim,Não,Não,Não,1,Sim,3,1,1,0,Não,Não realizado,Sim,Bicicleta,Sim,Não
Colisão,2012-03-11,15:15,Norte,"-25.409424, -49.261846",Seco / Dia,Escorregadia,Não,Sim,Sim,Sim,2,Não,1,3,3,0,Sim,Positivo,Sim,Carro,Não,Não