TIPO DE ACIDENTE,DATA,HORA,REGIÃO,COORDENADA GEOGRÁFICA,SITUAÇÃO CLIMÁTICA/LUMINOSIDADE,CONDIÇÕES DA SUPERFÍCIE DE ROLAMENTO,POSSUI SINALIZAÇÃO HORIZONTAL,POSSUI SINALIZAÇÃO VERTICAL,PRÓXIMO A EQUIPO ELETRÔNICO,HOUVE OUTROS VEÍCULOS ENVOLVIDOS,QUANTOS VEÍCULOS,HAVIA OUTROS OCUPANTES NO VEÍCULO,QUANTOS OCUPANTES,ENVOLVIDOS,FERIDOS,ÓBITOS,FOI REALIZADO O TESTE DE BAFÔMETRO,QUAL O RESULTADO,POSSUI HABILITAÇÃO,VEÍCULO TIPO,HOUVE DANOS AO PATRIMÔNIO PÚBLICO?,HOUVE DANOS AO MEIO AMBIENTE?
Queda de moto,2025-09-26,23:45,Centro,"-25.427188, -49.283396",Seco / Noite,Molhada,Não,Não,Não,Sim,4,Não,1,2,0,0,Não,Não realizado,Sim,Moto,Não,Não
Colisão,2006-07-24,18:15,Oeste,"-25.424462, -49.310527",Seco / Dia,Molhada,Sim,Sim,Sim,Não,1,Sim,5,2,1,0,Não,Não realizado,Sim,Carro,Sim,Não
Capotamento,2015-12-13,04:15,Centro,"-25.431687, -49.271963",Seco / Noite,Escorregadia,Não,Não,Sim,Não,1,Não,1,1,1,0,Sim,Positivo,Sim,Carro,Não,Não
Colisão,2023-02-03,03:30,Centro,"-25.432330, -49.271486",Seco / Noite,Seca,Não,Sim,Sim,Sim,4,Não,1,1,1,0,Não,Não realizado,Sim,Ônibus,Sim,Não
Queda de moto,2024-07-18,15:00,Leste,"-25.427062, -49.206226",Neblina / Dia,Molhada,Sim,Sim,Não,Não,1,Não,1,1,1,0,Não,Não realizado,Não,Moto,Não,Não
Atropelamento,2022-10-14,11:30,Sul,"-25.442646, -49.291158",Seco / Dia,Molhada,Sim,Não,Sim,Não,1,Não,1,2,0,0,Não,Não realizado,Sim,Bicicleta,Sim,Não
Colisão,2012-09-13,04:00,Centro,"-25.429651, -49.261441",Seco / Noite,Escorregadia,Sim,Não,Não,Sim,4,Sim,5,2,2,2,Não,Não realizado,Sim,Carro,Não,Não
Colisão,2016-08-26,19:30,Sul,"-25.440052, -49.286839",Seco / Noite,Molhada,Sim,Sim,Não,Sim,4,Não,1,1,0,0,Não,Não realizado,Sim,Ônibus,Não,Não
Colisão,2025-12-27,12:15,Sul,"-25.461014, -49.316355",Seco / Dia,Escorregadia,Sim,Sim,Não,Não,1,Sim,4,2,2,0,Não,Não realizado,Sim,Moto,Não,Não
Colisão,2025-09-05,09:45,Sul,"-25.462039, -49.312392",Seco / Dia,Molhada,Sim,Sim,Sim,Não,1,Não,1,2,1,0,Não,Não realizado,Sim,Caminhão,Não,Não
Colisão,2006-04-16,09:45,Oeste,"-25.433196, -49.326145",Neblina / Dia,Escorregadia,Sim,Sim,Sim,Sim,3,Sim,3,2,1,0,Sim,Positivo,Sim,Ônibus,Sim,Sim
Colisão,2015-06-18,11:45,Sul,"-25.464396, -49.291991",Chuva / Dia,Escorregadia,Sim,Não,Sim,Não,1,Sim,3,1,1,0,Sim,Negativo,Sim,Moto,Sim,Não
Atropelamento,2010-05-02,13:45,Leste,"-25.436857, -49.239396",Seco / Dia,Escorregadia,Não,Sim,Sim,Não,1,Sim,4,5,0,0,Não,Não realizado,Não,Ônibus,Não,Não
Colisão,2014-09-08,07:15,Sul,"-25.452727, -49.294672",Chuva / Dia,Escorregadia,Sim,Sim,Sim,Não,1,Sim,5,5,1,0,Não,Não realizado,Sim,Ônibus,Não,Não
Colisão,2011-09-23,00:30,Oeste,"-25.422834, -49.322847",Chuva / Noite,Molhada,Não,Sim,Não,Sim,4,Não,1,2,2,0,Não,Não realizado,Sim,Moto,Sim,Não
Colisão,2012-04-18,15:30,Leste,"-25.420818, -49.223506",Seco / Dia,Molhada,Não,Não,Sim,Sim,2,Sim,4,4,3,0,Não,Não realizado,Sim,Moto,Não,Não
Colisão,2011-08-03,19:45,Leste,"-25.427594, -49.246386",Chuva / Noite,Escorregadia,Sim,Sim,Sim,Não,1,Não,1,1,0,0,Sim,Positivo,Sim,Ônibus,Sim,Não
Queda de moto,2020-10-27,18:00,Oeste,"-25.437304, -49.330062",Seco / Dia,Molhada,Sim,Não,Não,Sim,4,Sim,3,3,2,0,Não,Não realizado,Sim,Carro,Sim,Não
Queda de moto,2024-07-05,08:15,Norte,"-25.398021, -49.274841",Seco / Dia,Seca,Sim,Não,Sim,Não,1,Sim,5,3,1,0,Sim,Positivo,Sim,Caminhão,Não,Não
Capotamento,2009-08-31,13:45,Oeste,"-25.436181, -49.304188",Seco / Dia,Escorregadia,Não,Sim,Sim,Não,1,Sim,2,1,1,0,Sim,Positivo,Sim,Ônibus,Não,Não
Atropelamento,2006-10-27,05:30,Oeste,"-25.438016, -49.322971",Neblina / Noite,Molhada,Sim,Não,Não,Não,1,Não,1,5,3,0,Não,Não realizado,Sim,Bicicleta,Sim,Não
Colisão,2007-07-22,05:00,Oeste,"-25.412410, -49.303937",Seco / Noite,Molhada,Sim,Não,Não,Não,1,Não,1,4,4,0,Não,Não realizado,Sim,Moto,Não,Não
Colisão,2009-04-01,02:15,Norte,"-25.392199, -49.253922",Seco / Noite,Escorregadia,Sim,Sim,Não,Não,1,Não,1,2,1,0,Não,Não realizado,Sim,Caminhão,Sim,Não
Colisão,2022-11-21,15:00,Norte,"-25.393900, -49.260356",Seco / Dia,Escorregadia,Não,Não,Sim,Não,1,Sim,5,2,1,0,Sim,Negativo,Sim,Caminhão,Sim,Não
Colisão,2019-07-25,15:45,Centro,"-25.433521, -49.283060",Seco / Dia,Seca,Não,Sim,Não,Não,1,Sim,4,2,0,0,Não,Não realizado,Sim,Carro,Sim,Não
Atropelamento,2023-06-18,15:45,Sul,"-25.466696, -49.289815",Chuva / Dia,Seca,Não,Sim,Sim,Não,1,Não,1,3,1,0,Não,Não realizado,Sim,Carro,Sim,Não
Atropelamento,2015-12-11,16:30,Centro,"-25.434372, -49.261030",Seco / Dia,Escorregadia,Sim,Sim,Não,Não,1,Sim,2,4,2,0,Não,Não realizado,Sim,Bicicleta,Sim,Não
Colisão,2012-05-13,10:30,Norte,"-25.391607, -49.241148",Chuva / Dia,Molhada,Não,Não,Sim,Não,1,Sim,4,1,1,0,Sim,Positivo,Sim,Carro,Sim,Não
Queda de moto,2013-09-28,11:30,Leste,"-25.415524, -49.200416",Chuva / Dia,Seca,Não,Não,Sim,Não,1,Não,1,5,1,0,Sim,Positivo,Não,Moto,Sim,Não
Colisão,2009-01-05,09:30,Norte,"-25.394748, -49.261529",Seco / Dia,Escorregadia,Sim,Sim,Sim,Sim,2,Não,1,3,2,0,Não,Não realizado,Sim,Carro,Sim,Não
Queda de moto,2017-07-25,12:15,Centro,"-25.425235, -49.262809",Seco / Dia,Molhada,Sim,Sim,Sim,Não,1,Sim,5,1,1,0,Não,Não realizado,Sim,Moto,Sim,Não
Atropelamento,2008-02-14,06:15,Centro,"-25.439505, -49.273302",Seco / Dia,Escorregadia,Não,Não,Sim,Sim,3,Sim,2,4,0,0,Não,Não realizado,Sim,Caminhão,Não,Não
Atropelamento,2009-07-04,09:00,Oeste,"-25.427638, -49.301184",Seco / Dia,Seca,Não,Não,Não,Sim,2,Sim,5,5,0,0,Sim,Negativo,Sim,Caminhão,Sim,Não
Colisão,2017-05-11,16:45,Centro,"-25.430729, -49.264279",Chuva / Dia,Escorregadia,Não,Sim,Sim,Não,1,Sim,4,3,3,0,Não,Não realizado,Sim,Ônibus,Não,Não
Atropelamento,2023-02-06,04:30,Norte,"-25.395031, -49.248142",Seco / Noite,Seca,Sim,Sim,Sim,Sim,4,Sim,4,4,0,0,Sim,Positivo,Sim,Ônibus,Sim,Não
Queda de moto,2014-06-18,12:15,Centro,"-25.435517, -49.288978",Seco / Dia,Molhada,Não,Não,Sim,Não,1,Não,1,1,1,0,Sim,Negativo,Sim,Moto,Sim,Não
Queda de moto,2018-04-04,06:00,Sul,"-25.456540, -49.301885",Chuva / Dia,Escorregadia,Não,Sim,Não,Sim,2,Não,1,3,1,0,Não,Não realizado,Sim,Carro,Sim,Não
Colisão,2010-02-16,20:00,Oeste,"-25.415506, -49.305524",Chuva / Noite,Molhada,Sim,Sim,Sim,Não,1,Sim,3,3,0,0,Sim,Positivo,Sim,Moto,Sim,Não
Colisão,2020-10-17,15:45,Norte,"-25.380595, -49.281396",Seco / Dia,Molhada,Não,Não,Sim,Sim,2,Sim,5,1,0,0,Não,Não realizado,Sim,Moto,Sim,Não
Colisão,2023-04-18,07:00,Norte,"-25.386407, -49.243835",Seco / Dia,Seca,Sim,Sim,Sim,Não,1,Não,1,1,1,0,Não,Não realizado,Sim,Caminhão,Não,Não
Queda de moto,2013-07-28,03:15,Centro,"-25.439783, -49.269975",Seco / Noite,Seca,Sim,Não,Sim,Não,1,Sim,4,3,0,0,Não,Não realizado,Sim,Moto,Sim,Não
Queda de moto,2016-10-06,06:45,Centro,"-25.428387, -49.277036",Seco / Dia,Seca,Sim,Sim,Sim,Sim,3,Sim,5,1,1,0,Não,Não realizado,Sim,Moto,Sim,Não
Colisão,2015-02-24,06:15,Oeste,"-25.431109, -49.313209",Chuva / Dia,Molhada,Não,Não,Sim,Não,1,Não,1,2,0,0,Sim,Positivo,Sim,Carro,Sim,Não
Atropelamento,2019-05-17,08:45,Norte,"-25.400191, -49.274735",Seco / Dia,Molhada,Não,Sim,Não,Sim,2,Não,1,4,0,0,Sim,Negativo,Sim,Caminhão,Sim,Não
Colisão,2020-04-20,01:00,Leste,"-25.421935, -49.200657",Seco / Noite,Seca,Sim,Sim,Não,Sim,3,Sim,4,5,1,0,Não,Não realizado,Sim,Bicicleta,Não,Não
Colisão,2011-11-10,17:30,Oeste,"-25.425634, -49.301685",Seco / Dia,Molhada,Sim,Não,Não,Não,1,Não,1,3,0,0,Não,Não realizado,Não,Carro,Não,Não
Atropelamento,2025-06-21,06:15,Oeste,"-25.420868, -49.327623",Seco / Dia,Molhada,Sim,Sim,Sim,Não,1,Não,1,5,0,0,Não,Não realizado,Sim,Moto,Sim,Não
Colisão,2024-10-08,13:15,Norte,"-25.404475, -49.243358",Chuva / Dia,Seca,Sim,Não,Sim,Sim,4,Sim,3,2,1,0,Não,Não realizado,Sim,Bicicleta,Sim,Não
Atropelamento,2013-04-26,19:00,Norte,"-25.383371, -49.272185",Chuva / Noite,Escorregadia,Não,Não,Não,Não,1,Não,1,2,1,0,Não,Não realizado,Sim,Carro,Não,Não
Queda de moto,2008-08-28,05:30,Norte,"-25.387991, -49.248062",Chuva / Noite,Molhada,Não,Não,Sim,Não,1,Sim,2,1,1,0,Sim,Positivo,Sim,Moto,Não,Não
Colisão,2012-01-01,03:00,Centro,"-25.418265, -49.286513",Seco / Noite,Seca,Não,Sim,Não,Não,1,Não,1,1,1,0,Não,Não realizado,Sim,Caminhão,Sim,Não
Colisão,2015-03-14,23:00,Sul,"-25.477422, -49.310040",Seco / Noite,Seca,Sim,Sim,Não,Não,1,Não,1,4,4,0,Não,Não realizado,Sim,Carro,Não,Não
Colisão,2008-03-01,11:15,Norte,"-25.403795, -49.265914",Seco / Dia,Molhada,Não,Não,Sim,Não,1,Não,1,2,2,0,Não,Não realizado,Sim,Bicicleta,Sim,Não
Colisão,2013-04-18,02:00,Norte,"-25.404774, -49.275320",Seco / Noite,Seca,Sim,Não,Não,Sim,4,Não,1,2,1,0,Sim,Negativo,Sim,Carro,Sim,Não
Atropelamento,2020-03-28,23:45,Norte,"-25.397220, -49.245635",Seco / Noite,Molhada,Não,Sim,Não,Não,1,Sim,3,3,2,0,Não,Não realizado,Sim,Caminhão,Não,Não
Atropelamento,2007-10-30,00:30,Centro,"-25.424520, -49.264085",Chuva / Noite,Seca,Não,Sim,Sim,Sim,2,Sim,5,5,5,0,Sim,Negativo,Sim,Caminhão,Sim,Não
Queda de moto,2009-04-01,17:30,Norte,"-25.408250, -49.241558",Seco / Dia,Escorregadia,Sim,Sim,Não,Sim,3,Sim,2,2,1,0,Sim,Positivo,Sim,Caminhão,Não,Não
Colisão,2006-05-10,02:45,Oeste,"-25.423317, -49.333512",Chuva / Noite,Molhada,Sim,Não,Não,Sim,2,Não,1,5,0,0,Sim,Positivo,Sim,Carro,Não,Sim
Colisão,2025-11-27,11:45,Sul,"-25.462405, -49.288365",Seco / Dia,Molhada,Sim,Não,Não,Não,1,Não,1,3,3,0,Não,Não realizado,Sim,Ônibus,Sim,Não
Colisão,2024-07-06,07:30,Leste,"-25.421744, -49.249101",Chuva / Dia,Escorregadia,Sim,Não,Sim,Sim,2,Não,1,2,2,0,Não,Não realizado,Sim,Ônibus,Não,Não
Colisão,2011-02-04,15:45,Norte,"-25.391873, -49.283068",Seco / Dia,Molhada,Não,Não,Sim,Sim,3,Sim,3,2,2,0,Sim,Positivo,Sim,Ônibus,Sim,Não
Colisão,2006-02-17,14:00,Sul,"-25.452935, -49.316368",Seco / Dia,Seca,Não,Sim,Não,Sim,2,Não,1,1,0,0,Não,Não realizado,Sim,Moto,Sim,Não
Atropelamento,2012-08-09,12:00,Leste,"-25.423045, -49.208590",Chuva / Dia,Escorregadia,Não,Sim,Não,Não,1,Não,1,5,5,0,Não,Não realizado,Sim,Carro,Sim,Não
Atropelamento,2011-05-02,09:30,Leste,"-25.422238, -49.248898",Chuva / Dia,Seca,Não,Não,Sim,Sim,2,Não,1,2,1,0,Não,Não realizado,Sim,Caminhão,Sim,Não
Atropelamento,2021-08-20,12:30,Leste,"-25.418456, -49.201551",Chuva / Dia,Molhada,Não,Não,Sim,Sim,4,Não,1,5,3,0,Sim,Negativo,Sim,Moto,Sim,Não
Colisão,2009-06-03,11:15,Norte,"-25.403115, -49.256580",Seco / Dia,Molhada,Sim,Sim,Não,Sim,3,Não,1,3,1,0,Sim,Negativo,Sim,Carro,Não,Não
Atropelamento,2007-05-28,14:45,Norte,"-25.406378, -49.280398",Seco / Dia,Molhada,Sim,Sim,Não,Sim,3,Não,1,2,2,0,Não,Não realizado,Sim,Caminhão,Sim,Não
Queda de moto,2019-11-21,10:45,Norte,"-25.383791, -49.277401",Chuva / Dia,Escorregadia,Não,Sim,Sim,Não,1,Sim,2,1,1,0,Sim,Negativo,Sim,Carro,Sim,Não
Colisão,2012-12-31,05:00,Leste,"-25.426402, -49.235860",Chuva / Noite,Molhada,Não,Sim,Sim,Sim,3,Não,1,1,0,0,Não,Não realizado,Sim,Carro,Não,Não
Colisão,2015-11-06,20:30,Norte,"-25.398451, -49.280573",Seco / Noite,Seca,Não,Sim,Sim,Sim,2,Não,1,3,1,0,Não,Não realizado,Sim,Caminhão,Sim,Não
Atropelamento,2005-08-26,07:30,Centro,"-25.431802, -49.269258",Chuva / Dia,Molhada,Não,Sim,Não,Sim,2,Não,1,2,2,0,Sim,Negativo,Sim,Caminhão,Sim,Sim
Colisão,2022-11-07,21:00,Oeste,"-25.413446, -49.336967",Seco / Noite,Seca,Sim,Sim,Não,Não,1,Não,1,4,3,0,Não,Não realizado,Sim,Moto,Sim,Não
Colisão,2022-07-02,19:15,Centro,"-25.418014, -49.289126",Seco / Noite,Escorregadia,Sim,Não,Não,Sim,3,Sim,2,1,1,0,Sim,Negativo,Sim,Caminhão,Não,Não
Queda de moto,2016-01-11,17:00,Sul,"-25.464913, -49.316595",Chuva / Dia,Seca,Não,Não,Sim,Sim,4,Não,1,2,2,0,Não,Não realizado,Sim,Moto,Sim,Não
Atropelamento,2013-05-30,20:30,Oeste,"-25.416703, -49.309402",Chuva / Noite,Seca,Não,Sim,Não,Não,1,Sim,4,5,3,0,Não,Não realizado,Sim,Caminhão,Sim,Não
Colisão,2007-01-11,14:00,Leste,"-25.422573, -49.239445",Chuva / Dia,Molhada,Não,Não,Não,Sim,3,Não,1,4,1,0,Sim,Negativo,Não,Bicicleta,Sim,Não
Atropelamento,2022-06-10,04:45,Centro,"-25.437108, -49.277319",Seco / Noite,Molhada,Sim,Sim,Não,Sim,3,Não,1,2,2,0,Não,Não realizado,Não,Caminhão,Não,Não
Colisão,2017-09-16,12:30,Centro,"-25.424754, -49.267854",Chuva / Dia,Seca,Não,Não,Não,Não,1,Sim,5,4,1,0,Sim,Negativo,Sim,Carro,Não,Não
Colisão,2007-05-16,17:15,Sul,"-25.473796, -49.283478",Seco / Dia,Seca,Sim,Sim,Sim,Não,1,Sim,5,1,0,0,Sim,Negativo,Sim,Ônibus,Não,Não
Atropelamento,2020-03-15,20:45,Norte,"-25.397719, -49.268416",Seco / Noite,Escorregadia,Não,Não,Sim,Sim,3,Sim,3,5,0,0,Não,Não realizado,Sim,Ônibus,Não,Não
Colisão,2013-08-22,18:30,Sul,"-25.449510, -49.296048",Seco / Dia,Seca,Sim,Sim,Não,Sim,2,Não,1,3,1,0,Sim,Negativo,Sim,Ônibus,Sim,Não
Capotamento,2025-10-03,00:30,Leste,"-25.423612, -49.233621",Chuva / Noite,Seca,Sim,Não,Sim,Sim,3,Não,1,5,0,0,Não,Não realizado,Sim,Bicicleta,Sim,Não
Atropelamento,2007-12-12,12:15,Centro,"-25.412481, -49.260744",Seco / Dia,Seca,Não,Não,Sim,Sim,2,Sim,5,2,0,0,Sim,Negativo,Sim,Caminhão,Não,Não
Atropelamento,2010-11-07,22:15,Centro,"-25.431216, -49.265350",Chuva / Noite,Seca,Sim,Sim,Sim,Sim,4,Sim,4,2,1,0,Não,Não realizado,Sim,Carro,Não,Não
Colisão,2024-06-28,12:30,Oeste,"-25.423963, -49.306354",Seco / Dia,Molhada,Sim,Sim,Sim,Sim,3,Sim,3,4,2,0,Não,Não realizado,Não,Carro,Não,Sim
Colisão,2014-01-31,18:45,Centro,"-25.423930, -49.273858",Chuva / Dia,Seca,Sim,Não,Sim,Não,1,Não,1,1,1,0,Não,Não realizado,Não,Caminhão,Não,Não
Colisão,2010-04-23,22:00,Centro,"-25.411283, -49.269501",Seco / Noite,Molhada,Não,Não,Sim,Não,1,Sim,5,5,4,0,Sim,Positivo,Sim,Bicicleta,Não,Não
Atropelamento,2013-03-03,19:45,Norte,"-25.396964, -49.247819",Chuva / Noite,Seca,Não,Sim,Sim,Não,1,Não,1,5,2,0,Não,Não realizado,Sim,Carro,Não,Não
Colisão,2014-04-03,20:15,Oeste,"-25.415481, -49.321493",Seco / Noite,Seca,Não,Não,Sim,Sim,4,Sim,2,3,0,0,Sim,Negativo,Não,Ônibus,Não,Não
Colisão,2015-06-22,06:00,Leste,"-25.433797, -49.245702",Seco / Dia,Seca,Não,Não,Sim,Não,1,Sim,5,2,2,0,Não,Não realizado,Sim,Carro,Não,Não
Colisão,2008-07-25,05:45,Sul,"-25.453450, -49.305127",Chuva / Noite,Escorregadia,Não,Sim,Não,Sim,2,Não,1,2,2,0,Não,Não realizado,Sim,Bicicleta,Não,Não
Atropelamento,2023-05-10,12:15,Oeste,"-25.431303, -49.324636",Seco / Dia,Escorregadia,Sim,Sim,Não,Sim,4,Sim,5,3,2,0,Sim,Positivo,Não,Bicicleta,Sim,Não
Atropelamento,2010-07-09,18:15,Leste,"-25.429724, -49.221631",Neblina / Dia,Seca,Sim,Sim,Não,Não,1,Sim,2,4,0,0,Sim,Negativo,Sim,Carro,Sim,Não
Colisão,2022-11-10,02:30,Norte,"-25.389060, -49.243096",Chuva / Noite,Molhada,Sim,Não,Sim,Sim,3,Não,1,1,1,0,Não,Não realizado,Não,Caminhão,Não,Não
Colisão,2023-05-02,03:30,Sul,"-25.469908, -49.305804",Seco / Noite,Escorregadia,Sim,Não,Não,Não,1,Não,1,3,0,0,Não,Não realizado,Sim,Bicicleta,Não,Não
Atropelamento,2022-05-23,05:00,Leste,"-25.439122, -49.200879",Chuva / Noite,Escorregadia,Não,Não,Sim,Não,1,Sim,5,3,2,0,Sim,Positivo,Sim,Ônibus,Não,Não
Capotamento,2017-04-11,19:45,Leste,"-25.411724, -49.235239",Neblina / Noite,Escorregadia,Sim,Sim,Não,Não,1,Não,1,1,1,0,Não,Não realizado,Sim,Ônibus,Não,Não
Colisão,2019-12-27,17:30,Sul,"-25.461838, -49.306499",Seco / Dia,Escorregadia,Sim,Sim,Não,Não,1,Não,1,3,3,0,Não,Não realizado,Sim,Bicicleta,Sim,Sim
Colisão,2014-04-15,10:45,Norte,"-25.397707, -49.271457",Seco / Dia,Molhada,Sim,Sim,Não,Não,1,Sim,3,1,0,0,Não,Não realizado,Não,Carro,Sim,Não
Colisão,2018-06-16,01:45,Oeste,"-25.430985, -49.321259",Seco / Noite,Escorregadia,Não,Sim,Não,Não,1,Sim,5,3,2,0,Sim,Negativo,Não,Bicicleta,Não,Não
Colisão,2005-10-09,15:30,Oeste,"-25.438270, -49.300989",Chuva / Dia,Molhada,Sim,Não,Não,Sim,4,Sim,3,4,1,0,Não,Não realizado,Sim,Carro,Não,Não
Queda de moto,2021-01-19,05:15,Sul,"-25.440338, -49.303752",Chuva / Noite,Seca,Não,Sim,Sim,Sim,2,Sim,2,1,1,0,Sim,Negativo,Sim,Bicicleta,Não,Não
Capotamento,2014-01-04,17:15,Centro,"-25.418732, -49.289708",Chuva / Dia,Seca,Não,Sim,Sim,Não,1,Não,1,1,0,0,Não,Não realizado,Sim,Ônibus,Não,Não
Queda de moto,2006-01-03,17:15,Oeste,"-25.421030, -49.303525",Seco / Dia,Seca,Não,Sim,Sim,Não,1,Sim,2,1,1,0,Sim,Negativo,Sim,Ônibus,Sim,Não
Capotamento,2018-12-05,13:45,Sul,"-25.463846, -49.298752",Chuva / Dia,Molhada,Não,Não,Não,Sim,2,Sim,5,5,4,0,Não,Não realizado,Sim,Bicicleta,Sim,Não
Colisão,2025-12-20,07:30,Oeste,"-25.425597, -49.330361",Seco / Dia,Molhada,Sim,Sim,Sim,Sim,2,Não,1,3,0,0,Sim,Negativo,Sim,Caminhão,Não,Não
Atropelamento,2025-01-01,23:00,Leste,"-25.425321, -49.206314",Chuva / Noite,Seca,Não,Sim,Não,Sim,4,Não,1,3,0,0,Sim,Positivo,Não,Caminhão,Não,Sim
Queda de moto,2024-05-25,12:30,Oeste,"-25.439255, -49.339907",Neblina / Dia,Escorregadia,Sim,Não,Não,Sim,2,Não,1,1,1,0,Não,Não realizado,Sim,Caminhão,Não,Não
Atropelamento,2006-10-28,16:00,Leste,"-25.417159, -49.248171",Seco / Dia,Molhada,Não,Sim,Sim,Sim,4,Não,1,2,1,0,Não,Não realizado,Sim,Ônibus,Não,Não
Atropelamento,2012-05-21,10:00,Leste,"-25.438405, -49.212537",Chuva / Dia,Seca,Não,Sim,Não,Sim,3,Não,1,2,1,0,Sim,Positivo,Sim,Caminhão,Não,Não
Atropelamento,2025-02-13,09:45,Centro,"-25.413170, -49.276635",Seco / Dia,Molhada,Sim,Não,Não,Sim,4,Não,1,2,0,0,Não,Não realizado,Sim,Moto,Não,Não
Colisão,2025-06-07,01:15,Norte,"-25.401581, -49.261697",Seco / Noite,Seca,Sim,Não,Sim,Não,1,Sim,5,3,3,0,Sim,Negativo,Sim,Moto,Não,Não
Colisão,2018-09-20,21:45,Norte,"-25.398360, -49.283478",Seco / Noite,Molhada,Não,Sim,Não,Sim,2,Não,1,5,0,0,Não,Não realizado,Sim,Carro,Não,Não
Queda de moto,2024-07-28,00:15,Norte,"-25.404416, -49.267595",Seco / Noite,Seca,Não,Sim,Não,Sim,2,Sim,4,4,1,0,Sim,Positivo,Sim,Caminhão,Sim,Não
Colisão,2016-08-21,06:30,Centro,"-25.418743, -49.277798",Seco / Dia,Escorregadia,Não,Não,Sim,Sim,3,Sim,5,2,2,0,Não,Não realizado,Sim,Bicicleta,Sim,Sim
Colisão,2013-11-07,23:15,Norte,"-25.406477, -49.255136",Chuva / Noite,Escorregadia,Não,Não,Não,Não,1,Não,1,3,1,0,Não,Não realizado,Sim,Bicicleta,Sim,Não
Colisão,2018-03-25,08:45,Centro,"-25.423821, -49.277294",Chuva / Dia,Seca,Não,Não,Não,Não,1,Não,1,1,1,0,Sim,Positivo,Sim,Bicicleta,Sim,Não
Colisão,2008-07-12,10:00,Centro,"-25.416038, -49.279742",Chuva / Dia,Seca,Sim,Sim,Sim,Sim,3,Não,1,1,1,0,Sim,Positivo,Sim,Carro,Não,Sim
Colisão,2013-05-10,14:15,Leste,"-25.435677, -49.202018",Seco / Dia,Seca,Não,Sim,Não,Sim,4,Não,1,3,3,0,Sim,Negativo,Sim,Ônibus,Sim,Não
Colisão,2024-11-11,03:15,Centro,"-25.436741, -49.264692",Neblina / Noite,Seca,Sim,Sim,Não,Não,1,Sim,2,2,1,0,Não,Não realizado,Sim,Caminhão,Não,Não
Colisão,2018-03-21,08:30,Norte,"-25.392111, -49.263036",Seco / Dia,Seca,Sim,Sim,Sim,Não,1,Não,1,1,1,0,Sim,Positivo,Não,Moto,Sim,Sim
Atropelamento,2005-01-31,12:15,Norte,"-25.401083, -49.260143",Seco / Dia,Molhada,Sim,Não,Não,Sim,3,Não,1,2,0,0,Não,Não realizado,Sim,Caminhão,Sim,Não
Capotamento,2025-08-13,22:30,Norte,"-25.381612, -49.260115",Chuva / Noite,Seca,Sim,Não,Sim,Sim,2,Sim,3,1,1,0,Não,Não realizado,Sim,Carro,Não,Não
Colisão,2015-04-25,13:30,Centro,"-25.436467, -49.277122",Seco / Dia,Escorregadia,Não,Sim,Sim,Não,1,Sim,3,2,1,0,Não,Não realizado,Sim,Moto,Não,Sim
Queda de moto,2024-01-09,18:45,Sul,"-25.465184, -49.292019",Neblina / Dia,Escorregadia,Não,Sim,Sim,Sim,4,Não,1,3,0,0,Não,Não realizado,Sim,Ônibus,Sim,Não
Capotamento,2011-06-16,09:45,Leste,"-25.415159, -49.245240",Chuva / Dia,Molhada,Sim,Não,Sim,Sim,3,Sim,2,1,1,0,Sim,Positivo,Sim,Caminhão,Sim,Não
Atropelamento,2009-06-18,15:00,Leste,"-25.419300, -49.204187",Seco / Dia,Molhada,Não,Sim,Não,Sim,4,Não,1,2,1,0,Não,Não realizado,Sim,Moto,Sim,Não
Colisão,2016-08-09,23:45,Norte,"-25.383502, -49.275515",Seco / Noite,Molhada,Sim,Não,Sim,Não,1,Não,1,1,1,0,Sim,Negativo,Sim,Caminhão,Não,Sim
Colisão,2024-09-05,03:45,Sul,"-25.473719, -49.314106",Seco / Noite,Molhada,Sim,Sim,Não,Sim,2,Não,1,2,0,0,Não,Não realizado,Sim,Moto,Não,Não
Colisão,2020-04-25,16:00,Norte,"-25.392659, -49.262209",Seco / Dia,Molhada,Sim,Sim,Sim,Não,1,Não,1,3,0,0,Sim,Negativo,Sim,Ônibus,Não,Não
Atropelamento,2013-10-02,16:30,Oeste,"-25.438643, -49.329266",Chuva / Dia,Escorregadia,Não,Sim,Sim,Sim,3,Não,1,2,0,0,Não,Não realizado,Sim,Caminhão,Não,Não
Colisão,2012-03-17,22:00,Leste,"-25.435702, -49.240349",Chuva / Noite,Seca,Não,Não,Não,Sim,3,Sim,4,2,1,0,Não,Não realizado,Não,Bicicleta,Sim,Não
Colisão,2008-11-05,15:15,Oeste,"-25.413354, -49.335551",Seco / Dia,Escorregadia,Não,Sim,Não,Sim,4,Sim,2,5,3,0,Sim,Negativo,Sim,Bicicleta,Não,Não
Colisão,2017-09-06,03:45,Oeste,"-25.432434, -49.316252",Chuva / Noite,Molhada,Sim,Sim,Não,Não,1,Não,1,1,0,0,Não,Não realizado,Sim,Moto,Sim,Não
Capotamento,2006-03-04,10:15,Sul,"-25.462025, -49.293794",Seco / Dia,Molhada,Não,Não,Não,Não,1,Sim,2,4,0,0,Sim,Negativo,Sim,Bicicleta,Sim,Não