TIPO DE ACIDENTE,DATA,HORA,REGIÃO,COORDENADA GEOGRÁFICA,SITUAÇÃO CLIMÁTICA/LUMINOSIDADE,CONDIÇÕES DA SUPERFÍCIE DE ROLAMENTO,POSSUI SINALIZAÇÃO HORIZONTAL,POSSUI SINALIZAÇÃO VERTICAL,PRÓXIMO A EQUIPO ELETRÔNICO,HOUVE OUTROS VEÍCULOS ENVOLVIDOS,QUANTOS VEÍCULOS,HAVIA OUTROS OCUPANTES NO VEÍCULO,QUANTOS OCUPANTES,ENVOLVIDOS,FERIDOS,ÓBITOS,FOI REALIZADO O TESTE DE BAFÔMETRO,QUAL O RESULTADO,POSSUI HABILITAÇÃO,VEÍCULO TIPO,HOUVE DANOS AO PATRIMÔNIO PÚBLICO?,HOUVE DANOS AO MEIO AMBIENTE?
Atropelamento,2006-04-01,21:00,Leste,"-25.423300, -49.212756",Seco / Noite,Escorregadia,Não,Não,Sim,Não,1,Não,1,2,2,2,Sim,Positivo,Sim,Ônibus,Sim,Não
Queda de moto,2009-02-05,07:00,Norte,"-25.394165, -49.265847",Seco / Dia,Molhada,Sim,Não,Sim,Sim,3,Sim,5,2,0,0,Não,Não realizado,Sim,Bicicleta,Sim,Não
Atropelamento,2024-05-22,14:30,Leste,"-25.410011, -49.232458",Seco / Dia,Escorregadia,Não,Sim,Sim,Não,1,Sim,5,3,3,0,Não,Não realizado,Sim,Caminhão,Sim,Não
Atropelamento,2009-06-21,17:45,Oeste,"-25.432144, -49.311885",Seco / Dia,Molhada,Não,Não,Não,Sim,3,Sim,4,4,0,0,Sim,Negativo,Sim,Ônibus,Não,Não
Atropelamento,2011-12-26,06:00,Norte,"-25.402003, -49.255318",Seco / Dia,Seca,Sim,Não,Não,Não,1,Sim,2,3,1,0,Sim,Negativo,Sim,Caminhão,Não,Sim
Colisão,2024-02-05,20:45,Sul,"-25.446536, -49.307823",Seco / Noite,Molhada,Sim,Não,Sim,Sim,4,Sim,2,4,4,0,Sim,Positivo,Sim,Ônibus,Sim,Não
Queda de moto,2013-03-08,03:30,Norte,"-25.386988, -49.258807",Chuva / Noite,Seca,Não,Não,Sim,Sim,2,Não,1,1,0,0,Não,Não realizado,Sim,Bicicleta,Não,Não
Queda de moto,2009-11-14,22:30,Oeste,"-25.422025, -49.326101",Chuva / Noite,Seca,Sim,Sim,Sim,Sim,2,Não,1,3,1,0,Sim,Positivo,Sim,Carro,Não,Não
Capotamento,2008-11-27,17:15,Oeste,"-25.425358, -49.318465",Chuva / Dia,Escorregadia,Não,Não,Sim,Sim,2,Sim,5,2,2,0,Sim,Negativo,Sim,Caminhão,Sim,Não
Colisão,2024-09-06,08:30,Norte,"-25.402922, -49.254128",Seco / Dia,Seca,Sim,Sim,Não,Não,1,Não,1,1,0,0,Sim,Positivo,Não,Ônibus,Sim,Não
Colisão,2019-11-12,16:30,Oeste,"-25.431929, -49.304763",Seco / Dia,Escorregadia,Não,Não,Não,Não,1,Sim,2,4,4,0,Sim,Positivo,Sim,Ônibus,Não,Não
Colisão,2018-12-28,19:00,Oeste,"-25.411704, -49.335611",Seco / Noite,Escorregadia,Não,Não,Sim,Sim,2,Sim,3,2,0,0,Não,Não realizado,Sim,Bicicleta,Sim,Não
Colisão,2016-03-15,08:00,Leste,"-25.431522, -49.237142",Seco / Dia,Escorregadia,Sim,Sim,Sim,Sim,4,Sim,5,4,0,0,Não,Não realizado,Sim,Carro,Não,Não
Atropelamento,2008-12-17,22:15,Norte,"-25.409754, -49.242113",Seco / Noite,Seca,Sim,Não,Sim,Sim,4,Não,1,4,4,0,Não,Não realizado,Sim,Ônibus,Não,Não
Colisão,2017-07-25,06:00,Oeste,"-25.421877, -49.321060",Neblina / Dia,Escorregadia,Não,Não,Sim,Sim,2,Sim,4,2,0,0,Sim,Positivo,Sim,Bicicleta,Não,Não
Colisão,2023-05-08,01:30,Centro,"-25.439698, -49.277304",Seco / Noite,Seca,Sim,Sim,Não,Não,1,Sim,4,2,0,0,Não,Não realizado,Sim,Moto,Sim,Não
Colisão,2015-05-13,11:30,Oeste,"-25.421548, -49.302103",Chuva / Dia,Seca,Não,Sim,Sim,Não,1,Não,1,4,0,0,Sim,Positivo,Sim,Carro,Não,Não
Colisão,2014-08-29,06:45,Norte,"-25.386304, -49.279681",Seco / Dia,Molhada,Sim,Sim,Não,Sim,2,Sim,3,2,1,0,Não,Não realizado,Sim,Carro,Não,Não
Atropelamento,2020-01-10,01:15,Sul,"-25.474846, -49.299358",Seco / Noite,Seca,Não,Sim,Não,Não,1,Não,1,2,0,0,Não,Não realizado,Sim,Moto,Não,Não
Queda de moto,2014-10-06,13:30,Oeste,"-25.415097, -49.310389",Seco / Dia,Molhada,Não,Sim,Sim,Sim,3,Sim,5,2,0,0,Sim,Negativo,Sim,Ônibus,Não,Não
Colisão,2021-05-16,07:45,Leste,"-25.411198, -49.205981",Chuva / Dia,Molhada,Sim,Sim,Não,Não,1,Não,1,2,2,0,Não,Não realizado,Sim,Carro,Sim,Não
Atropelamento,2005-06-28,15:30,Centro,"-25.437384, -49.280786",Seco / Dia,Seca,Não,Não,Não,Sim,4,Sim,2,4,2,0,Não,Não realizado,Sim,Ônibus,Sim,Não
Atropelamento,2014-08-19,19:45,Sul,"-25.440166, -49.313793",Chuva / Noite,Seca,Não,Sim,Sim,Sim,2,Não,1,4,1,0,Sim,Negativo,Sim,Caminhão,Sim,Sim
Colisão,2018-02-08,19:15,Leste,"-25.432658, -49.227029",Seco / Noite,Molhada,Sim,Sim,Não,Não,1,Sim,5,1,1,1,Não,Não realizado,Sim,Bicicleta,Sim,Não
Colisão,2005-06-05,15:15,Leste,"-25.411260, -49.233570",Seco / Dia,Seca,Não,Sim,Não,Sim,2,Não,1,1,1,0,Sim,Negativo,Sim,Carro,Não,Não
Colisão,2018-06-22,06:45,Oeste,"-25.410598, -49.321201",Seco / Dia,Molhada,Não,Não,Sim,Não,1,Sim,3,4,2,0,Sim,Negativo,Sim,Ônibus,Não,Não
Colisão,2008-04-13,06:30,Leste,"-25.420812, -49.215248",Seco / Dia,Molhada,Não,Sim,Sim,Não,1,Não,1,1,0,0,Sim,Negativo,Sim,Caminhão,Sim,Não
Colisão,2020-10-27,15:15,Centro,"-25.412207, -49.272959",Seco / Dia,Escorregadia,Sim,Sim,Sim,Não,1,Sim,5,1,1,0,Sim,Positivo,Sim,Carro,Sim,Não
Atropelamento,2017-07-30,15:30,Oeste,"-25.424803, -49.316444",Seco / Dia,Seca,Sim,Não,Sim,Não,1,Não,1,4,3,3,Sim,Positivo,Sim,Carro,Sim,Não
Colisão,2007-03-20,14:30,Leste,"-25.427195, -49.218531",Seco / Dia,Escorregadia,Sim,Sim,Não,Sim,3,Sim,5,3,0,0,Não,Não realizado,Sim,Moto,Não,Não
Atropelamento,2024-09-29,01:15,Leste,"-25.434258, -49.234904",Chuva / Noite,Molhada,Não,Não,Não,Sim,4,Sim,5,3,3,0,Sim,Negativo,Sim,Carro,Não,Não
Atropelamento,2006-10-08,08:15,Sul,"-25.442070, -49.281190",Seco / Dia,Seca,Não,Não,Não,Não,1,Não,1,3,3,0,Não,Não realizado,Sim,Carro,Não,Não
Colisão,2013-11-29,10:45,Norte,"-25.393187, -49.265470",Seco / Dia,Escorregadia,Não,Não,Sim,Sim,4,Sim,3,4,1,0,Não,Não realizado,Não,Moto,Sim,Não
Colisão,2021-07-07,12:45,Norte,"-25.407683, -49.285456",Seco / Dia,Escorregadia,Sim,Não,Sim,Não,1,Sim,2,3,3,0,Não,Não realizado,Sim,Ônibus,Não,Não
Queda de moto,2013-04-12,12:30,Centro,"-25.433771, -49.276853",Seco / Dia,Molhada,Não,Sim,Sim,Não,1,Sim,3,2,0,0,Não,Não realizado,Sim,Ônibus,Sim,Não
Colisão,2019-03-05,08:15,Norte,"-25.390674, -49.253963",Seco / Dia,Molhada,Não,Não,Sim,Não,1,Não,1,2,1,0,Não,Não realizado,Sim,Bicicleta,Não,Não
Colisão,2006-06-27,20:30,Sul,"-25.474424, -49.287404",Seco / Noite,Molhada,Sim,Sim,Sim,Não,1,Não,1,1,1,0,Não,Não realizado,Sim,Bicicleta,Sim,Não
Colisão,2024-08-10,10:30,Sul,"-25.451824, -49.282479",Chuva / Dia,Escorregadia,Sim,Não,Não,Não,1,Sim,4,3,3,0,Não,Não realizado,Sim,Carro,Sim,Sim
Colisão,2010-03-17,01:00,Centro,"-25.412199, -49.265502",Seco / Noite,Seca,Não,Sim,Não,Não,1,Não,1,3,0,0,Não,Não realizado,Sim,Carro,Sim,Não
Colisão,2009-01-26,13:30,Norte,"-25.400859, -49.244424",Chuva / Dia,Molhada,Sim,Sim,Não,Não,1,Não,1,4,1,0,Não,Não realizado,Sim,Ônibus,Sim,Não
Colisão,2025-03-01,04:00,Oeste,"-25.415045, -49.304274",Seco / Noite,Escorregadia,Não,Sim,Sim,Sim,3,Não,1,2,1,0,Não,Não realizado,Sim,Carro,Sim,Não
Colisão,2024-03-04,00:15,Leste,"-25.421725, -49.235981",Chuva / Noite,Molhada,Sim,Sim,Sim,Não,1,Não,1,1,1,0,Sim,Negativo,Sim,Carro,Não,Não
Atropelamento,2008-08-25,20:15,Sul,"-25.448137, -49.316075",Seco / Noite,Escorregadia,Sim,Sim,Não,Não,1,Sim,4,3,0,0,Sim,Negativo,Sim,Bicicleta,Não,Não
Colisão,2009-01-05,14:30,Centro,"-25.410825, -49.274657",Chuva / Dia,Seca,Não,Sim,Não,Sim,3,Sim,3,1,0,0,Não,Não realizado,Sim,Moto,Não,Não
Capotamento,2011-03-21,08:00,Centro,"-25.432301, -49.276845",Chuva / Dia,Escorregadia,Não,Não,Não,Sim,4,Não,1,3,3,2,Não,Não realizado,Sim,Caminhão,Não,Não
Colisão,2023-06-13,23:15,Oeste,"-25.417719, -49.326137",Chuva / Noite,Escorregadia,Não,Não,Sim,Não,1,Sim,4,1,1,0,Não,Não realizado,Não,Bicicleta,Não,Não
Capotamento,2005-06-27,17:15,Oeste,"-25.428309, -49.328248",Seco / Dia,Escorregadia,Sim,Não,Não,Sim,3,Sim,5,2,1,0,Não,Não realizado,Sim,Caminhão,Não,Sim
Queda de moto,2015-11-22,20:00,Sul,"-25.448002, -49.307165",Seco / Noite,Escorregadia,Não,Sim,Sim,Não,1,Sim,5,2,0,0,Sim,Negativo,Sim,Caminhão,Sim,Não
Capotamento,2011-09-12,08:30,Oeste,"-25.415266, -49.317750",Seco / Dia,Seca,Não,Sim,Sim,Sim,4,Não,1,1,1,0,Não,Não realizado,Não,Carro,Sim,Não
Queda de moto,2021-03-08,03:00,Norte,"-25.406041, -49.261315",Chuva / Noite,Escorregadia,Sim,Não,Não,Sim,4,Sim,3,1,1,0,Sim,Negativo,Sim,Moto,Sim,Não
Colisão,2014-02-11,13:15,Oeste,"-25.430658, -49.306487",Chuva / Dia,Molhada,Não,Não,Sim,Não,1,Sim,5,1,1,0,Sim,Positivo,Sim,Carro,Sim,Não
Colisão,2008-12-23,07:00,Leste,"-25.427659, -49.229722",Chuva / Dia,Molhada,Não,Não,Não,Sim,3,Não,1,1,0,0,Sim,Negativo,Sim,Bicicleta,Sim,Não
Atropelamento,2016-03-09,20:45,Sul,"-25.464636, -49.292601",Seco / Noite,Escorregadia,Não,Sim,Não,Sim,4,Sim,2,4,0,0,Sim,Negativo,Sim,Moto,Não,Sim
Colisão,2018-08-12,05:30,Leste,"-25.417201, -49.231863",Seco / Noite,Molhada,Sim,Sim,Sim,Sim,2,Sim,4,1,1,0,Não,Não realizado,Sim,Caminhão,Sim,Não
Colisão,2008-03-09,11:15,Oeste,"-25.414654, -49.307731",Seco / Dia,Escorregadia,Sim,Não,Não,Não,1,Não,1,1,0,0,Não,Não realizado,Sim,Caminhão,Sim,Não
Atropelamento,2023-09-28,16:30,Leste,"-25.416343, -49.234225",Chuva / Dia,Molhada,Não,Sim,Sim,Sim,3,Não,1,3,3,0,Não,Não realizado,Sim,Ônibus,Sim,Não
Colisão,2007-02-18,14:30,Sul,"-25.479586, -49.306784",Seco / Dia,Seca,Não,Sim,Não,Não,1,Não,1,1,0,0,Sim,Positivo,Sim,Moto,Sim,Não
Queda de moto,2025-01-20,13:00,Centro,"-25.432782, -49.279357",Chuva / Dia,Molhada,Não,Sim,Não,Não,1,Sim,4,1,0,0,Não,Não realizado,Sim,Caminhão,Não,Não
Colisão,2022-05-15,20:45,Sul,"-25.477442, -49.310347",Seco / Noite,Escorregadia,Não,Não,Sim,Sim,2,Sim,4,1,1,0,Não,Não realizado,Sim,Carro,Não,Não
Colisão,2005-06-24,20:00,Centro,"-25.422092, -49.282048",Seco / Noite,Seca,Não,Sim,Não,Não,1,Sim,3,1,1,0,Sim,Negativo,Sim,Caminhão,Sim,Sim
Colisão,2020-09-11,06:15,Norte,"-25.409318, -49.281314",Seco / Dia,Molhada,Não,Sim,Não,Não,1,Sim,2,1,0,0,Não,Não realizado,Sim,Bicicleta,Sim,Não
Queda de moto,2005-05-23,06:30,Centro,"-25.436227, -49.272813",Neblina / Dia,Seca,Não,Sim,Não,Não,1,Sim,2,1,0,0,Sim,Positivo,Sim,Ônibus,Não,Sim
Colisão,2008-05-17,18:45,Centro,"-25.438324, -49.260473",Seco / Dia,Molhada,Sim,Não,Não,Não,1,Não,1,1,0,0,Não,Não realizado,Sim,Bicicleta,Não,Não
Colisão,2010-12-28,17:30,Sul,"-25.465530, -49.293459",Seco / Dia,Seca,Sim,Não,Não,Sim,4,Não,1,1,0,0,Não,Não realizado,Não,Caminhão,Não,Não
Atropelamento,2006-10-02,23:45,Sul,"-25.445070, -49.297611",Seco / Noite,Seca,Não,Não,Sim,Sim,4,Não,1,3,0,0,Sim,Negativo,Sim,Caminhão,Não,Não
Colisão,2018-05-17,18:00,Oeste,"-25.422361, -49.300271",Chuva / Dia,Molhada,Não,Não,Sim,Não,1,Não,1,3,0,0,Não,Não realizado,Não,Ônibus,Não,Não
Capotamento,2007-04-13,08:30,Norte,"-25.392672, -49.248511",Seco / Dia,Escorregadia,Não,Sim,Sim,Não,1,Não,1,4,0,0,Sim,Positivo,Sim,Bicicleta,Não,Não
Colisão,2018-04-25,21:45,Oeste,"-25.435613, -49.326241",Seco / Noite,Escorregadia,Não,Não,Sim,Não,1,Sim,2,3,0,0,Não,Não realizado,Sim,Moto,Sim,Não
Atropelamento,2023-06-13,14:00,Sul,"-25.449946, -49.319372",Seco / Dia,Escorregadia,Sim,Não,Sim,Sim,3,Sim,4,5,5,0,Não,Não realizado,Sim,Bicicleta,Sim,Não
Atropelamento,2016-07-06,17:15,Leste,"-25.423963, -49.220258",Seco / Dia,Escorregadia,Sim,Não,Sim,Não,1,Sim,2,2,0,0,Não,Não realizado,Sim,Caminhão,Sim,Não
Queda de moto,2008-06-19,02:15,Leste,"-25.435523, -49.247253",Chuva / Noite,Molhada,Não,Sim,Sim,Não,1,Sim,3,2,0,0,Não,Não realizado,Sim,Moto,Não,Não
Capotamento,2013-02-01,18:45,Norte,"-25.395423, -49.279031",Seco / Dia,Seca,Não,Não,Sim,Sim,3,Não,1,4,4,0,Não,Não realizado,Sim,Ônibus,Sim,Não
Colisão,2013-03-25,04:00,Norte,"-25.400371, -49.258106",Seco / Noite,Molhada,Sim,Sim,Não,Não,1,Não,1,3,2,0,Sim,Negativo,Sim,Caminhão,Sim,Não
Queda de moto,2015-03-14,01:30,Oeste,"-25.430098, -49.322591",Neblina / Noite,Escorregadia,Sim,Não,Sim,Não,1,Não,1,4,0,0,Não,Não realizado,Sim,Bicicleta,Sim,Não
Colisão,2008-07-16,14:15,Centro,"-25.429011, -49.276187",Seco / Dia,Seca,Não,Sim,Não,Sim,2,Não,1,2,0,0,Sim,Negativo,Sim,Moto,Não,Não
Colisão,2018-12-22,08:45,Centro,"-25.425620, -49.276903",Seco / Dia,Seca,Não,Não,Sim,Não,1,Sim,4,3,3,0,Sim,Positivo,Sim,Caminhão,Sim,Não
Colisão,2017-07-19,13:30,Leste,"-25.426938, -49.242353",Seco / Dia,Escorregadia,Sim,Não,Não,Sim,2,Não,1,2,2,0,Sim,Negativo,Sim,Caminhão,Não,Não
Atropelamento,2006-11-06,16:45,Sul,"-25.442369, -49.282605",Seco / Dia,Escorregadia,Sim,Sim,Sim,Não,1,Não,1,4,2,0,Não,Não realizado,Sim,Bicicleta,Sim,Não
Colisão,2009-03-16,04:45,Leste,"-25.416636, -49.245082",Seco / Noite,Escorregadia,Sim,Não,Não,Não,1,Não,1,1,1,0,Não,Não realizado,Sim,Caminhão,Sim,Não
Atropelamento,2018-05-12,18:45,Norte,"-25.380693, -49.287063",Chuva / Dia,Seca,Não,Não,Não,Não,1,Não,1,3,3,0,Não,Não realizado,Sim,Bicicleta,Não,Não
Atropelamento,2006-12-06,22:30,Centro,"-25.438591, -49.260113",Chuva / Noite,Molhada,Não,Sim,Não,Sim,4,Sim,3,2,2,0,Não,Não realizado,Sim,Ônibus,Sim,Não
Queda de moto,2014-01-03,03:00,Sul,"-25.475315, -49.287746",Chuva / Noite,Seca,Não,Não,Não,Sim,2,Sim,3,1,1,0,Não,Não realizado,Não,Moto,Não,Não
Atropelamento,2007-09-14,12:45,Norte,"-25.384299, -49.266714",Chuva / Dia,Escorregadia,Sim,Não,Sim,Não,1,Sim,5,2,0,0,Não,Não realizado,Sim,Caminhão,Sim,Não
Colisão,2013-05-11,14:30,Norte,"-25.405811, -49.256289",Seco / Dia,Seca,Sim,Não,Sim,Não,1,Não,1,2,1,0,Não,Não realizado,Sim,Moto,Sim,Não
Queda de moto,2021-01-25,09:15,Oeste,"-25.420591, -49.336445",Seco / Dia,Escorregadia,Não,Não,Não,Não,1,Sim,4,2,1,0,Não,Não realizado,Sim,Carro,Não,Não
Atropelamento,2023-08-30,12:00,Leste,"-25.433011, -49.214438",Neblina / Dia,Escorregadia,Não,Não,Sim,Sim,3,Não,1,2,2,0,Não,Não realizado,Sim,Ônibus,Sim,Não
Queda de moto,2019-10-01,14:45,Centro,"-25.432614, -49.274351",Chuva / Dia,Seca,Sim,Não,Sim,Não,1,Não,1,2,0,0,Não,Não realizado,Sim,Moto,Não,Não
Colisão,2008-06-18,04:00,Norte,"-25.395791, -49.277480",Seco / Noite,Seca,Não,Não,Sim,Não,1,Sim,3,1,0,0,Não,Não realizado,Sim,Ônibus,Não,Não
Colisão,2019-04-20,08:15,Norte,"-25.384634, -49.263637",Seco / Dia,Molhada,Sim,Sim,Sim,Sim,3,Não,1,1,1,0,Não,Não realizado,Sim,Ônibus,Não,Não
Capotamento,2011-09-01,03:15,Norte,"-25.382109, -49.255628",Seco / Noite,Seca,Sim,Sim,Sim,Sim,3,Sim,5,5,0,0,Sim,Positivo,Sim,Ônibus,Não,Não
Colisão,2011-09-18,19:45,Centro,"-25.435131, -49.279476",Seco / Noite,Escorregadia,Não,Não,Sim,Não,1,Não,1,2,2,0,Não,Não realizado,Sim,Moto,Sim,Não
Atropelamento,2025-10-10,17:45,Centro,"-25.436336, -49.268677",Seco / Dia,Molhada,Sim,Sim,Não,Sim,2,Sim,4,2,0,0,Não,Não realizado,Sim,Caminhão,Sim,Não
Colisão,2017-12-15,01:30,Leste,"-25.429731, -49.242250",Neblina / Noite,Seca,Não,Sim,Não,Não,1,Sim,2,3,1,0,Não,Não realizado,Sim,Ônibus,Não,Não
Atropelamento,2023-10-03,12:00,Sul,"-25.462239, -49.293364",Seco / Dia,Molhada,Não,Sim,Sim,Sim,3,Sim,5,4,4,0,Não,Não realizado,Não,Bicicleta,Sim,Não
Atropelamento,2023-03-31,00:00,Oeste,"-25.417519, -49.322516",Seco / Noite,Molhada,Sim,Não,Sim,Não,1,Sim,4,2,1,0,Sim,Negativo,Sim,Bicicleta,Sim,Não
Capotamento,2017-11-14,11:15,Norte,"-25.402073, -49.273804",Neblina / Dia,Molhada,Não,Não,Não,Sim,4,Não,1,2,2,0,Não,Não realizado,Sim,Ônibus,Não,Não
Colisão,2018-11-28,08:30,Sul,"-25.477487, -49.307679",Neblina / Dia,Molhada,Não,Não,Sim,Não,1,Não,1,2,0,0,Sim,Positivo,Sim,Bicicleta,Não,Não
Colisão,2010-08-17,06:30,Sul,"-25.458283, -49.314039",Seco / Dia,Seca,Não,Sim,Não,Sim,2,Sim,4,3,3,0,Não,Não realizado,Sim,Carro,Sim,Não
Atropelamento,2011-10-08,07:45,Sul,"-25.471557, -49.318489",Seco / Dia,Molhada,Sim,Não,Não,Não,1,Sim,5,2,2,0,Sim,Positivo,Sim,Carro,Não,Não
Colisão,2005-08-31,00:15,Sul,"-25.450641, -49.280432",Seco / Noite,Seca,Sim,Sim,Sim,Sim,3,Sim,2,5,0,0,Não,Não realizado,Não,Moto,Sim,Não
Atropelamento,2006-12-15,14:15,Oeste,"-25.424427, -49.324339",Seco / Dia,Escorregadia,Sim,Sim,Sim,Sim,2,Não,1,2,1,0,Sim,Positivo,Sim,Bicicleta,Sim,Não
Colisão,2025-12-09,22:45,Norte,"-25.407231, -49.281837",Seco / Noite,Seca,Sim,Não,Sim,Não,1,Sim,5,3,0,0,Não,Não realizado,Sim,Bicicleta,Não,Não
Colisão,2006-11-16,07:15,Sul,"-25.474122, -49.280360",Chuva / Dia,Molhada,Sim,Não,Sim,Sim,3,Sim,4,4,0,0,Sim,Negativo,Sim,Caminhão,Sim,Não
Atropelamento,2005-04-25,14:45,Sul,"-25.455611, -49.290165",Chuva / Dia,Seca,Não,Sim,Sim,Sim,3,Não,1,5,2,0,Não,Não realizado,Sim,Bicicleta,Sim,Não
Colisão,2019-02-05,00:15,Leste,"-25.421672, -49.211036",Seco / Noite,Molhada,Não,Não,Não,Sim,4,Não,1,2,2,0,Não,Não realizado,Sim,Ônibus,Sim,Não
Capotamento,2012-04-19,17:00,Oeste,"-25.419662, -49.317914",Seco / Dia,Seca,Sim,Sim,Não,Não,1,Sim,5,3,0,0,Não,Não realizado,Sim,Moto,Não,Não
Colisão,2009-05-19,03:15,Centro,"-25.430633, -49.282942",Seco / Noite,Escorregadia,Não,Sim,Sim,Sim,4,Sim,4,3,3,0,Não,Não realizado,Sim,Bicicleta,Não,Não
Atropelamento,2018-09-22,02:00,Norte,"-25.402139, -49.251786",Seco / Noite,Escorregadia,Sim,Sim,Não,Não,1,Não,1,4,0,0,Não,Não realizado,Não,Moto,Não,Não
Colisão,2009-06-18,01:30,Sul,"-25.470017, -49.316325",Seco / Noite,Seca,Não,Não,Sim,Não,1,Não,1,3,2,0,Não,Não realizado,Sim,Caminhão,Sim,Não
Capotamento,2023-11-12,09:15,Centro,"-25.417806, -49.279280",Neblina / Dia,Seca,Sim,Não,Sim,Sim,3,Sim,4,2,2,2,Sim,Positivo,Não,Moto,Sim,Não
Colisão,2019-05-13,19:45,Leste,"-25.430691, -49.235780",Chuva / Noite,Seca,Não,Sim,Sim,Sim,2,Não,1,1,0,0,Não,Não realizado,Sim,Caminhão,Não,Não
Colisão,2008-04-24,09:30,Oeste,"-25.430568, -49.309113",Seco / Dia,Seca,Sim,Sim,Sim,Sim,2,Não,1,1,0,0,Não,Não realizado,Sim,Bicicleta,Sim,Não
Atropelamento,2005-11-03,00:30,Leste,"-25.427503, -49.207976",Neblina / Noite,Seca,Não,Sim,Não,Não,1,Sim,4,5,4,0,Sim,Positivo,Não,Ônibus,Não,Não
Atropelamento,2006-04-24,22:15,Sul,"-25.445536, -49.297443",Chuva / Noite,Seca,Não,Sim,Sim,Sim,2,Não,1,3,2,1,Sim,Positivo,Sim,Ônibus,Sim,Não
Queda de moto,2015-09-25,12:30,Leste,"-25.426152, -49.221930",Seco / Dia,Escorregadia,Sim,Não,Não,Não,1,Sim,3,1,0,0,Não,Não realizado,Não,Ônibus,Não,Não
Capotamento,2015-03-29,07:30,Leste,"-25.418427, -49.206372",Chuva / Dia,Seca,Não,Sim,Sim,Não,1,Sim,2,1,0,0,Não,Não realizado,Sim,Ônibus,Não,Não
Queda de moto,2015-04-16,20:00,Sul,"-25.443904, -49.282644",Seco / Noite,Seca,Não,Sim,Sim,Sim,3,Não,1,4,4,0,Não,Não realizado,Não,Carro,Não,Não
Atropelamento,2019-06-11,09:15,Sul,"-25.456540, -49.296998",Neblina / Dia,Escorregadia,Não,Não,Sim,Não,1,Sim,2,5,4,0,Não,Não realizado,Sim,Moto,Sim,Não
Queda de moto,2021-11-09,12:15,Centro,"-25.425861, -49.287137",Seco / Dia,Molhada,Não,Sim,Sim,Não,1,Não,1,1,1,0,Não,Não realizado,Sim,Carro,Sim,Não
Capotamento,2013-06-07,16:15,Norte,"-25.407653, -49.244994",Seco / Dia,Escorregadia,Sim,Sim,Não,Não,1,Não,1,3,1,0,Não,Não realizado,Sim,Caminhão,Não,Não
Colisão,2025-10-08,14:30,Norte,"-25.407830, -49.245753",Chuva / Dia,Escorregadia,Sim,Sim,Não,Não,1,Sim,4,3,2,2,Não,Não realizado,Sim,Ônibus,Não,Não
Colisão,2025-04-30,01:45,Sul,"-25.440877, -49.297017",Seco / Noite,Seca,Sim,Sim,Não,Não,1,Sim,4,1,1,0,Não,Não realizado,Sim,Ônibus,Sim,Não
Atropelamento,2011-07-17,00:00,Norte,"-25.407252, -49.258042",Seco / Noite,Molhada,Não,Sim,Não,Sim,3,Não,1,2,2,0,Não,Não realizado,Não,Bicicleta,Não,Não
Capotamento,2022-09-25,00:15,Oeste,"-25.421782, -49.324016",Neblina / Noite,Escorregadia,Sim,Sim,Sim,Sim,3,Não,1,1,1,0,Sim,Positivo,Sim,Bicicleta,Não,Não
Colisão,2011-02-15,05:45,Centro,"-25.419591, -49.277646",Seco / Noite,Escorregadia,Não,Sim,Sim,Não,1,Sim,4,1,0,0,Não,Não realizado,Sim,Ônibus,Sim,Não
Colisão,2012-01-11,06:00,Sul,"-25.446522, -49.310260",Chuva / Dia,Seca,Não,Não,Não,Não,1,Não,1,1,1,0,Não,Não realizado,Não,Moto,Não,Não
Queda de moto,2025-12-03,06:30,Leste,"-25.420762, -49.226098",Seco / Dia,Escorregadia,Não,Sim,Não,Sim,2,Sim,4,1,0,0,Sim,Negativo,Sim,Ônibus,Não,Sim
Atropelamento,2015-11-10,16:15,Centro,"-25.422066, -49.266537",Seco / Dia,Molhada,Sim,Não,Não,Não,1,Sim,3,5,4,0,Sim,Negativo,Sim,Caminhão,Não,Não
Atropelamento,2018-10-16,12:30,Sul,"-25.459818, -49.292610",Seco / Dia,Escorregadia,Sim,Sim,Sim,Sim,3,Sim,3,2,2,0,Sim,Negativo,Sim,Carro,Não,Não
Colisão,2010-08-31,22:30,Centro,"-25.432834, -49.263550",Seco / Noite,Molhada,Não,Sim,Não,Sim,4,Sim,2,1,1,0,Sim,Negativo,Não,Ônibus,Sim,Não
Atropelamento,2020-07-24,14:00,Centro,"-25.418496, -49.263653",Seco / Dia,Molhada,Não,Não,Sim,Não,1,Não,1,4,3,0,Sim,Positivo,Sim,Carro,Não,Não
Queda de moto,2016-05-23,14:15,Sul,"-25.477108, -49.284340",Seco / Dia,Escorregadia,Sim,Sim,Não,Não,1,Não,1,2,2,0,Sim,Positivo,Sim,Ônibus,Não,Não
Colisão,2015-05-01,06:30,Leste,"-25.428587, -49.249212",Chuva / Dia,Escorregadia,Sim,Sim,Sim,Não,1,Não,1,2,1,0,Não,Não realizado,Sim,Bicicleta,Não,Não
Colisão,2023-06-08,01:30,Centro,"-25.433099, -49.265066",Seco / Noite,Molhada,Não,Sim,Não,Sim,4,Sim,5,3,0,0,Não,Não realizado,Sim,Caminhão,Sim,Não
Atropelamento,2018-04-17,08:45,Centro,"-25.427693, -49.286932",Seco / Dia,Escorregadia,Não,Não,Não,Sim,3,Não,1,5,0,0,Não,Não realizado,Não,Caminhão,Não,Não