TIPO DE ACIDENTE,DATA,HORA,REGIÃO,COORDENADA GEOGRÁFICA,SITUAÇÃO CLIMÁTICA/LUMINOSIDADE,CONDIÇÕES DA SUPERFÍCIE DE ROLAMENTO,POSSUI SINALIZAÇÃO HORIZONTAL,POSSUI SINALIZAÇÃO VERTICAL,PRÓXIMO A EQUIPO ELETRÔNICO,HOUVE OUTROS VEÍCULOS ENVOLVIDOS,QUANTOS VEÍCULOS,HAVIA OUTROS OCUPANTES NO VEÍCULO,QUANTOS OCUPANTES,ENVOLVIDOS,FERIDOS,ÓBITOS,FOI REALIZADO O TESTE DE BAFÔMETRO,QUAL O RESULTADO,POSSUI HABILITAÇÃO,VEÍCULO TIPO,HOUVE DANOS AO PATRIMÔNIO PÚBLICO?,HOUVE DANOS AO MEIO AMBIENTE?
Colisão,2022-04-03,13:15,Leste,"-25.416756, -49.239226",Chuva / Dia,Seca,Sim,Não,Não,Não,1,Sim,2,1,0,0,Não,Não realizado,Sim,Ônibus,Sim,Não
Colisão,2023-10-17,05:45,Oeste,"-25.429517, -49.329795",Chuva / Noite,Seca,Sim,Sim,Sim,Não,1,Não,1,1,1,0,Não,Não realizado,Sim,Caminhão,Sim,Não
Queda de moto,2005-03-28,02:15,Oeste,"-25.432543, -49.304187",Seco / Noite,Seca,Não,Não,Sim,Sim,2,Não,1,5,1,0,Não,Não realizado,Sim,Caminhão,Não,Não
Queda de moto,2024-02-16,22:15,Oeste,"-25.421074, -49.309872",Seco / Noite,Molhada,Não,Sim,Sim,Sim,3,Sim,3,1,1,0,Não,Não realizado,Sim,Carro,Sim,Não
Queda de moto,2022-06-24,17:00,Norte,"-25.404466, -49.275598",Seco / Dia,Escorregadia,Sim,Sim,Sim,Não,1,Não,1,2,2,0,Sim,Negativo,Sim,Ônibus,Não,Não
Colisão,2015-02-16,13:45,Leste,"-25.437202, -49.210619",Seco / Dia,Escorregadia,Não,Não,Sim,Não,1,Sim,3,2,2,0,Não,Não realizado,Sim,Carro,Não,Não
Colisão,2020-01-16,21:15,Leste,"-25.412174, -49.215156",Seco / Noite,Molhada,Não,Não,Sim,Não,1,Sim,2,2,2,0,Sim,Negativo,Não,Carro,Sim,Não
Colisão,2022-05-10,12:30,Sul,"-25.469590, -49.308741",Neblina / Dia,Seca,Não,Sim,Sim,Não,1,Sim,4,1,0,0,Não,Não realizado,Sim,Bicicleta,Não,Não
Colisão,2006-09-19,13:30,Norte,"-25.401101, -49.278551",Seco / Dia,Seca,Sim,Não,Sim,Não,1,Sim,5,1,1,0,Não,Não realizado,Sim,Caminhão,Não,Não
Colisão,2010-05-05,13:15,Oeste,"-25.428411, -49.315171",Seco / Dia,Seca,Sim,Sim,Não,Sim,2,Não,1,3,0,0,Sim,Negativo,Sim,Carro,Sim,Não
Colisão,2011-02-04,10:45,Centro,"-25.417471, -49.261435",Seco / Dia,Escorregadia,Não,Não,Sim,Não,1,Não,1,2,1,0,Não,Não realizado,Sim,Bicicleta,Sim,Não
Atropelamento,2006-06-22,11:30,Leste,"-25.437729, -49.211135",Seco / Dia,Molhada,Não,Sim,Sim,Não,1,Não,1,2,2,0,Não,Não realizado,Sim,Caminhão,Não,Não
Queda de moto,2021-12-11,04:30,Sul,"-25.457591, -49.299962",Neblina / Noite,Escorregadia,Não,Sim,Não,Sim,2,Sim,5,1,1,0,Sim,Positivo,Sim,Carro,Sim,Não
Queda de moto,2014-09-09,22:30,Norte,"-25.394630, -49.273992",Neblina / Noite,Escorregadia,Não,Não,Sim,Não,1,Sim,2,4,2,0,Não,Não realizado,Sim,Carro,Não,Não
Atropelamento,2009-09-02,19:45,Leste,"-25.432484, -49.204917",Seco / Noite,Escorregadia,Não,Não,Sim,Não,1,Não,1,4,0,0,Não,Não realizado,Sim,Carro,Não,Não
Colisão,2006-01-04,19:30,Norte,"-25.394222, -49.254373",Seco / Noite,Escorregadia,Não,Sim,Não,Não,1,Não,1,2,0,0,Sim,Positivo,Sim,Caminhão,Sim,Não
Colisão,2015-06-17,09:15,Leste,"-25.418268, -49.203449",Seco / Dia,Escorregadia,Não,Não,Sim,Sim,3,Não,1,1,1,0,Não,Não realizado,Sim,Caminhão,Sim,Não
Colisão,2017-08-08,06:30,Oeste,"-25.426139, -49.320399",Seco / Dia,Seca,Não,Sim,Não,Não,1,Não,1,2,0,0,Não,Não realizado,Sim,Bicicleta,Sim,Não
Colisão,2022-04-10,02:00,Leste,"-25.429311, -49.212444",Seco / Noite,Molhada,Não,Não,Sim,Não,1,Sim,3,1,0,0,Não,Não realizado,Sim,Bicicleta,Sim,Não
Colisão,2020-02-21,05:00,Norte,"-25.409423, -49.267392",Seco / Noite,Molhada,Não,Sim,Não,Não,1,Não,1,1,1,0,Não,Não realizado,Sim,Ônibus,Não,Não
Colisão,2010-07-31,12:15,Leste,"-25.438661, -49.240133",Chuva / Dia,Molhada,Sim,Sim,Não,Não,1,Sim,5,5,2,0,Sim,Positivo,Sim,Bicicleta,Sim,Não
Colisão,2006-12-19,09:00,Oeste,"-25.436910, -49.315724",Seco / Dia,Escorregadia,Não,Não,Não,Não,1,Sim,2,1,0,0,Não,Não realizado,Não,Bicicleta,Não,Não
Atropelamento,2009-04-04,20:30,Centro,"-25.434597, -49.266488",Seco / Noite,Seca,Sim,Não,Sim,Sim,4,Sim,5,2,1,0,Não,Não realizado,Sim,Caminhão,Não,Não
Colisão,2017-02-04,02:30,Sul,"-25.474875, -49.314234",Seco / Noite,Molhada,Não,Não,Sim,Não,1,Não,1,3,2,2,Não,Não realizado,Não,Moto,Sim,Não
Capotamento,2017-12-31,12:30,Norte,"-25.388979, -49.262638",Seco / Dia,Escorregadia,Não,Não,Sim,Não,1,Sim,3,1,1,0,Não,Não realizado,Sim,Caminhão,Sim,Não
Colisão,2013-09-17,18:30,Leste,"-25.429626, -49.223630",Seco / Dia,Molhada,Não,Sim,Não,Não,1,Sim,2,2,1,0,Sim,Positivo,Sim,Ônibus,Não,Não
Colisão,2016-02-28,15:15,Oeste,"-25.437803, -49.337117",Chuva / Dia,Escorregadia,Sim,Sim,Sim,Sim,2,Sim,4,3,3,0,Não,Não realizado,Sim,Ônibus,Sim,Não
Atropelamento,2020-04-19,03:00,Leste,"-25.418202, -49.208806",Seco / Noite,Seca,Sim,Não,Sim,Não,1,Sim,2,4,0,0,Não,Não realizado,Sim,Moto,Sim,Não
Atropelamento,2025-08-09,19:45,Norte,"-25.389651, -49.262822",Chuva / Noite,Molhada,Sim,Não,Não,Não,1,Sim,5,3,2,0,Não,Não realizado,Sim,Caminhão,Não,Não
Atropelamento,2013-05-01,23:45,Oeste,"-25.432808, -49.329198",Seco / Noite,Molhada,Sim,Sim,Não,Sim,4,Sim,4,3,3,0,Não,Não realizado,Sim,Caminhão,Sim,Não
Capotamento,2008-03-25,12:45,Norte,"-25.385343, -49.285050",Chuva / Dia,Molhada,Sim,Sim,Sim,Não,1,Sim,5,3,3,0,Não,Não realizado,Sim,Bicicleta,Não,Não
Colisão,2012-01-14,07:30,Norte,"-25.389897, -49.240568",Chuva / Dia,Escorregadia,Não,Não,Sim,Sim,2,Sim,2,2,0,0,Não,Não realizado,Sim,Bicicleta,Não,Não
Colisão,2022-10-05,19:30,Sul,"-25.467255, -49.297549",Neblina / Noite,Seca,Sim,Sim,Sim,Não,1,Não,1,3,3,0,Não,Não realizado,Sim,Moto,Sim,Não
Queda de moto,2021-04-18,04:30,Centro,"-25.428026, -49.279297",Seco / Noite,Escorregadia,Não,Sim,Não,Sim,3,Não,1,1,1,0,Não,Não realizado,Sim,Bicicleta,Não,Não
Colisão,2016-04-09,19:15,Sul,"-25.460968, -49.291830",Chuva / Noite,Seca,Sim,Não,Não,Sim,2,Sim,2,2,2,0,Sim,Negativo,Sim,Caminhão,Não,Não
Colisão,2013-04-16,23:00,Oeste,"-25.437799, -49.328747",Seco / Noite,Seca,Sim,Não,Não,Sim,2,Não,1,1,1,0,Não,Não realizado,Sim,Caminhão,Sim,Não
Colisão,2024-10-07,23:30,Sul,"-25.441783, -49.317920",Seco / Noite,Seca,Sim,Sim,Não,Não,1,Sim,5,2,1,0,Não,Não realizado,Sim,Ônibus,Não,Não
Colisão,2010-04-27,23:00,Leste,"-25.416505, -49.242489",Seco / Noite,Escorregadia,Sim,Não,Não,Não,1,Não,1,1,1,0,Sim,Negativo,Sim,Caminhão,Sim,Não
Colisão,2017-08-01,03:00,Norte,"-25.392035, -49.287142",Seco / Noite,Molhada,Sim,Sim,Não,Sim,4,Sim,2,1,0,0,Não,Não realizado,Sim,Carro,Sim,Não
Queda de moto,2019-04-29,04:00,Norte,"-25.408486, -49.281042",Seco / Noite,Escorregadia,Sim,Sim,Não,Sim,4,Não,1,2,0,0,Não,Não realizado,Sim,Ônibus,Não,Não
Queda de moto,2010-10-26,11:45,Leste,"-25.426991, -49.217085",Seco / Dia,Escorregadia,Não,Sim,Sim,Sim,3,Não,1,2,1,0,Não,Não realizado,Sim,Caminhão,Não,Não
Colisão,2008-01-17,06:00,Oeste,"-25.423236, -49.316202",Chuva / Dia,Molhada,Sim,Sim,Não,Não,1,Sim,2,2,1,0,Não,Não realizado,Sim,Bicicleta,Sim,Não
Colisão,2010-04-10,15:00,Norte,"-25.394798, -49.259991",Chuva / Dia,Seca,Sim,Sim,Não,Sim,2,Não,1,1,1,0,Sim,Negativo,Sim,Ônibus,Não,Não
Colisão,2005-08-14,21:30,Sul,"-25.447244, -49.291964",Chuva / Noite,Seca,Sim,Não,Sim,Sim,4,Sim,4,3,2,0,Sim,Negativo,Sim,Moto,Sim,Não
Colisão,2015-09-13,15:45,Leste,"-25.431754, -49.246234",Neblina / Dia,Molhada,Não,Sim,Sim,Não,1,Sim,4,1,1,0,Sim,Positivo,Sim,Carro,Não,Não
Capotamento,2021-01-28,07:00,Norte,"-25.392987, -49.268563",Chuva / Dia,Seca,Não,Sim,Sim,Sim,3,Sim,2,1,1,0,Sim,Negativo,Sim,Moto,Não,Não
Colisão,2005-06-13,22:30,Oeste,"-25.418592, -49.328965",Seco / Noite,Molhada,Não,Sim,Sim,Sim,2,Não,1,1,1,0,Sim,Positivo,Sim,Moto,Não,Não
Colisão,2020-06-08,02:45,Centro,"-25.412745, -49.268720",Chuva / Noite,Molhada,Sim,Não,Não,Sim,4,Sim,3,2,0,0,Sim,Positivo,Sim,Carro,Sim,Não
Colisão,2011-06-06,13:00,Leste,"-25.435383, -49.208660",Chuva / Dia,Seca,Não,Sim,Não,Não,1,Não,1,1,1,0,Sim,Positivo,Sim,Moto,Sim,Não
Queda de moto,2009-02-10,22:30,Norte,"-25.381940, -49.244110",Seco / Noite,Molhada,Sim,Não,Não,Não,1,Sim,2,4,1,0,Não,Não realizado,Sim,Bicicleta,Não,Sim
Colisão,2011-04-20,11:30,Oeste,"-25.432562, -49.314294",Seco / Dia,Molhada,Sim,Não,Não,Sim,4,Sim,2,2,0,0,Sim,Positivo,Sim,Ônibus,Sim,Não
Capotamento,2009-03-09,22:30,Leste,"-25.431140, -49.213275",Seco / Noite,Escorregadia,Sim,Sim,Sim,Não,1,Não,1,3,0,0,Não,Não realizado,Sim,Caminhão,Sim,Não
Colisão,2020-04-22,09:15,Sul,"-25.477574, -49.306922",Chuva / Dia,Seca,Não,Não,Sim,Não,1,Sim,4,2,0,0,Não,Não realizado,Sim,Carro,Sim,Não
Colisão,2013-01-22,04:00,Centro,"-25.425578, -49.277507",Seco / Noite,Seca,Sim,Não,Não,Não,1,Não,1,1,0,0,Não,Não realizado,Sim,Caminhão,Sim,Não
Queda de moto,2019-07-08,14:30,Centro,"-25.419831, -49.264413",Seco / Dia,Escorregadia,Sim,Não,Sim,Não,1,Não,1,4,1,0,Sim,Negativo,Sim,Ônibus,Não,Não
Atropelamento,2014-07-07,18:15,Leste,"-25.418828, -49.201582",Seco / Dia,Escorregadia,Não,Sim,Sim,Sim,4,Sim,2,5,0,0,Não,Não realizado,Sim,Carro,Sim,Sim
Colisão,2019-07-21,18:45,Centro,"-25.436782, -49.279484",Seco / Dia,Escorregadia,Não,Não,Sim,Sim,4,Não,1,3,1,0,Sim,Positivo,Sim,Bicicleta,Sim,Não
Atropelamento,2008-08-21,06:15,Leste,"-25.435760, -49.213283",Seco / Dia,Escorregadia,Sim,Sim,Sim,Sim,4,Não,1,3,2,0,Sim,Positivo,Sim,Bicicleta,Não,Não
Queda de moto,2016-12-23,08:15,Leste,"-25.426113, -49.217118",Seco / Dia,Molhada,Sim,Sim,Não,Não,1,Sim,4,1,0,0,Não,Não realizado,Sim,Bicicleta,Sim,Sim
Colisão,2015-06-20,05:30,Leste,"-25.425615, -49.206857",Chuva / Noite,Molhada,Sim,Não,Sim,Sim,2,Sim,4,2,2,0,Não,Não realizado,Sim,Ônibus,Sim,Não
Colisão,2024-08-08,03:30,Norte,"-25.397939, -49.261014",Seco / Noite,Molhada,Não,Sim,Não,Sim,3,Sim,4,1,1,0,Não,Não realizado,Sim,Ônibus,Sim,Não
Queda de moto,2013-08-09,18:00,Oeste,"-25.412231, -49.322508",Seco / Dia,Molhada,Não,Sim,Sim,Sim,3,Sim,5,1,1,0,Não,Não realizado,Sim,Moto,Não,Não
Colisão,2018-09-07,21:00,Leste,"-25.413900, -49.210187",Seco / Noite,Molhada,Sim,Sim,Não,Sim,2,Sim,4,2,2,1,Sim,Positivo,Não,Ônibus,Não,Não
Queda de moto,2005-07-28,20:15,Leste,"-25.428749, -49.213165",Seco / Noite,Seca,Não,Não,Sim,Não,1,Sim,4,4,3,0,Não,Não realizado,Sim,Bicicleta,Sim,Não
Atropelamento,2012-02-02,15:00,Oeste,"-25.425009, -49.321439",Chuva / Dia,Escorregadia,Sim,Não,Sim,Sim,3,Não,1,5,0,0,Sim,Negativo,Sim,Caminhão,Não,Não
Colisão,2017-12-23,21:45,Leste,"-25.427002, -49.218506",Chuva / Noite,Molhada,Sim,Sim,Sim,Não,1,Sim,4,1,1,0,Sim,Negativo,Sim,Bicicleta,Sim,Não
Atropelamento,2021-09-25,04:15,Leste,"-25.429382, -49.225926",Seco / Noite,Escorregadia,Não,Não,Sim,Não,1,Sim,3,2,0,0,Sim,Negativo,Sim,Carro,Não,Não
Capotamento,2024-01-11,07:30,Sul,"-25.443745, -49.311222",Seco / Dia,Escorregadia,Não,Sim,Sim,Não,1,Não,1,1,1,0,Sim,Negativo,Sim,Carro,Sim,Não
Colisão,2005-09-08,01:30,Oeste,"-25.434453, -49.316156",Seco / Noite,Escorregadia,Não,Sim,Sim,Não,1,Não,1,2,2,2,Não,Não realizado,Sim,Caminhão,Sim,Não
Atropelamento,2022-05-16,00:30,Sul,"-25.467470, -49.280423",Seco / Noite,Seca,Não,Não,Não,Sim,3,Não,1,3,3,0,Não,Não realizado,Sim,Moto,Não,Não
Atropelamento,2016-03-26,23:45,Sul,"-25.473423, -49.299542",Seco / Noite,Seca,Sim,Sim,Sim,Sim,3,Não,1,5,4,0,Não,Não realizado,Sim,Ônibus,Não,Não
Colisão,2025-10-21,14:00,Leste,"-25.421632, -49.227575",Chuva / Dia,Escorregadia,Sim,Não,Sim,Sim,4,Não,1,2,2,0,Não,Não realizado,Sim,Bicicleta,Sim,Não
Queda de moto,2017-06-02,05:45,Leste,"-25.426654, -49.225157",Seco / Noite,Escorregadia,Não,Não,Não,Não,1,Sim,5,2,2,0,Não,Não realizado,Sim,Bicicleta,Sim,Não
Colisão,2019-02-28,23:00,Oeste,"-25.431238, -49.302595",Chuva / Noite,Seca,Não,Não,Não,Sim,4,Não,1,2,2,0,Sim,Negativo,Sim,Ônibus,Sim,Não
Colisão,2011-11-26,03:30,Oeste,"-25.435290, -49.339239",Seco / Noite,Seca,Sim,Sim,Não,Sim,3,Sim,2,1,0,0,Não,Não realizado,Sim,Ônibus,Não,Não
Capotamento,2019-08-14,00:00,Norte,"-25.398383, -49.273668",Seco / Noite,Molhada,Sim,Não,Não,Não,1,Sim,2,1,0,0,Não,Não realizado,Sim,Carro,Não,Não
Colisão,2006-11-16,14:15,Oeste,"-25.431545, -49.318874",Seco / Dia,Molhada,Sim,Não,Não,Sim,2,Não,1,1,1,0,Não,Não realizado,Sim,Carro,Não,Não
Queda de moto,2010-08-12,20:30,Sul,"-25.474948, -49.285950",Chuva / Noite,Molhada,Sim,Sim,Não,Sim,2,Sim,4,4,1,0,Não,Não realizado,Sim,Moto,Não,Não
Atropelamento,2016-02-13,00:15,Oeste,"-25.438046, -49.335584",Seco / Noite,Seca,Não,Não,Sim,Sim,4,Não,1,4,4,0,Não,Não realizado,Sim,Bicicleta,Sim,Não
Queda de moto,2014-05-28,17:00,Norte,"-25.401402, -49.273964",Chuva / Dia,Molhada,Não,Sim,Sim,Sim,3,Sim,2,1,1,0,Não,Não realizado,Não,Caminhão,Sim,Não
Atropelamento,2005-06-18,20:00,Norte,"-25.405971, -49.255631",Seco / Noite,Molhada,Não,Não,Não,Não,1,Sim,2,4,3,0,Sim,Negativo,Sim,Ônibus,Sim,Não
Colisão,2010-08-19,07:15,Leste,"-25.421210, -49.234148",Seco / Dia,Seca,Sim,Não,Sim,Não,1,Não,1,2,1,0,Sim,Positivo,Sim,Caminhão,Sim,Não
Capotamento,2024-03-03,11:15,Centro,"-25.426344, -49.270776",Seco / Dia,Molhada,Não,Não,Não,Não,1,Não,1,3,0,0,Não,Não realizado,Sim,Caminhão,Não,Não
Colisão,2006-08-12,03:30,Norte,"-25.388964, -49.262128",Seco / Noite,Seca,Sim,Não,Sim,Sim,3,Sim,4,1,0,0,Não,Não realizado,Sim,Ônibus,Não,Não
Colisão,2005-09-02,20:30,Centro,"-25.427279, -49.262512",Chuva / Noite,Escorregadia,Sim,Não,Não,Sim,4,Sim,2,1,1,0,Não,Não realizado,Sim,Carro,Não,Não
Atropelamento,2016-06-02,12:00,Leste,"-25.417681, -49.239902",Chuva / Dia,Molhada,Sim,Sim,Não,Não,1,Sim,5,4,1,0,Sim,Positivo,Sim,Moto,Sim,Não
Capotamento,2006-06-24,06:15,Norte,"-25.398366, -49.244022",Chuva / Dia,Seca,Não,Não,Não,Sim,3,Não,1,1,1,0,Sim,Positivo,Sim,Moto,Não,Sim
Capotamento,2020-04-11,21:30,Centro,"-25.419994, -49.289458",Seco / Noite,Seca,Sim,Sim,Sim,Sim,3,Sim,2,3,2,0,Não,Não realizado,Não,Carro,Sim,Não
Atropelamento,2006-11-29,18:45,Oeste,"-25.429334, -49.302644",Chuva / Dia,Seca,Sim,Não,Sim,Sim,4,Não,1,5,5,0,Não,Não realizado,Sim,Ônibus,Sim,Não
Capotamento,2012-09-05,23:15,Centro,"-25.432682, -49.289213",Seco / Noite,Seca,Sim,Não,Sim,Não,1,Sim,3,1,1,0,Não,Não realizado,Sim,Moto,Sim,Não
Colisão,2007-04-20,00:00,Leste,"-25.438796, -49.226882",Chuva / Noite,Escorregadia,Não,Não,Sim,Sim,3,Não,1,1,0,0,Não,Não realizado,Sim,Ônibus,Sim,Não
Atropelamento,2010-08-12,07:30,Centro,"-25.429480, -49.260452",Neblina / Dia,Molhada,Sim,Não,Sim,Não,1,Sim,2,2,0,0,Sim,Negativo,Sim,Ônibus,Sim,Não
Queda de moto,2023-06-24,03:45,Centro,"-25.414243, -49.273786",Seco / Noite,Seca,Sim,Sim,Sim,Não,1,Sim,2,2,1,0,Sim,Positivo,Sim,Carro,Não,Não
Queda de moto,2010-08-06,11:45,Sul,"-25.469026, -49.282062",Seco / Dia,Escorregadia,Sim,Sim,Não,Sim,4,Não,1,1,1,0,Não,Não realizado,Sim,Caminhão,Não,Não
Colisão,2008-04-28,08:30,Norte,"-25.380806, -49.262613",Seco / Dia,Escorregadia,Sim,Sim,Sim,Não,1,Sim,5,2,1,0,Não,Não realizado,Sim,Bicicleta,Sim,Não
Colisão,2025-05-23,09:15,Norte,"-25.406969, -49.248539",Neblina / Dia,Escorregadia,Sim,Sim,Sim,Não,1,Sim,5,1,1,0,Não,Não realizado,Sim,Carro,Não,Não
Queda de moto,2018-01-23,02:15,Centro,"-25.413356, -49.275242",Seco / Noite,Seca,Não,Sim,Sim,Não,1,Sim,5,3,1,0,Não,Não realizado,Sim,Caminhão,Sim,Não
Colisão,2012-01-17,06:30,Centro,"-25.412151, -49.269941",Seco / Dia,Escorregadia,Não,Não,Não,Sim,3,Sim,2,1,0,0,Sim,Positivo,Não,Caminhão,Sim,Não
Colisão,2013-06-30,06:15,Leste,"-25.426757, -49.247963",Seco / Dia,Escorregadia,Não,Não,Sim,Sim,4,Sim,2,2,0,0,Não,Não realizado,Sim,Ônibus,Sim,Não
Atropelamento,2020-05-20,17:45,Oeste,"-25.421484, -49.306611",Seco / Dia,Seca,Não,Não,Não,Sim,3,Não,1,4,0,0,Não,Não realizado,Sim,Caminhão,Sim,Não
Colisão,2008-04-12,01:15,Centro,"-25.433169, -49.269001",Chuva / Noite,Seca,Não,Sim,Sim,Sim,3,Sim,3,1,1,0,Não,Não realizado,Sim,Carro,Não,Não
Colisão,2010-12-20,16:30,Centro,"-25.433034, -49.287431",Seco / Dia,Molhada,Não,Sim,Sim,Não,1,Sim,4,1,1,0,Sim,Negativo,Sim,Ônibus,Não,Não
Colisão,2022-06-02,03:45,Centro,"-25.414899, -49.270743",Seco / Noite,Seca,Não,Sim,Não,Sim,2,Não,1,1,1,0,Não,Não realizado,Sim,Ônibus,Não,Não
Colisão,2019-05-18,03:30,Norte,"-25.404369, -49.277111",Seco / Noite,Escorregadia,Não,Sim,Não,Não,1,Sim,3,3,3,0,Sim,Positivo,Sim,Caminhão,Não,Sim
Queda de moto,2024-04-10,01:15,Oeste,"-25.439339, -49.309724",Chuva / Noite,Escorregadia,Sim,Não,Sim,Não,1,Sim,2,1,0,0,Sim,Positivo,Sim,Moto,Sim,Não
Atropelamento,2020-06-29,06:45,Norte,"-25.385803, -49.246312",Chuva / Dia,Escorregadia,Não,Não,Sim,Sim,4,Não,1,5,2,0,Sim,Positivo,Sim,Caminhão,Não,Não
Colisão,2010-11-26,17:15,Norte,"-25.385726, -49.279963",Seco / Dia,Seca,Sim,Sim,Não,Não,1,Não,1,1,0,0,Não,Não realizado,Sim,Ônibus,Sim,Não
Colisão,2007-11-20,12:00,Oeste,"-25.423793, -49.325482",Seco / Dia,Escorregadia,Não,Sim,Não,Sim,2,Não,1,4,0,0,Sim,Positivo,Sim,Caminhão,Não,Sim
Atropelamento,2008-12-17,20:30,Norte,"-25.381198, -49.259592",Chuva / Noite,Molhada,Não,Sim,Sim,Sim,4,Não,1,5,4,0,Não,Não realizado,Sim,Ônibus,Sim,Não
Atropelamento,2007-09-16,02:45,Leste,"-25.419717, -49.238969",Seco / Noite,Escorregadia,Não,Não,Sim,Sim,4,Não,1,2,2,0,Não,Não realizado,Sim,Ônibus,Sim,Sim
Capotamento,2021-02-15,19:00,Sul,"-25.445522, -49.295181",Chuva / Noite,Escorregadia,Não,Não,Não,Sim,2,Sim,2,3,0,0,Não,Não realizado,Sim,Caminhão,Sim,Não
Colisão,2005-02-01,19:15,Sul,"-25.461519, -49.288857",Chuva / Noite,Molhada,Sim,Sim,Sim,Sim,2,Não,1,2,0,0,Não,Não realizado,Não,Ônibus,Sim,Não
Colisão,2018-04-17,08:45,Norte,"-25.389743, -49.283700",Seco / Dia,Seca,Não,Sim,Sim,Sim,4,Não,1,2,1,0,Sim,Negativo,Não,Caminhão,Sim,Não
Colisão,2020-12-21,23:15,Centro,"-25.435358, -49.280026",Seco / Noite,Escorregadia,Não,Não,Sim,Sim,3,Não,1,2,1,0,Não,Não realizado,Sim,Ônibus,Não,Não
Atropelamento,2025-12-11,12:30,Norte,"-25.397813, -49.275016",Chuva / Dia,Molhada,Não,Sim,Sim,Sim,2,Não,1,3,2,0,Não,Não realizado,Sim,Ônibus,Sim,Não
Atropelamento,2007-09-05,07:45,Oeste,"-25.410149, -49.338799",Chuva / Dia,Molhada,Não,Não,Sim,Sim,3,Não,1,2,2,0,Não,Não realizado,Sim,Carro,Não,Sim
Colisão,2018-05-05,20:15,Oeste,"-25.434536, -49.330847",Chuva / Noite,Molhada,Não,Sim,Não,Sim,4,Sim,2,3,2,0,Não,Não realizado,Sim,Caminhão,Sim,Não
Capotamento,2013-10-16,02:00,Oeste,"-25.430079, -49.318428",Chuva / Noite,Escorregadia,Não,Sim,Sim,Sim,2,Sim,4,5,0,0,Não,Não realizado,Sim,Carro,Sim,Não
Colisão,2021-05-17,03:15,Centro,"-25.422934, -49.288852",Chuva / Noite,Molhada,Sim,Não,Sim,Não,1,Não,1,2,1,0,Não,Não realizado,Sim,Caminhão,Não,Não
Colisão,2008-02-15,02:00,Sul,"-25.458227, -49.289828",Seco / Noite,Seca,Sim,Sim,Sim,Não,1,Não,1,1,1,0,Não,Não realizado,Sim,Ônibus,Não,Não
Colisão,2009-02-23,05:15,Centro,"-25.410804, -49.278331",Seco / Noite,Molhada,Não,Sim,Não,Sim,3,Sim,4,2,2,0,Não,Não realizado,Sim,Bicicleta,Não,Não
Colisão,2011-01-28,03:30,Leste,"-25.425022, -49.249127",Seco / Noite,Seca,Não,Não,Não,Sim,3,Não,1,3,3,0,Sim,Positivo,Sim,Ônibus,Sim,Não
Queda de moto,2013-09-21,18:45,Norte,"-25.399534, -49.274917",Seco / Dia,Molhada,Sim,Sim,Sim,Sim,4,Não,1,4,1,0,Não,Não realizado,Não,Carro,Sim,Não
Colisão,2025-07-05,07:45,Sul,"-25.444767, -49.289660",Seco / Dia,Molhada,Sim,Sim,Sim,Não,1,Sim,2,5,5,0,Não,Não realizado,Sim,Moto,Não,Não
Atropelamento,2008-06-25,23:00,Centro,"-25.412527, -49.286430",Seco / Noite,Escorregadia,Sim,Sim,Sim,Sim,2,Sim,4,5,2,0,Não,Não realizado,Sim,Carro,Não,Não
Queda de moto,2012-02-26,08:00,Leste,"-25.410423, -49.215973",Seco / Dia,Seca,Sim,Sim,Sim,Não,1,Não,1,2,1,0,Sim,Positivo,Sim,Moto,Não,Não
Queda de moto,2016-10-09,08:00,Sul,"-25.458469, -49.300412",Chuva / Dia,Seca,Sim,Não,Sim,Sim,3,Sim,3,1,1,1,Sim,Negativo,Sim,Carro,Não,Não
Atropelamento,2006-05-25,20:15,Leste,"-25.419767, -49.244879",Seco / Noite,Seca,Sim,Não,Não,Sim,4,Não,1,5,4,0,Não,Não realizado,Sim,Caminhão,Não,Não
Colisão,2023-09-21,06:45,Oeste,"-25.438713, -49.331690",Seco / Dia,Escorregadia,Sim,Sim,Sim,Sim,4,Sim,5,2,2,0,Não,Não realizado,Sim,Moto,Sim,Não
Capotamento,2013-09-09,07:00,Leste,"-25.431327, -49.236116",Chuva / Dia,Molhada,Não,Não,Sim,Não,1,Não,1,3,1,0,Sim,Positivo,Sim,Ônibus,Não,Não
Queda de moto,2018-05-13,08:30,Centro,"-25.412247, -49.260982",Seco / Dia,Seca,Não,Não,Não,Não,1,Sim,2,5,4,0,Sim,Positivo,Sim,Moto,Não,Não
Atropelamento,2009-02-20,13:15,Oeste,"-25.418036, -49.316651",Neblina / Dia,Seca,Sim,Não,Não,Sim,3,Sim,3,2,2,0,Não,Não realizado,Sim,Moto,Sim,Não
Colisão,2007-04-18,05:00,Sul,"-25.461550, -49.309210",Seco / Noite,Seca,Não,Sim,Sim,Não,1,Sim,2,2,2,0,Não,Não realizado,Sim,Moto,Sim,Não
Colisão,2015-09-07,08:45,Leste,"-25.421619, -49.244899",Seco / Dia,Escorregadia,Não,Sim,Não,Sim,2,Sim,5,2,1,0,Sim,Positivo,Sim,Carro,Sim,Não
Colisão,2019-05-02,03:15,Norte,"-25.399796, -49.262823",Neblina / Noite,Molhada,Não,Não,Sim,Não,1,Não,1,2,0,0,Não,Não realizado,Sim,Ônibus,Não,Não