TIPO DE ACIDENTE,DATA,HORA,REGIÃO,COORDENADA GEOGRÁFICA,SITUAÇÃO CLIMÁTICA/LUMINOSIDADE,CONDIÇÕES DA SUPERFÍCIE DE ROLAMENTO,POSSUI SINALIZAÇÃO HORIZONTAL,POSSUI SINALIZAÇÃO VERTICAL,PRÓXIMO A EQUIPO ELETRÔNICO,HOUVE OUTROS VEÍCULOS ENVOLVIDOS,QUANTOS VEÍCULOS,HAVIA OUTROS OCUPANTES NO VEÍCULO,QUANTOS OCUPANTES,ENVOLVIDOS,FERIDOS,ÓBITOS,FOI REALIZADO O TESTE DE BAFÔMETRO,QUAL O RESULTADO,POSSUI HABILITAÇÃO,VEÍCULO TIPO,HOUVE DANOS AO PATRIMÔNIO PÚBLICO?,HOUVE DANOS AO MEIO AMBIENTE?
Colisão,2023-11-18,00:00,Sul,"-25.479163, -49.285975",Seco / Noite,Molhada,Não,Não,Não,Sim,2,Não,1,1,0,0,Não,Não realizado,Sim,Bicicleta,Sim,Não
Colisão,2012-03-28,12:00,Norte,"-25.394358, -49.273544",Seco / Dia,Seca,Não,Sim,Não,Sim,2,Sim,4,5,2,0,Não,Não realizado,Sim,Moto,Não,Não
Colisão,2010-08-04,21:30,Sul,"-25.449670, -49.282330",Seco / Noite,Escorregadia,Não,Não,Não,Não,1,Não,1,1,1,0,Não,Não realizado,Sim,Carro,Sim,Não
Atropelamento,2010-10-14,01:45,Norte,"-25.398963, -49.284769",Seco / Noite,Seca,Não,Não,Não,Sim,2,Não,1,2,1,0,Não,Não realizado,Sim,Moto,Não,Não
Queda de moto,2011-03-28,20:00,Centro,"-25.432230, -49.277994",Seco / Noite,Escorregadia,Não,Não,Não,Não,1,Sim,2,3,1,0,Não,Não realizado,Sim,Carro,Não,Não
Colisão,2016-11-09,10:15,Sul,"-25.450841, -49.318377",Seco / Dia,Molhada,Não,Sim,Não,Sim,4,Não,1,1,0,0,Não,Não realizado,Sim,Caminhão,Sim,Não
Queda de moto,2009-03-25,02:45,Norte,"-25.393267, -49.261425",Chuva / Noite,Molhada,Não,Sim,Sim,Sim,2,Sim,3,3,1,0,Sim,Negativo,Sim,Bicicleta,Sim,Não
Atropelamento,2011-10-18,04:45,Centro,"-25.425699, -49.264110",Seco / Noite,Escorregadia,Não,Sim,Não,Sim,4,Sim,4,4,1,0,Não,Não realizado,Sim,Ônibus,Sim,Não
Colisão,2008-11-16,04:15,Sul,"-25.441389, -49.289930",Seco / Noite,Escorregadia,Sim,Sim,Sim,Sim,4,Não,1,1,0,0,Não,Não realizado,Não,Carro,Sim,Não
Queda de moto,2005-01-19,01:15,Centro,"-25.424698, -49.277861",Chuva / Noite,Escorregadia,Não,Sim,Sim,Não,1,Sim,4,2,1,0,Sim,Negativo,Sim,Moto,Sim,Não
Queda de moto,2005-05-21,14:45,Centro,"-25.423460, -49.285647",Seco / Dia,Molhada,Sim,Não,Sim,Não,1,Não,1,1,1,0,Sim,Positivo,Sim,Bicicleta,Sim,Não
Atropelamento,2019-02-15,00:00,Leste,"-25.426261, -49.240228",Seco / Noite,Seca,Sim,Sim,Sim,Sim,4,Não,1,3,3,0,Sim,Positivo,Sim,Bicicleta,Sim,Não
Atropelamento,2006-12-10,12:45,Norte,"-25.383661, -49.273944",Seco / Dia,Molhada,Não,Sim,Não,Sim,3,Não,1,2,0,0,Não,Não realizado,Sim,Moto,Sim,Não
Colisão,2008-05-12,01:00,Sul,"-25.478263, -49.304856",Seco / Noite,Seca,Não,Não,Sim,Não,1,Não,1,1,0,0,Sim,Negativo,Sim,Ônibus,Não,Não
Colisão,2014-08-10,04:15,Oeste,"-25.426090, -49.335164",Chuva / Noite,Molhada,Sim,Sim,Sim,Não,1,Não,1,1,1,0,Não,Não realizado,Sim,Caminhão,Sim,Não
Queda de moto,2006-09-13,14:45,Centro,"-25.413764, -49.282580",Seco / Dia,Seca,Sim,Sim,Sim,Não,1,Sim,5,4,2,2,Não,Não realizado,Sim,Ônibus,Sim,Não
Colisão,2007-04-14,06:30,Norte,"-25.383239, -49.251527",Seco / Dia,Seca,Não,Não,Sim,Não,1,Sim,2,2,0,0,Não,Não realizado,Sim,Bicicleta,Não,Não
Colisão,2022-12-28,19:15,Leste,"-25.420455, -49.240472",Seco / Noite,Molhada,Não,Não,Não,Sim,3,Sim,2,2,0,0,Sim,Positivo,Sim,Carro,Não,Não
Colisão,2005-08-03,13:30,Sul,"-25.446934, -49.290929",Chuva / Dia,Seca,Sim,Não,Não,Não,1,Não,1,1,0,0,Não,Não realizado,Sim,Carro,Sim,Sim
Queda de moto,2022-05-03,16:30,Oeste,"-25.436858, -49.322360",Seco / Dia,Molhada,Sim,Não,Não,Sim,3,Sim,3,1,1,0,Sim,Positivo,Sim,Ônibus,Não,Não
Colisão,2015-06-10,07:00,Oeste,"-25.414671, -49.324350",Chuva / Dia,Escorregadia,Não,Sim,Não,Não,1,Não,1,1,1,0,Não,Não realizado,Não,Carro,Não,Não
Queda de moto,2006-10-21,20:30,Leste,"-25.424094, -49.216534",Chuva / Noite,Escorregadia,Não,Não,Não,Sim,4,Não,1,3,2,0,Sim,Positivo,Não,Carro,Não,Não
Colisão,2009-03-06,20:15,Oeste,"-25.434600, -49.300235",Seco / Noite,Seca,Não,Não,Não,Sim,2,Sim,3,1,0,0,Sim,Positivo,Sim,Ônibus,Sim,Não
Colisão,2018-09-03,08:45,Leste,"-25.425191, -49.213219",Seco / Dia,Escorregadia,Sim,Sim,Não,Sim,4,Não,1,1,1,1,Sim,Positivo,Sim,Carro,Não,Não
Atropelamento,2019-04-27,16:15,Sul,"-25.479285, -49.291548",Chuva / Dia,Molhada,Não,Não,Sim,Sim,4,Sim,3,4,0,0,Sim,Positivo,Sim,Caminhão,Não,Não
Colisão,2018-01-20,01:00,Norte,"-25.403765, -49.264446",Seco / Noite,Molhada,Não,Sim,Não,Não,1,Não,1,1,0,0,Não,Não realizado,Não,Caminhão,Não,Não
Colisão,2005-08-25,14:45,Oeste,"-25.416273, -49.321271",Chuva / Dia,Seca,Sim,Não,Sim,Sim,4,Sim,5,2,1,0,Sim,Positivo,Sim,Caminhão,Sim,Não
Colisão,2015-04-11,20:15,Centro,"-25.413839, -49.274649",Seco / Noite,Molhada,Não,Sim,Não,Não,1,Não,1,2,1,0,Sim,Negativo,Sim,Moto,Não,Não
Colisão,2011-07-28,06:15,Oeste,"-25.433816, -49.315116",Chuva / Dia,Seca,Sim,Não,Não,Sim,2,Sim,2,1,1,0,Não,Não realizado,Sim,Moto,Não,Não
Atropelamento,2009-08-28,03:30,Sul,"-25.453886, -49.287297",Seco / Noite,Seca,Não,Sim,Sim,Sim,2,Sim,2,2,0,0,Sim,Positivo,Não,Carro,Sim,Não
Colisão,2018-07-12,17:45,Norte,"-25.397963, -49.243673",Neblina / Dia,Seca,Não,Sim,Sim,Sim,2,Sim,3,4,0,0,Sim,Positivo,Não,Moto,Sim,Não
Atropelamento,2014-11-29,04:00,Centro,"-25.418732, -49.279082",Chuva / Noite,Molhada,Não,Não,Não,Sim,4,Não,1,4,0,0,Não,Não realizado,Sim,Moto,Sim,Não
Capotamento,2019-01-27,12:15,Norte,"-25.403147, -49.258406",Seco / Dia,Molhada,Sim,Não,Sim,Não,1,Não,1,2,0,0,Não,Não realizado,Sim,Bicicleta,Não,Não
Atropelamento,2014-03-01,07:45,Sul,"-25.469674, -49.311313",Seco / Dia,Escorregadia,Não,Não,Não,Sim,3,Sim,5,3,1,0,Não,Não realizado,Sim,Bicicleta,Não,Não
Atropelamento,2008-05-28,21:15,Leste,"-25.439554, -49.233692",Chuva / Noite,Escorregadia,Sim,Não,Sim,Não,1,Não,1,2,0,0,Não,Não realizado,Sim,Carro,Sim,Não
Queda de moto,2017-01-28,03:45,Oeste,"-25.435252, -49.310585",Chuva / Noite,Molhada,Sim,Não,Sim,Sim,3,Sim,5,1,1,0,Sim,Negativo,Sim,Ônibus,Sim,Não
Colisão,2013-07-02,05:00,Leste,"-25.413317, -49.215038",Seco / Noite,Seca,Sim,Sim,Não,Não,1,Sim,4,1,1,0,Não,Não realizado,Sim,Caminhão,Não,Não
Queda de moto,2018-10-31,12:30,Norte,"-25.384933, -49.250324",Neblina / Dia,Escorregadia,Não,Não,Não,Sim,3,Não,1,3,2,0,Sim,Positivo,Sim,Bicicleta,Sim,Não
Atropelamento,2009-11-01,04:30,Norte,"-25.387141, -49.272971",Seco / Noite,Seca,Não,Sim,Sim,Não,1,Sim,4,5,0,0,Sim,Positivo,Sim,Carro,Sim,Não
Colisão,2009-05-13,18:45,Sul,"-25.479238, -49.288134",Seco / Dia,Molhada,Não,Sim,Sim,Sim,2,Sim,2,1,0,0,Não,Não realizado,Sim,Bicicleta,Não,Não
Queda de moto,2025-12-10,13:30,Norte,"-25.409923, -49.277547",Seco / Dia,Escorregadia,Não,Não,Não,Não,1,Sim,5,2,2,0,Sim,Negativo,Sim,Carro,Sim,Não
Colisão,2023-06-08,22:15,Sul,"-25.467936, -49.286811",Chuva / Noite,Molhada,Não,Sim,Não,Sim,2,Sim,4,4,3,0,Não,Não realizado,Sim,Ônibus,Sim,Não
Colisão,2020-03-27,05:45,Leste,"-25.438725, -49.221355",Chuva / Noite,Seca,Não,Não,Não,Não,1,Não,1,4,2,0,Não,Não realizado,Sim,Bicicleta,Sim,Não
Colisão,2008-04-15,07:45,Sul,"-25.458800, -49.287358",Seco / Dia,Seca,Não,Sim,Não,Sim,2,Sim,2,2,2,0,Não,Não realizado,Sim,Ônibus,Não,Não
Colisão,2023-02-04,23:45,Centro,"-25.425800, -49.281598",Seco / Noite,Molhada,Sim,Não,Sim,Sim,2,Não,1,2,1,0,Sim,Positivo,Sim,Ônibus,Não,Não
Atropelamento,2014-11-16,21:30,Oeste,"-25.417239, -49.311503",Seco / Noite,Seca,Sim,Não,Sim,Sim,4,Não,1,3,1,0,Não,Não realizado,Sim,Ônibus,Sim,Não
Colisão,2025-02-23,12:45,Leste,"-25.436172, -49.234136",Seco / Dia,Molhada,Não,Sim,Sim,Sim,4,Não,1,1,1,0,Sim,Negativo,Sim,Moto,Sim,Não
Queda de moto,2009-09-30,15:00,Oeste,"-25.422012, -49.337245",Seco / Dia,Escorregadia,Não,Sim,Sim,Não,1,Sim,2,1,0,0,Não,Não realizado,Sim,Ônibus,Não,Não
Colisão,2021-11-28,12:45,Sul,"-25.456395, -49.300202",Seco / Dia,Seca,Sim,Não,Não,Não,1,Sim,3,2,1,0,Sim,Positivo,Sim,Ônibus,Sim,Não
Capotamento,2022-02-12,05:30,Centro,"-25.429601, -49.287020",Seco / Noite,Escorregadia,Sim,Não,Não,Não,1,Não,1,2,0,0,Não,Não realizado,Sim,Moto,Sim,Não
Atropelamento,2017-09-12,04:15,Leste,"-25.422717, -49.239347",Seco / Noite,Escorregadia,Não,Sim,Sim,Não,1,Não,1,2,1,0,Não,Não realizado,Sim,Moto,Sim,Não
Queda de moto,2008-03-10,07:45,Oeste,"-25.422256, -49.327881",Chuva / Dia,Molhada,Não,Sim,Sim,Não,1,Não,1,1,0,0,Sim,Negativo,Sim,Bicicleta,Sim,Não
Colisão,2005-01-06,20:45,Norte,"-25.402281, -49.244965",Seco / Noite,Seca,Sim,Não,Não,Sim,4,Não,1,3,3,0,Não,Não realizado,Sim,Moto,Sim,Não
Colisão,2013-07-15,00:15,Leste,"-25.434578, -49.230356",Seco / Noite,Molhada,Sim,Sim,Sim,Sim,2,Sim,2,1,1,0,Sim,Positivo,Sim,Caminhão,Não,Não
Atropelamento,2014-06-18,14:30,Sul,"-25.440279, -49.318461",Seco / Dia,Seca,Não,Não,Sim,Não,1,Não,1,4,0,0,Sim,Positivo,Sim,Moto,Sim,Não
Atropelamento,2006-05-29,21:00,Leste,"-25.433177, -49.203915",Seco / Noite,Molhada,Não,Sim,Sim,Não,1,Sim,5,5,0,0,Não,Não realizado,Sim,Ônibus,Sim,Não
Atropelamento,2016-07-16,16:45,Leste,"-25.417615, -49.245078",Seco / Dia,Molhada,Não,Sim,Não,Sim,2,Não,1,3,0,0,Sim,Positivo,Sim,Bicicleta,Sim,Não
Capotamento,2020-10-26,00:00,Oeste,"-25.423138, -49.308753",Seco / Noite,Molhada,Não,Sim,Sim,Não,1,Não,1,2,2,0,Sim,Positivo,Sim,Moto,Não,Não
Colisão,2017-02-21,23:30,Sul,"-25.460188, -49.312527",Seco / Noite,Escorregadia,Sim,Sim,Sim,Não,1,Não,1,2,1,0,Sim,Negativo,Sim,Caminhão,Não,Não
Atropelamento,2016-12-23,19:30,Sul,"-25.457071, -49.282523",Chuva / Noite,Seca,Não,Não,Sim,Sim,2,Sim,2,2,0,0,Sim,Positivo,Não,Moto,Sim,Não
Colisão,2025-01-28,14:00,Leste,"-25.417120, -49.236585",Seco / Dia,Escorregadia,Não,Sim,Não,Sim,2,Não,1,1,0,0,Não,Não realizado,Sim,Ônibus,Não,Não
Atropelamento,2019-11-01,05:15,Leste,"-25.416306, -49.209121",Seco / Noite,Seca,Sim,Não,Sim,Não,1,Sim,3,4,0,0,Não,Não realizado,Não,Ônibus,Não,Não
Colisão,2012-12-22,16:30,Oeste,"-25.417236, -49.322088",Seco / Dia,Seca,Não,Não,Sim,Não,1,Não,1,1,0,0,Não,Não realizado,Sim,Caminhão,Sim,Não
Colisão,2013-11-30,06:45,Sul,"-25.476835, -49.303428",Chuva / Dia,Seca,Não,Não,Sim,Sim,3,Não,1,1,0,0,Sim,Positivo,Sim,Ônibus,Sim,Não
Colisão,2025-10-01,03:30,Oeste,"-25.425178, -49.300680",Chuva / Noite,Molhada,Sim,Não,Sim,Não,1,Não,1,3,2,0,Sim,Negativo,Sim,Carro,Sim,Não
Colisão,2020-05-11,18:45,Oeste,"-25.428259, -49.303811",Neblina / Dia,Molhada,Sim,Sim,Não,Sim,4,Não,1,2,0,0,Não,Não realizado,Sim,Carro,Sim,Não
Colisão,2013-08-08,11:15,Leste,"-25.433944, -49.228563",Seco / Dia,Seca,Sim,Não,Não,Não,1,Sim,4,1,1,0,Sim,Positivo,Sim,Caminhão,Não,Não
Colisão,2010-06-27,11:00,Oeste,"-25.414780, -49.317022",Seco / Dia,Molhada,Não,Sim,Não,Sim,4,Não,1,1,1,1,Sim,Positivo,Sim,Bicicleta,Sim,Não
Atropelamento,2008-10-07,05:15,Oeste,"-25.435107, -49.301980",Seco / Noite,Seca,Sim,Sim,Não,Não,1,Sim,3,5,0,0,Não,Não realizado,Sim,Caminhão,Sim,Não
Atropelamento,2009-05-09,22:15,Sul,"-25.458382, -49.312696",Chuva / Noite,Escorregadia,Não,Não,Sim,Não,1,Sim,4,2,0,0,Sim,Positivo,Sim,Caminhão,Sim,Não
Atropelamento,2015-11-19,22:00,Norte,"-25.407483, -49.270714",Seco / Noite,Seca,Sim,Sim,Não,Sim,4,Sim,3,2,1,0,Não,Não realizado,Não,Carro,Não,Sim
Atropelamento,2021-07-18,03:15,Leste,"-25.429120, -49.238848",Chuva / Noite,Seca,Sim,Sim,Não,Não,1,Sim,2,3,3,0,Sim,Positivo,Sim,Bicicleta,Não,Não
Colisão,2020-09-12,14:00,Sul,"-25.479102, -49.316002",Seco / Dia,Seca,Não,Não,Sim,Não,1,Não,1,4,1,0,Sim,Negativo,Sim,Bicicleta,Sim,Não
Colisão,2010-10-10,06:30,Leste,"-25.426389, -49.219172",Seco / Dia,Seca,Sim,Sim,Sim,Sim,4,Sim,5,1,0,0,Não,Não realizado,Sim,Moto,Não,Não
Colisão,2021-11-16,05:45,Oeste,"-25.430328, -49.324923",Seco / Noite,Seca,Sim,Sim,Sim,Sim,2,Não,1,1,1,0,Sim,Positivo,Sim,Carro,Sim,Não
Capotamento,2010-10-16,00:45,Sul,"-25.460645, -49.288375",Seco / Noite,Escorregadia,Sim,Sim,Sim,Sim,4,Sim,2,1,1,0,Não,Não realizado,Sim,Moto,Não,Não
Atropelamento,2019-01-27,18:15,Leste,"-25.428361, -49.219081",Seco / Dia,Seca,Não,Não,Não,Não,1,Não,1,2,1,0,Não,Não realizado,Sim,Caminhão,Sim,Não
Atropelamento,2023-04-22,22:45,Sul,"-25.471391, -49.315170",Seco / Noite,Molhada,Não,Sim,Sim,Sim,3,Sim,4,3,0,0,Sim,Positivo,Sim,Ônibus,Sim,Não
Queda de moto,2016-08-22,09:45,Centro,"-25.432723, -49.270738",Seco / Dia,Escorregadia,Não,Sim,Sim,Não,1,Não,1,1,1,0,Não,Não realizado,Sim,Ônibus,Não,Sim
Capotamento,2008-04-29,08:15,Centro,"-25.417708, -49.281740",Seco / Dia,Molhada,Não,Sim,Sim,Sim,3,Sim,4,1,0,0,Não,Não realizado,Sim,Carro,Sim,Não
Colisão,2019-12-05,02:00,Oeste,"-25.429790, -49.329955",Chuva / Noite,Seca,Não,Sim,Não,Não,1,Sim,4,3,0,0,Sim,Positivo,Sim,Carro,Sim,Não
Capotamento,2013-01-31,09:00,Centro,"-25.433396, -49.281892",Seco / Dia,Escorregadia,Não,Sim,Sim,Não,1,Não,1,1,1,0,Não,Não realizado,Sim,Caminhão,Sim,Não
Atropelamento,2020-04-30,00:45,Leste,"-25.430841, -49.228042",Seco / Noite,Escorregadia,Sim,Sim,Não,Não,1,Sim,4,3,0,0,Não,Não realizado,Sim,Carro,Sim,Não
Atropelamento,2025-01-06,10:00,Leste,"-25.410238, -49.236796",Chuva / Dia,Molhada,Não,Não,Sim,Sim,4,Sim,3,3,0,0,Sim,Positivo,Sim,Caminhão,Não,Não
Colisão,2014-05-08,08:30,Oeste,"-25.416599, -49.312621",Seco / Dia,Molhada,Sim,Não,Sim,Não,1,Sim,5,1,0,0,Não,Não realizado,Sim,Ônibus,Sim,Não
Atropelamento,2019-12-16,18:45,Norte,"-25.394589, -49.242078",Seco / Dia,Molhada,Sim,Não,Não,Sim,4,Não,1,3,2,0,Sim,Positivo,Não,Caminhão,Sim,Não
Colisão,2021-08-25,05:45,Oeste,"-25.434635, -49.323584",Chuva / Noite,Seca,Não,Não,Sim,Não,1,Não,1,2,0,0,Sim,Negativo,Sim,Moto,Não,Não
Colisão,2021-04-15,01:15,Leste,"-25.426678, -49.242821",Chuva / Noite,Escorregadia,Não,Não,Não,Não,1,Sim,2,1,1,0,Não,Não realizado,Sim,Caminhão,Não,Não
Colisão,2007-06-13,08:45,Oeste,"-25.410266, -49.330246",Seco / Dia,Molhada,Sim,Sim,Não,Não,1,Não,1,1,1,0,Não,Não realizado,Sim,Caminhão,Sim,Não
Colisão,2006-06-18,17:45,Sul,"-25.444487, -49.297903",Chuva / Dia,Escorregadia,Sim,Sim,Não,Não,1,Sim,4,2,2,0,Não,Não realizado,Sim,Moto,Não,Não
Capotamento,2006-10-22,07:30,Norte,"-25.380015, -49.278131",Seco / Dia,Escorregadia,Sim,Não,Não,Sim,4,Não,1,1,1,0,Não,Não realizado,Sim,Bicicleta,Sim,Não
Atropelamento,2021-06-29,22:45,Centro,"-25.428570, -49.265948",Seco / Noite,Molhada,Sim,Sim,Sim,Não,1,Não,1,2,0,0,Sim,Positivo,Sim,Moto,Sim,Não
Atropelamento,2015-07-09,12:15,Norte,"-25.408103, -49.268299",Chuva / Dia,Escorregadia,Não,Não,Sim,Não,1,Não,1,4,2,0,Não,Não realizado,Sim,Ônibus,Sim,Não
Colisão,2016-08-27,18:00,Sul,"-25.445868, -49.301030",Seco / Dia,Seca,Não,Não,Sim,Não,1,Não,1,1,0,0,Sim,Negativo,Sim,Carro,Sim,Não
Colisão,2007-09-26,14:00,Oeste,"-25.437106, -49.323227",Chuva / Dia,Molhada,Sim,Não,Sim,Não,1,Não,1,1,0,0,Sim,Positivo,Sim,Bicicleta,Sim,Não
Atropelamento,2020-10-03,01:45,Centro,"-25.417888, -49.281897",Seco / Noite,Molhada,Não,Sim,Não,Não,1,Não,1,3,0,0,Não,Não realizado,Sim,Caminhão,Não,Não
Capotamento,2021-12-18,00:15,Norte,"-25.388190, -49.282327",Seco / Noite,Escorregadia,Sim,Não,Não,Não,1,Sim,5,3,2,0,Não,Não realizado,Sim,Carro,Não,Não
Atropelamento,2016-04-13,12:30,Sul,"-25.446008, -49.319603",Seco / Dia,Seca,Sim,Não,Não,Não,1,Sim,5,2,2,0,Sim,Positivo,Sim,Bicicleta,Não,Sim
Colisão,2013-10-05,17:30,Norte,"-25.404182, -49.274768",Neblina / Dia,Seca,Sim,Não,Sim,Sim,4,Sim,4,5,0,0,Não,Não realizado,Sim,Carro,Sim,Não
Colisão,2014-09-14,13:00,Oeste,"-25.417686, -49.330446",Seco / Dia,Molhada,Sim,Não,Sim,Sim,3,Sim,4,1,1,0,Não,Não realizado,Sim,Caminhão,Não,Não
Colisão,2009-12-19,04:15,Oeste,"-25.421883, -49.320043",Chuva / Noite,Seca,Não,Sim,Não,Sim,3,Não,1,3,0,0,Não,Não realizado,Sim,Moto,Sim,Não
Queda de moto,2007-08-18,08:15,Centro,"-25.418772, -49.289555",Chuva / Dia,Seca,Sim,Sim,Não,Não,1,Não,1,2,0,0,Não,Não realizado,Sim,Ônibus,Sim,Não
Colisão,2018-10-17,12:30,Sul,"-25.446247, -49.281289",Seco / Dia,Escorregadia,Sim,Sim,Sim,Não,1,Não,1,3,1,0,Não,Não realizado,Sim,Caminhão,Não,Não
Atropelamento,2011-05-01,14:15,Leste,"-25.415496, -49.208401",Seco / Dia,Molhada,Não,Sim,Não,Sim,4,Não,1,3,2,0,Sim,Negativo,Sim,Caminhão,Sim,Não
Colisão,2011-01-25,11:15,Oeste,"-25.429701, -49.321157",Neblina / Dia,Seca,Sim,Não,Sim,Não,1,Não,1,1,1,0,Não,Não realizado,Sim,Moto,Não,Não
Colisão,2008-05-05,03:15,Sul,"-25.440051, -49.308490",Seco / Noite,Molhada,Sim,Sim,Sim,Não,1,Sim,2,4,1,0,Não,Não realizado,Sim,Moto,Sim,Não
Queda de moto,2013-02-07,13:00,Oeste,"-25.435656, -49.334380",Seco / Dia,Escorregadia,Não,Não,Sim,Sim,3,Não,1,5,0,0,Não,Não realizado,Sim,Bicicleta,Sim,Não
Colisão,2008-05-06,03:30,Norte,"-25.400625, -49.266476",Neblina / Noite,Escorregadia,Não,Não,Sim,Sim,4,Não,1,3,3,0,Não,Não realizado,Sim,Bicicleta,Sim,Não
Colisão,2018-07-16,13:30,Leste,"-25.426193, -49.203196",Chuva / Dia,Escorregadia,Sim,Não,Não,Sim,3,Sim,5,3,0,0,Não,Não realizado,Não,Ônibus,Sim,Não
Atropelamento,2025-03-13,11:15,Centro,"-25.418783, -49.261243",Chuva / Dia,Molhada,Não,Sim,Não,Não,1,Não,1,3,2,0,Não,Não realizado,Sim,Caminhão,Sim,Não
Colisão,2017-07-19,04:15,Centro,"-25.438029, -49.289300",Seco / Noite,Seca,Não,Sim,Sim,Não,1,Sim,2,4,2,0,Não,Não realizado,Sim,Moto,Não,Não
Atropelamento,2023-05-04,11:30,Sul,"-25.464419, -49.314971",Neblina / Dia,Seca,Sim,Sim,Não,Sim,4,Não,1,3,0,0,Não,Não realizado,Sim,Ônibus,Não,Não
Atropelamento,2017-08-22,01:45,Norte,"-25.386973, -49.253200",Seco / Noite,Molhada,Sim,Sim,Sim,Não,1,Sim,4,4,3,0,Sim,Negativo,Sim,Moto,Não,Não
Capotamento,2007-12-10,22:15,Sul,"-25.455694, -49.290285",Seco / Noite,Molhada,Sim,Sim,Sim,Não,1,Não,1,4,4,0,Sim,Positivo,Não,Moto,Não,Não
Colisão,2012-12-10,10:15,Sul,"-25.468638, -49.307848",Chuva / Dia,Molhada,Sim,Não,Não,Sim,3,Sim,4,3,2,0,Não,Não realizado,Sim,Caminhão,Não,Não
Atropelamento,2022-08-20,04:45,Sul,"-25.475956, -49.307861",Neblina / Noite,Molhada,Sim,Sim,Não,Não,1,Não,1,5,0,0,Não,Não realizado,Sim,Ônibus,Não,Não
Atropelamento,2015-09-02,06:45,Oeste,"-25.439584, -49.318197",Chuva / Dia,Molhada,Sim,Sim,Sim,Sim,3,Sim,4,3,3,0,Não,Não realizado,Sim,Moto,Sim,Não
Atropelamento,2015-02-20,14:45,Centro,"-25.436296, -49.287597",Seco / Dia,Seca,Não,Sim,Sim,Não,1,Sim,2,5,4,0,Não,Não realizado,Sim,Ônibus,Não,Não
Colisão,2016-02-18,22:00,Norte,"-25.404400, -49.284206",Seco / Noite,Escorregadia,Sim,Não,Não,Sim,2,Não,1,1,1,0,Não,Não realizado,Sim,Ônibus,Sim,Não
Atropelamento,2021-07-23,06:00,Centro,"-25.437701, -49.266821",Seco / Dia,Seca,Não,Sim,Sim,Sim,2,Não,1,3,2,0,Não,Não realizado,Sim,Ônibus,Não,Não
Capotamento,2021-05-28,11:00,Oeste,"-25.439437, -49.318932",Seco / Dia,Seca,Não,Sim,Sim,Sim,4,Sim,3,3,0,0,Sim,Negativo,Sim,Bicicleta,Sim,Não
Atropelamento,2021-12-22,04:30,Norte,"-25.409902, -49.273580",Seco / Noite,Escorregadia,Não,Não,Não,Sim,4,Sim,5,5,5,0,Não,Não realizado,Sim,Moto,Não,Não
Colisão,2009-04-10,21:00,Sul,"-25.458323, -49.318538",Seco / Noite,Escorregadia,Não,Não,Sim,Sim,4,Sim,2,3,2,0,Não,Não realizado,Sim,Caminhão,Não,Não
Colisão,2017-06-04,07:45,Centro,"-25.436354, -49.263824",Seco / Dia,Escorregadia,Não,Sim,Sim,Não,1,Sim,2,1,0,0,Não,Não realizado,Sim,Caminhão,Não,Não
Colisão,2006-05-22,11:15,Norte,"-25.407954, -49.259110",Seco / Dia,Molhada,Sim,Não,Não,Não,1,Sim,3,3,1,0,Não,Não realizado,Sim,Moto,Sim,Não
Atropelamento,2011-12-30,23:00,Sul,"-25.448274, -49.319518",Seco / Noite,Molhada,Sim,Não,Não,Não,1,Não,1,4,4,0,Sim,Negativo,Sim,Caminhão,Não,Não
Colisão,2006-09-15,23:00,Oeste,"-25.413452, -49.301009",Seco / Noite,Escorregadia,Sim,Não,Sim,Não,1,Não,1,1,0,0,Sim,Negativo,Sim,Bicicleta,Sim,Não
Colisão,2012-04-13,16:00,Norte,"-25.408027, -49.255226",Seco / Dia,Molhada,Não,Sim,Sim,Não,1,Sim,4,1,1,0,Não,Não realizado,Sim,Ônibus,Sim,Não
Colisão,2014-10-17,20:15,Leste,"-25.439833, -49.227821",Seco / Noite,Escorregadia,Sim,Não,Não,Sim,3,Não,1,2,2,0,Sim,Negativo,Sim,Bicicleta,Sim,Não
Colisão,2005-11-26,13:45,Norte,"-25.397656, -49.262745",Seco / Dia,Escorregadia,Sim,Sim,Não,Não,1,Não,1,2,1,0,Não,Não realizado,Sim,Carro,Sim,Não
Capotamento,2024-11-05,02:00,Sul,"-25.452938, -49.300507",Seco / Noite,Escorregadia,Não,Sim,Não,Não,1,Não,1,2,0,0,Não,Não realizado,Sim,Ônibus,Sim,Não
Colisão,2018-08-19,23:15,Centro,"-25.418569, -49.270402",Chuva / Noite,Seca,Sim,Não,Sim,Sim,4,Não,1,1,1,0,Sim,Negativo,Sim,Moto,Não,Não
Colisão,2008-10-05,11:15,Leste,"-25.412612, -49.243626",Seco / Dia,Molhada,Sim,Não,Sim,Sim,3,Sim,3,2,1,0,Não,Não realizado,Sim,Moto,Sim,Não
Colisão,2015-04-11,20:00,Norte,"-25.397691, -49.240439",Seco / Noite,Seca,Sim,Sim,Não,Sim,2,Não,1,1,0,0,Não,Não realizado,Sim,Caminhão,Não,Não
Queda de moto,2013-07-21,05:30,Centro,"-25.436450, -49.271097",Seco / Noite,Molhada,Não,Sim,Não,Não,1,Não,1,2,2,0,Não,Não realizado,Sim,Caminhão,Não,Não