TIPO DE ACIDENTE,DATA,HORA,REGIÃO,COORDENADA GEOGRÁFICA,SITUAÇÃO CLIMÁTICA/LUMINOSIDADE,CONDIÇÕES DA SUPERFÍCIE DE ROLAMENTO,POSSUI SINALIZAÇÃO HORIZONTAL,POSSUI SINALIZAÇÃO VERTICAL,PRÓXIMO A EQUIPO ELETRÔNICO,HOUVE OUTROS VEÍCULOS ENVOLVIDOS,QUANTOS VEÍCULOS,HAVIA OUTROS OCUPANTES NO VEÍCULO,QUANTOS OCUPANTES,ENVOLVIDOS,FERIDOS,ÓBITOS,FOI REALIZADO O TESTE DE BAFÔMETRO,QUAL O RESULTADO,POSSUI HABILITAÇÃO,VEÍCULO TIPO,HOUVE DANOS AO PATRIMÔNIO PÚBLICO?,HOUVE DANOS AO MEIO AMBIENTE?
Colisão,2016-01-08,13:45,Sul,"-25.467965, -49.300477",Seco / Dia,Escorregadia,Não,Não,Não,Não,1,Não,1,1,0,0,Sim,Negativo,Sim,Carro,Não,Não
Atropelamento,2018-02-11,21:00,Centro,"-25.423771, -49.270919",Seco / Noite,Molhada,Sim,Sim,Não,Não,1,Não,1,2,0,0,Sim,Positivo,Sim,Caminhão,Não,Não
Colisão,2014-10-21,21:45,Leste,"-25.437778, -49.225712",Seco / Noite,Molhada,Não,Sim,Sim,Não,1,Sim,2,3,2,0,Sim,Negativo,Sim,Moto,Sim,Não
Queda de moto,2023-02-06,07:45,Sul,"-25.454648, -49.303034",Seco / Dia,Escorregadia,Não,Sim,Sim,Não,1,Sim,2,2,2,0,Não,Não realizado,Sim,Moto,Sim,Não
Queda de moto,2006-06-14,20:45,Leste,"-25.423907, -49.214986",Chuva / Noite,Molhada,Não,Não,Não,Não,1,Não,1,2,1,0,Não,Não realizado,Sim,Bicicleta,Não,Não
Colisão,2011-07-06,12:30,Leste,"-25.426173, -49.236428",Seco / Dia,Molhada,Sim,Não,Sim,Não,1,Sim,3,1,0,0,Não,Não realizado,Sim,Bicicleta,Não,Não
Colisão,2016-08-09,18:30,Oeste,"-25.439565, -49.320398",Seco / Dia,Seca,Não,Não,Sim,Sim,3,Sim,2,3,0,0,Não,Não realizado,Sim,Carro,Não,Não
Colisão,2008-08-07,09:15,Sul,"-25.478739, -49.289008",Chuva / Dia,Escorregadia,Sim,Sim,Sim,Sim,2,Sim,2,1,1,0,Não,Não realizado,Sim,Bicicleta,Não,Não
Atropelamento,2010-05-10,08:00,Norte,"-25.388987, -49.253666",Chuva / Dia,Seca,Não,Não,Sim,Não,1,Não,1,3,1,0,Sim,Negativo,Sim,Carro,Sim,Não
Colisão,2006-02-11,19:45,Centro,"-25.420224, -49.288458",Chuva / Noite,Escorregadia,Sim,Sim,Não,Sim,3,Sim,5,2,1,1,Sim,Negativo,Sim,Caminhão,Não,Não
Capotamento,2015-08-13,02:15,Leste,"-25.429882, -49.239566",Seco / Noite,Escorregadia,Sim,Sim,Não,Sim,3,Não,1,2,2,0,Sim,Negativo,Sim,Moto,Não,Não
Colisão,2010-10-25,14:45,Norte,"-25.382999, -49.250873",Seco / Dia,Seca,Não,Sim,Não,Não,1,Sim,4,2,1,0,Sim,Positivo,Sim,Bicicleta,Sim,Não
Colisão,2008-09-25,17:15,Oeste,"-25.427202, -49.332707",Chuva / Dia,Molhada,Sim,Sim,Sim,Não,1,Não,1,2,0,0,Não,Não realizado,Sim,Ônibus,Sim,Não
Colisão,2021-12-02,06:45,Centro,"-25.417322, -49.261040",Seco / Dia,Molhada,Sim,Não,Sim,Sim,4,Sim,2,3,1,0,Sim,Negativo,Sim,Caminhão,Não,Não
Atropelamento,2018-04-27,17:00,Sul,"-25.447629, -49.289844",Seco / Dia,Escorregadia,Não,Não,Não,Sim,3,Não,1,2,2,0,Não,Não realizado,Sim,Carro,Sim,Sim
Colisão,2007-05-25,05:45,Centro,"-25.433515, -49.265579",Seco / Noite,Seca,Sim,Sim,Sim,Sim,4,Não,1,2,1,0,Sim,Positivo,Sim,Carro,Não,Não
Colisão,2020-10-08,21:15,Centro,"-25.411647, -49.282205",Seco / Noite,Escorregadia,Sim,Sim,Sim,Não,1,Não,1,1,1,0,Não,Não realizado,Sim,Bicicleta,Sim,Sim
Atropelamento,2005-12-27,21:00,Centro,"-25.422229, -49.282586",Seco / Noite,Seca,Sim,Não,Não,Sim,3,Sim,2,4,1,0,Sim,Negativo,Sim,Carro,Sim,Não
Atropelamento,2014-05-28,21:30,Sul,"-25.473607, -49.290429",Chuva / Noite,Escorregadia,Sim,Não,Sim,Não,1,Não,1,3,3,0,Não,Não realizado,Sim,Ônibus,Sim,Não
Capotamento,2007-12-31,12:00,Leste,"-25.432508, -49.238079",Seco / Dia,Molhada,Sim,Sim,Sim,Sim,2,Não,1,1,1,0,Não,Não realizado,Sim,Moto,Sim,Não
Colisão,2006-06-03,07:00,Leste,"-25.422096, -49.244347",Chuva / Dia,Escorregadia,Sim,Não,Não,Não,1,Sim,4,1,1,0,Não,Não realizado,Sim,Caminhão,Sim,Não
Colisão,2021-10-04,11:30,Oeste,"-25.413642, -49.328093",Seco / Dia,Molhada,Não,Sim,Não,Sim,2,Sim,5,5,3,0,Não,Não realizado,Sim,Carro,Não,Não
Colisão,2017-11-07,01:15,Leste,"-25.414614, -49.220272",Seco / Noite,Escorregadia,Sim,Sim,Não,Sim,3,Não,1,1,1,0,Não,Não realizado,Sim,Bicicleta,Não,Não
Colisão,2022-02-27,20:00,Sul,"-25.441340, -49.294342",Seco / Noite,Seca,Sim,Sim,Não,Não,1,Sim,5,1,1,0,Sim,Negativo,Não,Caminhão,Não,Não
Colisão,2023-06-29,07:45,Oeste,"-25.427030, -49.338235",Seco / Dia,Escorregadia,Não,Sim,Sim,Sim,2,Não,1,2,0,0,Não,Não realizado,Sim,Caminhão,Não,Não
Colisão,2012-10-17,17:00,Norte,"-25.405848, -49.247691",Seco / Dia,Escorregadia,Sim,Sim,Não,Não,1,Sim,4,1,1,0,Não,Não realizado,Sim,Caminhão,Não,Não
Colisão,2019-03-13,05:45,Leste,"-25.435125, -49.237540",Chuva / Noite,Seca,Não,Não,Sim,Sim,2,Não,1,1,1,0,Não,Não realizado,Sim,Caminhão,Não,Não
Colisão,2017-06-21,10:45,Leste,"-25.422779, -49.206708",Chuva / Dia,Molhada,Não,Sim,Sim,Sim,2,Não,1,2,0,0,Sim,Positivo,Sim,Caminhão,Não,Não
Colisão,2022-01-19,19:15,Norte,"-25.405708, -49.247565",Seco / Noite,Seca,Não,Sim,Sim,Não,1,Sim,5,1,1,0,Não,Não realizado,Sim,Carro,Não,Não
Queda de moto,2017-08-28,14:30,Norte,"-25.394178, -49.271767",Seco / Dia,Escorregadia,Não,Não,Sim,Sim,3,Não,1,1,1,0,Sim,Negativo,Sim,Bicicleta,Não,Não
Atropelamento,2023-01-11,04:45,Sul,"-25.460456, -49.289293",Chuva / Noite,Seca,Sim,Sim,Não,Não,1,Não,1,3,1,0,Não,Não realizado,Sim,Caminhão,Sim,Não
Colisão,2025-10-22,20:45,Sul,"-25.453081, -49.300652",Seco / Noite,Molhada,Não,Sim,Sim,Sim,4,Não,1,3,2,0,Sim,Negativo,Não,Ônibus,Não,Não
Colisão,2013-10-09,12:45,Leste,"-25.420648, -49.207439",Seco / Dia,Escorregadia,Sim,Não,Sim,Sim,4,Não,1,2,1,0,Não,Não realizado,Sim,Ônibus,Não,Não
Colisão,2015-08-14,03:15,Norte,"-25.397222, -49.256995",Seco / Noite,Escorregadia,Sim,Sim,Sim,Não,1,Não,1,1,1,0,Sim,Positivo,Não,Ônibus,Não,Não
Atropelamento,2015-04-25,11:00,Norte,"-25.397667, -49.266218",Seco / Dia,Escorregadia,Sim,Sim,Não,Não,1,Não,1,4,0,0,Não,Não realizado,Sim,Carro,Sim,Não
Capotamento,2011-07-15,05:45,Leste,"-25.413140, -49.222131",Chuva / Noite,Seca,Não,Não,Não,Não,1,Não,1,2,0,0,Não,Não realizado,Sim,Ônibus,Sim,Não
Colisão,2016-08-19,21:15,Sul,"-25.461697, -49.305459",Chuva / Noite,Escorregadia,Sim,Sim,Não,Sim,3,Não,1,2,2,0,Sim,Negativo,Não,Caminhão,Sim,Não
Colisão,2024-07-15,14:30,Norte,"-25.395589, -49.251598",Seco / Dia,Seca,Sim,Sim,Não,Não,1,Não,1,2,1,0,Não,Não realizado,Sim,Caminhão,Não,Não
Queda de moto,2016-01-25,10:45,Norte,"-25.388554, -49.257949",Seco / Dia,Molhada,Sim,Não,Não,Sim,2,Sim,2,2,0,0,Não,Não realizado,Não,Caminhão,Sim,Não
Atropelamento,2011-07-18,01:45,Leste,"-25.415602, -49.200812",Seco / Noite,Molhada,Não,Não,Não,Sim,3,Sim,2,5,3,0,Sim,Negativo,Sim,Caminhão,Não,Não
Queda de moto,2021-06-13,20:15,Centro,"-25.415213, -49.263107",Seco / Noite,Molhada,Não,Não,Sim,Sim,3,Sim,5,1,1,0,Não,Não realizado,Sim,Bicicleta,Sim,Não
Queda de moto,2010-04-02,10:45,Centro,"-25.431273, -49.277236",Neblina / Dia,Molhada,Não,Não,Sim,Não,1,Não,1,1,1,0,Sim,Negativo,Sim,Moto,Sim,Não
Colisão,2007-10-28,13:15,Norte,"-25.385494, -49.274053",Seco / Dia,Molhada,Sim,Não,Sim,Sim,3,Sim,5,2,1,0,Sim,Positivo,Não,Moto,Não,Não
Colisão,2024-11-13,12:30,Norte,"-25.394469, -49.283324",Seco / Dia,Escorregadia,Não,Sim,Sim,Sim,3,Não,1,2,2,0,Não,Não realizado,Sim,Caminhão,Sim,Não
Queda de moto,2006-09-25,13:30,Sul,"-25.477340, -49.304306",Seco / Dia,Escorregadia,Não,Não,Não,Sim,2,Não,1,2,1,0,Não,Não realizado,Sim,Caminhão,Não,Não
Atropelamento,2023-04-01,22:00,Leste,"-25.413613, -49.241560",Seco / Noite,Escorregadia,Sim,Não,Sim,Não,1,Sim,3,4,1,0,Sim,Negativo,Não,Bicicleta,Não,Não
Colisão,2005-04-13,20:45,Oeste,"-25.426514, -49.307516",Seco / Noite,Molhada,Não,Não,Sim,Não,1,Não,1,2,1,0,Não,Não realizado,Sim,Caminhão,Não,Não
Colisão,2010-01-04,17:45,Norte,"-25.409983, -49.262023",Seco / Dia,Seca,Sim,Sim,Sim,Sim,4,Não,1,2,1,0,Sim,Positivo,Sim,Caminhão,Sim,Não
Colisão,2006-11-26,20:15,Sul,"-25.476895, -49.296397",Chuva / Noite,Seca,Não,Sim,Não,Não,1,Não,1,4,0,0,Sim,Positivo,Não,Moto,Não,Não
Queda de moto,2010-10-16,08:15,Oeste,"-25.437691, -49.326696",Seco / Dia,Molhada,Sim,Sim,Não,Não,1,Não,1,2,0,0,Não,Não realizado,Sim,Moto,Não,Não
Colisão,2020-09-11,16:15,Centro,"-25.421619, -49.277266",Seco / Dia,Molhada,Sim,Sim,Sim,Não,1,Sim,3,1,1,0,Não,Não realizado,Sim,Bicicleta,Sim,Não
Atropelamento,2013-06-19,16:45,Oeste,"-25.435730, -49.308353",Seco / Dia,Molhada,Sim,Sim,Sim,Sim,2,Não,1,5,0,0,Não,Não realizado,Sim,Caminhão,Sim,Não
Atropelamento,2011-01-07,01:00,Centro,"-25.435568, -49.274630",Seco / Noite,Escorregadia,Sim,Não,Sim,Não,1,Sim,2,4,3,0,Não,Não realizado,Sim,Moto,Não,Não
Atropelamento,2021-11-24,23:00,Oeste,"-25.427158, -49.325514",Chuva / Noite,Seca,Sim,Sim,Sim,Não,1,Não,1,3,1,0,Sim,Negativo,Sim,Ônibus,Não,Não
Queda de moto,2012-01-05,05:00,Leste,"-25.424570, -49.248247",Chuva / Noite,Escorregadia,Não,Não,Sim,Não,1,Não,1,1,1,0,Sim,Negativo,Sim,Bicicleta,Sim,Sim
Colisão,2013-06-25,05:45,Leste,"-25.417317, -49.229805",Seco / Noite,Escorregadia,Sim,Não,Não,Não,1,Sim,4,3,0,0,Não,Não realizado,Sim,Moto,Não,Não
Colisão,2005-04-08,02:30,Oeste,"-25.416386, -49.338367",Chuva / Noite,Escorregadia,Não,Não,Sim,Sim,3,Não,1,1,1,0,Não,Não realizado,Sim,Carro,Sim,Não
Colisão,2005-04-05,08:00,Norte,"-25.393980, -49.271320",Chuva / Dia,Seca,Não,Não,Sim,Sim,3,Não,1,4,1,0,Não,Não realizado,Sim,Bicicleta,Sim,Não
Atropelamento,2022-11-26,04:45,Oeste,"-25.413785, -49.321231",Seco / Noite,Seca,Sim,Sim,Não,Sim,4,Sim,2,5,2,0,Não,Não realizado,Sim,Moto,Sim,Não
Atropelamento,2013-08-19,23:30,Sul,"-25.441313, -49.306758",Seco / Noite,Molhada,Não,Sim,Sim,Não,1,Sim,5,2,2,0,Não,Não realizado,Sim,Caminhão,Sim,Não
Colisão,2010-09-28,10:45,Sul,"-25.454854, -49.296691",Seco / Dia,Molhada,Sim,Não,Sim,Não,1,Sim,5,3,0,0,Sim,Negativo,Sim,Moto,Não,Não
Atropelamento,2024-04-20,13:00,Centro,"-25.420612, -49.278727",Seco / Dia,Molhada,Não,Não,Sim,Sim,4,Não,1,3,0,0,Não,Não realizado,Sim,Moto,Sim,Não
Colisão,2016-02-18,06:00,Centro,"-25.435604, -49.285764",Neblina / Dia,Molhada,Sim,Sim,Sim,Não,1,Sim,2,2,0,0,Não,Não realizado,Sim,Caminhão,Não,Não
Atropelamento,2019-12-21,01:45,Leste,"-25.425266, -49.202454",Seco / Noite,Escorregadia,Sim,Não,Não,Não,1,Não,1,5,3,0,Não,Não realizado,Sim,Bicicleta,Não,Não
Queda de moto,2014-02-07,14:30,Norte,"-25.381941, -49.240024",Seco / Dia,Molhada,Não,Sim,Não,Sim,4,Sim,2,3,3,0,Sim,Positivo,Não,Ônibus,Não,Não
Colisão,2025-07-07,14:45,Centro,"-25.438168, -49.262570",Seco / Dia,Molhada,Não,Não,Sim,Não,1,Sim,3,1,1,0,Sim,Positivo,Sim,Carro,Não,Não
Atropelamento,2012-12-17,22:00,Oeste,"-25.424728, -49.306201",Chuva / Noite,Seca,Sim,Sim,Não,Sim,4,Não,1,4,4,0,Sim,Positivo,Sim,Moto,Não,Não
Atropelamento,2009-07-28,08:00,Sul,"-25.476807, -49.301157",Seco / Dia,Molhada,Sim,Sim,Sim,Sim,4,Não,1,5,2,0,Sim,Negativo,Sim,Carro,Não,Não
Atropelamento,2008-02-09,07:30,Norte,"-25.382024, -49.262641",Seco / Dia,Escorregadia,Não,Não,Não,Sim,3,Sim,3,3,0,0,Sim,Negativo,Sim,Ônibus,Não,Não
Colisão,2012-08-26,21:00,Norte,"-25.392810, -49.259667",Seco / Noite,Molhada,Não,Sim,Sim,Sim,4,Não,1,3,0,0,Sim,Negativo,Sim,Moto,Não,Não
Colisão,2018-05-26,07:45,Oeste,"-25.437502, -49.334876",Neblina / Dia,Escorregadia,Sim,Não,Sim,Sim,3,Sim,5,1,1,0,Não,Não realizado,Sim,Moto,Sim,Não
Colisão,2012-01-28,02:15,Leste,"-25.419721, -49.220252",Seco / Noite,Seca,Sim,Não,Sim,Sim,2,Sim,2,2,0,0,Não,Não realizado,Sim,Ônibus,Sim,Não
Colisão,2024-03-20,23:30,Centro,"-25.416419, -49.288566",Chuva / Noite,Escorregadia,Sim,Sim,Sim,Sim,2,Não,1,3,3,0,Não,Não realizado,Sim,Moto,Não,Não
Atropelamento,2017-03-23,16:30,Leste,"-25.431221, -49.217138",Seco / Dia,Seca,Não,Sim,Sim,Não,1,Não,1,5,2,0,Não,Não realizado,Sim,Bicicleta,Sim,Não
Colisão,2025-02-14,23:15,Centro,"-25.416844, -49.278725",Seco / Noite,Seca,Não,Sim,Não,Sim,3,Não,1,1,1,0,Sim,Positivo,Não,Caminhão,Não,Não
Atropelamento,2017-04-05,01:30,Sul,"-25.464433, -49.310174",Seco / Noite,Molhada,Sim,Não,Sim,Não,1,Não,1,5,5,0,Sim,Negativo,Não,Moto,Não,Não
Colisão,2019-01-07,22:30,Leste,"-25.437344, -49.224335",Chuva / Noite,Seca,Não,Sim,Não,Sim,4,Sim,5,1,0,0,Sim,Positivo,Sim,Bicicleta,Não,Não
Atropelamento,2016-07-15,16:45,Leste,"-25.419467, -49.227873",Seco / Dia,Escorregadia,Não,Não,Sim,Não,1,Sim,3,2,0,0,Sim,Positivo,Sim,Bicicleta,Não,Não
Capotamento,2025-07-02,17:30,Sul,"-25.460091, -49.311437",Chuva / Dia,Molhada,Sim,Não,Não,Não,1,Não,1,2,1,0,Sim,Negativo,Sim,Carro,Sim,Não
Atropelamento,2006-01-17,03:00,Leste,"-25.420325, -49.201523",Chuva / Noite,Molhada,Sim,Não,Sim,Sim,4,Sim,2,4,3,0,Não,Não realizado,Sim,Bicicleta,Não,Não
Colisão,2021-09-18,17:00,Leste,"-25.433116, -49.218759",Seco / Dia,Seca,Não,Sim,Não,Não,1,Sim,3,4,0,0,Sim,Positivo,Sim,Carro,Não,Não
Colisão,2017-03-11,12:00,Centro,"-25.439093, -49.286494",Seco / Dia,Molhada,Não,Não,Não,Sim,4,Não,1,1,1,0,Não,Não realizado,Sim,Ônibus,Sim,Não
Queda de moto,2007-08-07,09:15,Leste,"-25.410038, -49.207011",Seco / Dia,Escorregadia,Sim,Sim,Sim,Não,1,Sim,2,4,3,0,Não,Não realizado,Sim,Caminhão,Não,Não
Colisão,2018-01-12,04:45,Sul,"-25.473705, -49.297795",Seco / Noite,Escorregadia,Não,Sim,Sim,Não,1,Não,1,2,1,0,Não,Não realizado,Sim,Bicicleta,Sim,Não
Colisão,2019-01-15,03:00,Sul,"-25.457258, -49.284176",Seco / Noite,Seca,Sim,Não,Não,Sim,4,Não,1,3,2,0,Sim,Negativo,Sim,Caminhão,Sim,Não
Queda de moto,2020-03-14,12:45,Oeste,"-25.418215, -49.321210",Seco / Dia,Escorregadia,Não,Sim,Sim,Não,1,Sim,2,5,2,0,Não,Não realizado,Sim,Bicicleta,Não,Não
Colisão,2023-04-30,01:45,Oeste,"-25.434641, -49.302224",Seco / Noite,Molhada,Não,Não,Não,Sim,4,Não,1,1,1,0,Não,Não realizado,Sim,Ônibus,Sim,Não
Colisão,2005-06-02,22:00,Sul,"-25.448231, -49.311744",Chuva / Noite,Seca,Não,Sim,Sim,Sim,4,Não,1,2,2,0,Não,Não realizado,Sim,Moto,Não,Não
Colisão,2015-06-18,10:15,Oeste,"-25.415554, -49.313160",Seco / Dia,Escorregadia,Não,Sim,Não,Sim,2,Não,1,4,4,0,Sim,Positivo,Sim,Bicicleta,Não,Não
Atropelamento,2014-04-15,17:30,Centro,"-25.417365, -49.287226",Seco / Dia,Molhada,Não,Sim,Não,Não,1,Sim,2,2,0,0,Não,Não realizado,Sim,Moto,Sim,Não
Atropelamento,2022-02-14,23:30,Norte,"-25.389791, -49.256385",Seco / Noite,Seca,Não,Sim,Sim,Sim,2,Não,1,4,4,0,Não,Não realizado,Sim,Bicicleta,Sim,Não
Colisão,2016-07-08,06:30,Leste,"-25.421759, -49.244014",Chuva / Dia,Escorregadia,Não,Não,Não,Não,1,Sim,4,1,0,0,Sim,Positivo,Sim,Ônibus,Não,Não
Colisão,2013-11-29,05:30,Norte,"-25.400515, -49.253328",Neblina / Noite,Seca,Sim,Não,Não,Sim,2,Sim,4,5,0,0,Sim,Negativo,Não,Ônibus,Sim,Sim
Colisão,2005-09-07,06:00,Norte,"-25.391147, -49.278270",Seco / Dia,Seca,Sim,Sim,Não,Sim,2,Não,1,1,1,0,Não,Não realizado,Sim,Ônibus,Sim,Não
Capotamento,2020-12-08,07:15,Oeste,"-25.424485, -49.328599",Seco / Dia,Escorregadia,Sim,Sim,Não,Sim,2,Não,1,4,2,0,Sim,Positivo,Sim,Carro,Sim,Não
Colisão,2020-02-17,02:00,Centro,"-25.426654, -49.261248",Chuva / Noite,Escorregadia,Não,Sim,Não,Sim,3,Sim,2,2,1,0,Sim,Positivo,Sim,Moto,Não,Não
Atropelamento,2017-07-31,05:45,Oeste,"-25.421490, -49.325330",Seco / Noite,Escorregadia,Não,Sim,Não,Não,1,Sim,5,5,0,0,Não,Não realizado,Sim,Moto,Não,Não
Colisão,2015-09-09,18:15,Leste,"-25.412587, -49.238315",Seco / Dia,Molhada,Sim,Não,Sim,Sim,4,Não,1,2,0,0,Não,Não realizado,Sim,Caminhão,Não,Não
Colisão,2009-08-30,12:15,Centro,"-25.416491, -49.274384",Seco / Dia,Seca,Não,Não,Não,Não,1,Não,1,1,1,0,Sim,Positivo,Sim,Carro,Não,Sim
Queda de moto,2017-01-25,23:30,Leste,"-25.422547, -49.239017",Seco / Noite,Escorregadia,Não,Não,Não,Sim,2,Sim,2,3,1,0,Sim,Negativo,Sim,Moto,Não,Não
Colisão,2011-03-17,14:30,Norte,"-25.388814, -49.274760",Seco / Dia,Seca,Não,Não,Não,Sim,3,Sim,3,1,0,0,Não,Não realizado,Sim,Ônibus,Não,Não
Colisão,2023-12-13,04:00,Centro,"-25.415814, -49.279097",Seco / Noite,Escorregadia,Não,Sim,Sim,Sim,4,Não,1,4,3,0,Sim,Negativo,Sim,Caminhão,Não,Não
Colisão,2005-03-30,02:15,Norte,"-25.402412, -49.289617",Seco / Noite,Escorregadia,Sim,Não,Não,Sim,3,Não,1,4,4,0,Sim,Negativo,Sim,Ônibus,Não,Não
Capotamento,2017-11-11,01:15,Sul,"-25.458959, -49.301311",Seco / Noite,Molhada,Sim,Sim,Não,Não,1,Sim,3,4,0,0,Sim,Negativo,Sim,Caminhão,Sim,Não
Atropelamento,2006-05-20,15:45,Leste,"-25.431796, -49.209047",Seco / Dia,Escorregadia,Sim,Não,Sim,Não,1,Não,1,5,0,0,Sim,Negativo,Sim,Ônibus,Sim,Não
Colisão,2012-01-12,18:00,Leste,"-25.419975, -49.245149",Seco / Dia,Molhada,Não,Sim,Sim,Sim,2,Sim,5,1,1,0,Não,Não realizado,Sim,Moto,Não,Sim
Colisão,2019-08-18,07:30,Centro,"-25.435758, -49.281492",Seco / Dia,Molhada,Não,Sim,Sim,Não,1,Não,1,2,0,0,Não,Não realizado,Não,Carro,Sim,Não
Atropelamento,2025-03-02,22:00,Sul,"-25.476031, -49.310918",Seco / Noite,Seca,Não,Sim,Sim,Não,1,Não,1,3,2,2,Não,Não realizado,Sim,Bicicleta,Não,Não
Colisão,2006-05-12,22:00,Oeste,"-25.438800, -49.313302",Chuva / Noite,Escorregadia,Sim,Sim,Sim,Não,1,Sim,5,3,1,0,Não,Não realizado,Sim,Carro,Não,Não
Colisão,2014-04-16,01:15,Leste,"-25.418214, -49.244381",Seco / Noite,Escorregadia,Não,Sim,Não,Não,1,Não,1,2,2,0,Não,Não realizado,Sim,Ônibus,Sim,Não
Colisão,2017-10-10,08:15,Norte,"-25.385987, -49.248063",Seco / Dia,Seca,Não,Sim,Sim,Sim,2,Não,1,2,2,0,Não,Não realizado,Sim,Caminhão,Sim,Não
Queda de moto,2024-10-29,13:45,Sul,"-25.447520, -49.293392",Seco / Dia,Escorregadia,Não,Não,Não,Não,1,Não,1,4,2,0,Sim,Positivo,Sim,Caminhão,Não,Não
Colisão,2010-11-13,19:30,Oeste,"-25.426999, -49.329708",Seco / Noite,Escorregadia,Sim,Não,Não,Sim,2,Sim,4,4,3,0,Não,Não realizado,Sim,Moto,Não,Não
Atropelamento,2022-04-23,20:45,Leste,"-25.410600, -49.223431",Neblina / Noite,Escorregadia,Não,Não,Não,Não,1,Não,1,4,3,0,Sim,Positivo,Sim,Caminhão,Não,Sim
Atropelamento,2015-01-16,15:00,Sul,"-25.479212, -49.290919",Seco / Dia,Seca,Não,Não,Não,Não,1,Não,1,4,3,0,Não,Não realizado,Sim,Moto,Não,Não
Atropelamento,2015-12-05,04:45,Leste,"-25.432714, -49.228960",Chuva / Noite,Molhada,Sim,Sim,Sim,Não,1,Sim,3,3,2,0,Não,Não realizado,Sim,Carro,Sim,Não
Colisão,2005-11-27,12:00,Sul,"-25.466375, -49.285918",Chuva / Dia,Seca,Sim,Não,Sim,Sim,2,Não,1,2,2,0,Não,Não realizado,Sim,Ônibus,Não,Não
Queda de moto,2023-10-12,17:15,Norte,"-25.392923, -49.279082",Seco / Dia,Escorregadia,Sim,Sim,Não,Não,1,Não,1,1,0,0,Não,Não realizado,Sim,Bicicleta,Não,Não
Colisão,2008-06-11,20:15,Oeste,"-25.433606, -49.325952",Seco / Noite,Escorregadia,Não,Sim,Não,Não,1,Não,1,2,2,0,Sim,Negativo,Sim,Bicicleta,Sim,Sim
Colisão,2025-01-03,00:15,Norte,"-25.400083, -49.289800",Seco / Noite,Escorregadia,Sim,Sim,Não,Sim,3,Não,1,4,4,0,Sim,Positivo,Sim,Moto,Sim,Não
Colisão,2019-05-25,00:45,Centro,"-25.426043, -49.285047",Chuva / Noite,Molhada,Não,Não,Não,Sim,4,Sim,3,5,3,0,Sim,Negativo,Sim,Moto,Sim,Não
Colisão,2017-12-07,17:00,Oeste,"-25.417641, -49.300649",Chuva / Dia,Escorregadia,Não,Sim,Sim,Sim,2,Não,1,3,3,0,Não,Não realizado,Sim,Bicicleta,Sim,Não
Colisão,2008-11-02,10:15,Norte,"-25.400703, -49.278052",Chuva / Dia,Escorregadia,Não,Não,Sim,Sim,4,Não,1,3,1,0,Sim,Negativo,Sim,Moto,Sim,Não
Colisão,2013-08-11,01:15,Norte,"-25.385550, -49.281246",Chuva / Noite,Molhada,Sim,Sim,Não,Não,1,Não,1,2,1,0,Não,Não realizado,Sim,Bicicleta,Não,Não
Colisão,2005-05-16,02:45,Centro,"-25.425251, -49.280734",Chuva / Noite,Molhada,Sim,Sim,Não,Não,1,Não,1,3,1,0,Não,Não realizado,Sim,Caminhão,Sim,Não
Capotamento,2019-03-07,08:45,Leste,"-25.437478, -49.212899",Chuva / Dia,Seca,Não,Sim,Sim,Sim,4,Não,1,1,1,0,Sim,Positivo,Sim,Moto,Não,Não
Queda de moto,2024-02-09,11:00,Norte,"-25.385028, -49.265818",Chuva / Dia,Escorregadia,Sim,Sim,Sim,Sim,3,Não,1,2,2,0,Sim,Negativo,Sim,Caminhão,Não,Não
Capotamento,2023-07-16,05:15,Centro,"-25.413694, -49.280772",Seco / Noite,Seca,Não,Sim,Não,Não,1,Sim,4,3,0,0,Sim,Positivo,Sim,Bicicleta,Sim,Não
Colisão,2005-06-05,04:00,Oeste,"-25.432311, -49.302877",Seco / Noite,Seca,Sim,Não,Não,Não,1,Não,1,1,0,0,Sim,Negativo,Sim,Bicicleta,Não,Não
Colisão,2017-02-18,19:00,Sul,"-25.445002, -49.283071",Seco / Noite,Molhada,Não,Não,Não,Sim,2,Sim,2,3,1,0,Sim,Negativo,Sim,Moto,Sim,Sim
Colisão,2019-12-08,22:15,Norte,"-25.381927, -49.248224",Seco / Noite,Seca,Não,Sim,Não,Sim,4,Não,1,4,0,0,Sim,Positivo,Sim,Carro,Não,Não
Colisão,2005-05-29,08:45,Norte,"-25.395656, -49.270974",Chuva / Dia,Seca,Não,Sim,Não,Sim,4,Sim,3,1,1,0,Sim,Negativo,Não,Ônibus,Sim,Não
Colisão,2021-12-08,02:30,Norte,"-25.394668, -49.287825",Chuva / Noite,Molhada,Não,Não,Sim,Sim,3,Não,1,2,0,0,Não,Não realizado,Sim,Ônibus,Não,Não
Colisão,2012-09-16,01:30,Leste,"-25.421198, -49.231712",Seco / Noite,Molhada,Não,Não,Sim,Sim,3,Sim,5,2,0,0,Não,Não realizado,Sim,Bicicleta,Sim,Não
Atropelamento,2009-09-24,03:00,Oeste,"-25.427317, -49.311186",Seco / Noite,Seca,Não,Sim,Não,Sim,3,Não,1,2,2,0,Não,Não realizado,Sim,Bicicleta,Não,Não
Colisão,2005-04-27,19:45,Norte,"-25.382365, -49.243069",Seco / Noite,Seca,Sim,Não,Não,Não,1,Não,1,2,1,0,Não,Não realizado,Sim,Ônibus,Sim,Não