TIPO DE ACIDENTE,DATA,HORA,REGIÃO,COORDENADA GEOGRÁFICA,SITUAÇÃO CLIMÁTICA/LUMINOSIDADE,CONDIÇÕES DA SUPERFÍCIE DE ROLAMENTO,POSSUI SINALIZAÇÃO HORIZONTAL,POSSUI SINALIZAÇÃO VERTICAL,PRÓXIMO A EQUIPO ELETRÔNICO,HOUVE OUTROS VEÍCULOS ENVOLVIDOS,QUANTOS VEÍCULOS,HAVIA OUTROS OCUPANTES NO VEÍCULO,QUANTOS OCUPANTES,ENVOLVIDOS,FERIDOS,ÓBITOS,FOI REALIZADO O TESTE DE BAFÔMETRO,QUAL O RESULTADO,POSSUI HABILITAÇÃO,VEÍCULO TIPO,HOUVE DANOS AO PATRIMÔNIO PÚBLICO?,HOUVE DANOS AO MEIO AMBIENTE?
Queda de moto,2011-03-25,09:45,Oeste,"-25.431092, -49.312519",Seco / Dia,Escorregadia,Não,Sim,Não,Sim,4,Não,1,2,0,0,Sim,Positivo,Sim,Ônibus,Sim,Não
Colisão,2025-02-15,23:15,Centro,"-25.438925, -49.285266",Seco / Noite,Seca,Sim,Não,Sim,Não,1,Sim,3,1,0,0,Não,Não realizado,Sim,Moto,Não,Não
Atropelamento,2005-07-14,13:00,Centro,"-25.426632, -49.272547",Seco / Dia,Seca,Sim,Sim,Sim,Não,1,Sim,3,2,1,0,Não,Não realizado,Sim,Moto,Não,Não
Queda de moto,2006-10-08,06:30,Centro,"-25.426509, -49.260844",Seco / Dia,Molhada,Não,Sim,Sim,Sim,3,Sim,4,1,1,0,Não,Não realizado,Sim,Carro,Sim,Não
Atropelamento,2019-03-10,03:30,Oeste,"-25.413732, -49.301957",Seco / Noite,Molhada,Sim,Sim,Sim,Sim,4,Sim,5,5,3,0,Sim,Negativo,Sim,Ônibus,Não,Não
Capotamento,2018-04-06,06:00,Centro,"-25.430540, -49.281927",Seco / Dia,Escorregadia,Sim,Sim,Sim,Sim,3,Sim,5,1,1,0,Não,Não realizado,Sim,Caminhão,Não,Sim
Colisão,2008-10-15,19:30,Leste,"-25.427016, -49.204098",Seco / Noite,Seca,Sim,Não,Sim,Não,1,Sim,2,2,0,0,Não,Não realizado,Sim,Ônibus,Sim,Não
Colisão,2017-10-03,14:30,Sul,"-25.452824, -49.301010",Seco / Dia,Molhada,Sim,Sim,Não,Sim,3,Não,1,2,2,0,Não,Não realizado,Sim,Ônibus,Não,Não
Colisão,2016-08-29,11:45,Leste,"-25.419922, -49.246532",Chuva / Dia,Seca,Sim,Não,Sim,Não,1,Não,1,1,0,0,Sim,Negativo,Sim,Carro,Sim,Não
Queda de moto,2019-09-18,12:45,Norte,"-25.388306, -49.242423",Seco / Dia,Molhada,Sim,Sim,Sim,Não,1,Sim,2,3,2,0,Não,Não realizado,Sim,Carro,Sim,Não
Colisão,2018-03-19,03:15,Oeste,"-25.417763, -49.336218",Chuva / Noite,Escorregadia,Não,Não,Não,Não,1,Não,1,2,2,0,Não,Não realizado,Sim,Moto,Sim,Não
Atropelamento,2019-02-13,14:00,Leste,"-25.419299, -49.219197",Chuva / Dia,Molhada,Sim,Não,Sim,Não,1,Sim,4,4,0,0,Sim,Negativo,Sim,Ônibus,Não,Não
Colisão,2014-09-07,06:15,Leste,"-25.433286, -49.216209",Chuva / Dia,Seca,Não,Sim,Não,Não,1,Não,1,1,0,0,Sim,Positivo,Sim,Carro,Sim,Sim
Queda de moto,2019-12-04,00:45,Norte,"-25.407675, -49.287336",Seco / Noite,Molhada,Não,Sim,Não,Sim,3,Não,1,4,1,1,Não,Não realizado,Sim,Bicicleta,Não,Não
Atropelamento,2012-08-01,20:00,Norte,"-25.391146, -49.262087",Chuva / Noite,Seca,Não,Não,Não,Não,1,Sim,5,3,3,0,Não,Não realizado,Sim,Caminhão,Não,Não
Capotamento,2005-07-30,14:30,Sul,"-25.471457, -49.288836",Neblina / Dia,Escorregadia,Não,Não,Sim,Não,1,Sim,2,3,3,0,Não,Não realizado,Sim,Bicicleta,Sim,Não
Colisão,2014-08-04,02:30,Centro,"-25.415115, -49.279693",Seco / Noite,Escorregadia,Sim,Não,Não,Não,1,Sim,2,2,1,0,Não,Não realizado,Sim,Bicicleta,Não,Não
Atropelamento,2024-09-15,05:00,Sul,"-25.467828, -49.291020",Seco / Noite,Escorregadia,Sim,Não,Não,Não,1,Não,1,2,2,0,Não,Não realizado,Sim,Ônibus,Não,Não
Queda de moto,2018-10-07,23:30,Oeste,"-25.410510, -49.336111",Seco / Noite,Molhada,Não,Sim,Sim,Não,1,Não,1,1,0,0,Não,Não realizado,Sim,Moto,Não,Não
Queda de moto,2014-05-07,21:30,Oeste,"-25.431304, -49.316100",Seco / Noite,Seca,Não,Não,Não,Sim,2,Não,1,1,1,0,Não,Não realizado,Sim,Ônibus,Sim,Não
Colisão,2012-07-17,21:30,Sul,"-25.443884, -49.302457",Seco / Noite,Escorregadia,Sim,Sim,Sim,Não,1,Não,1,1,1,0,Não,Não realizado,Sim,Moto,Não,Não
Colisão,2009-11-17,12:00,Norte,"-25.384999, -49.250264",Seco / Dia,Seca,Sim,Sim,Sim,Sim,3,Não,1,3,1,0,Sim,Positivo,Sim,Moto,Sim,Não
Queda de moto,2009-01-09,05:15,Sul,"-25.449283, -49.307550",Seco / Noite,Escorregadia,Não,Não,Sim,Sim,3,Não,1,2,0,0,Não,Não realizado,Sim,Bicicleta,Sim,Não
Colisão,2020-12-27,00:15,Centro,"-25.418748, -49.288922",Seco / Noite,Escorregadia,Sim,Sim,Não,Sim,4,Não,1,4,0,0,Não,Não realizado,Sim,Ônibus,Não,Não
Colisão,2014-07-02,16:45,Centro,"-25.413880, -49.276185",Seco / Dia,Seca,Sim,Sim,Sim,Sim,3,Sim,5,4,4,0,Sim,Negativo,Sim,Moto,Não,Não
Colisão,2013-01-24,12:00,Centro,"-25.437330, -49.267679",Seco / Dia,Escorregadia,Não,Não,Não,Sim,3,Não,1,1,1,0,Não,Não realizado,Sim,Moto,Não,Sim
Colisão,2025-10-24,05:15,Norte,"-25.381306, -49.277140",Seco / Noite,Escorregadia,Não,Não,Não,Sim,2,Sim,3,1,1,0,Sim,Positivo,Não,Bicicleta,Não,Não
Capotamento,2016-12-22,03:00,Oeste,"-25.430137, -49.328141",Seco / Noite,Escorregadia,Não,Sim,Sim,Não,1,Sim,2,1,1,1,Sim,Positivo,Sim,Ônibus,Sim,Não
Capotamento,2016-05-21,19:00,Sul,"-25.475897, -49.283138",Seco / Noite,Molhada,Sim,Sim,Não,Não,1,Sim,2,1,1,0,Sim,Negativo,Não,Caminhão,Sim,Sim
Colisão,2005-02-09,11:15,Norte,"-25.396325, -49.279731",Chuva / Dia,Escorregadia,Sim,Não,Não,Sim,3,Sim,3,2,0,0,Não,Não realizado,Sim,Carro,Sim,Não
Queda de moto,2014-04-26,07:45,Centro,"-25.421744, -49.268813",Seco / Dia,Molhada,Sim,Não,Sim,Não,1,Sim,3,3,3,0,Sim,Positivo,Sim,Ônibus,Sim,Não
Atropelamento,2008-08-13,07:15,Norte,"-25.396527, -49.272957",Chuva / Dia,Escorregadia,Sim,Sim,Sim,Sim,3,Sim,5,3,0,0,Não,Não realizado,Sim,Caminhão,Sim,Não
Colisão,2015-12-04,12:45,Centro,"-25.430002, -49.269328",Seco / Dia,Escorregadia,Não,Não,Não,Não,1,Sim,5,5,0,0,Não,Não realizado,Não,Ônibus,Não,Sim
Colisão,2013-09-27,00:30,Centro,"-25.415992, -49.265559",Seco / Noite,Seca,Não,Sim,Sim,Não,1,Sim,4,1,1,0,Não,Não realizado,Sim,Ônibus,Sim,Não
Colisão,2009-02-06,01:15,Oeste,"-25.410961, -49.323335",Chuva / Noite,Molhada,Não,Sim,Sim,Não,1,Não,1,1,1,0,Não,Não realizado,Sim,Caminhão,Não,Não
Colisão,2007-10-26,01:15,Leste,"-25.412156, -49.233904",Seco / Noite,Molhada,Sim,Sim,Sim,Sim,3,Sim,4,2,2,0,Não,Não realizado,Sim,Moto,Sim,Não
Atropelamento,2018-07-04,07:30,Oeste,"-25.421621, -49.316222",Seco / Dia,Escorregadia,Sim,Não,Sim,Sim,2,Sim,5,5,5,0,Não,Não realizado,Sim,Bicicleta,Não,Não
Colisão,2013-09-12,19:30,Leste,"-25.437175, -49.249099",Seco / Noite,Seca,Sim,Sim,Sim,Sim,4,Sim,2,2,0,0,Não,Não realizado,Não,Ônibus,Não,Não
Colisão,2009-09-10,09:30,Leste,"-25.413738, -49.223893",Chuva / Dia,Molhada,Não,Não,Sim,Sim,3,Sim,3,2,2,0,Não,Não realizado,Não,Bicicleta,Sim,Não
Capotamento,2016-09-11,05:45,Centro,"-25.431504, -49.289170",Seco / Noite,Seca,Não,Sim,Não,Sim,4,Não,1,3,0,0,Não,Não realizado,Não,Ônibus,Sim,Não
Colisão,2013-08-31,13:00,Centro,"-25.439462, -49.269846",Chuva / Dia,Molhada,Não,Não,Não,Sim,3,Não,1,3,0,0,Sim,Negativo,Sim,Bicicleta,Não,Não
Colisão,2009-12-09,23:30,Centro,"-25.439163, -49.283208",Seco / Noite,Seca,Não,Não,Sim,Não,1,Não,1,2,1,0,Não,Não realizado,Sim,Moto,Sim,Não
Capotamento,2025-10-08,07:15,Oeste,"-25.436025, -49.306341",Seco / Dia,Molhada,Sim,Não,Sim,Sim,3,Não,1,2,0,0,Sim,Positivo,Sim,Moto,Sim,Não
Queda de moto,2019-10-01,21:00,Oeste,"-25.418533, -49.339809",Seco / Noite,Molhada,Não,Sim,Sim,Não,1,Sim,2,2,1,0,Não,Não realizado,Sim,Caminhão,Não,Sim
Colisão,2011-10-25,13:00,Leste,"-25.438244, -49.223963",Chuva / Dia,Molhada,Não,Sim,Sim,Sim,2,Sim,5,1,1,0,Não,Não realizado,Sim,Ônibus,Não,Não
Capotamento,2010-11-05,15:30,Leste,"-25.436851, -49.206142",Neblina / Dia,Seca,Não,Sim,Sim,Sim,3,Sim,3,2,0,0,Sim,Positivo,Sim,Bicicleta,Não,Sim
Colisão,2012-05-16,21:30,Oeste,"-25.412308, -49.337084",Seco / Noite,Escorregadia,Não,Não,Sim,Sim,4,Não,1,3,1,0,Não,Não realizado,Sim,Bicicleta,Sim,Não
Atropelamento,2020-06-13,00:15,Leste,"-25.431091, -49.200746",Seco / Noite,Escorregadia,Sim,Não,Sim,Sim,3,Sim,2,5,3,0,Não,Não realizado,Sim,Carro,Não,Não
Colisão,2022-12-24,04:15,Sul,"-25.443498, -49.318799",Seco / Noite,Seca,Sim,Não,Não,Sim,3,Sim,5,2,2,0,Não,Não realizado,Sim,Carro,Não,Não
Colisão,2012-10-23,03:45,Leste,"-25.418369, -49.222176",Chuva / Noite,Molhada,Sim,Sim,Sim,Sim,3,Não,1,1,1,0,Não,Não realizado,Sim,Bicicleta,Sim,Não
Colisão,2017-05-02,02:45,Sul,"-25.477149, -49.281980",Chuva / Noite,Molhada,Não,Sim,Sim,Não,1,Não,1,2,2,0,Sim,Negativo,Sim,Moto,Sim,Não
Colisão,2010-09-15,12:00,Norte,"-25.396820, -49.252303",Seco / Dia,Seca,Não,Não,Não,Não,1,Não,1,1,0,0,Não,Não realizado,Sim,Caminhão,Não,Não
Colisão,2016-08-24,04:15,Norte,"-25.381897, -49.281496",Neblina / Noite,Seca,Não,Não,Não,Não,1,Sim,4,2,1,0,Sim,Positivo,Não,Bicicleta,Sim,Não
Queda de moto,2013-05-13,17:45,Norte,"-25.394080, -49.256979",Chuva / Dia,Seca,Não,Não,Não,Sim,2,Sim,3,1,1,0,Não,Não realizado,Sim,Carro,Não,Não
Capotamento,2012-04-16,08:45,Norte,"-25.380114, -49.257198",Seco / Dia,Seca,Não,Não,Sim,Sim,3,Sim,2,2,1,0,Não,Não realizado,Sim,Moto,Não,Não
Colisão,2005-10-24,17:15,Centro,"-25.432829, -49.260405",Neblina / Dia,Escorregadia,Sim,Sim,Não,Sim,2,Sim,4,2,0,0,Não,Não realizado,Sim,Carro,Sim,Não
Colisão,2022-06-29,08:15,Sul,"-25.467041, -49.285742",Seco / Dia,Escorregadia,Não,Não,Não,Não,1,Não,1,1,0,0,Não,Não realizado,Sim,Bicicleta,Não,Não
Colisão,2008-12-25,05:15,Norte,"-25.381158, -49.249523",Chuva / Noite,Seca,Não,Sim,Sim,Não,1,Não,1,4,0,0,Não,Não realizado,Sim,Caminhão,Não,Não
Atropelamento,2013-11-01,05:30,Leste,"-25.418693, -49.213858",Chuva / Noite,Escorregadia,Não,Não,Não,Sim,4,Sim,2,5,5,0,Não,Não realizado,Sim,Ônibus,Não,Não
Atropelamento,2019-08-11,21:15,Sul,"-25.459181, -49.281321",Seco / Noite,Molhada,Não,Não,Sim,Não,1,Sim,4,2,2,0,Não,Não realizado,Não,Ônibus,Não,Não
Atropelamento,2018-07-13,16:30,Norte,"-25.381266, -49.262235",Seco / Dia,Escorregadia,Não,Sim,Não,Não,1,Sim,5,3,2,0,Sim,Negativo,Sim,Carro,Não,Não
Colisão,2010-03-20,11:15,Norte,"-25.392820, -49.240368",Chuva / Dia,Escorregadia,Sim,Não,Não,Não,1,Não,1,5,3,0,Sim,Positivo,Sim,Caminhão,Sim,Não
Atropelamento,2024-08-22,00:15,Norte,"-25.407611, -49.268855",Seco / Noite,Seca,Sim,Não,Não,Sim,2,Não,1,2,1,0,Não,Não realizado,Sim,Bicicleta,Sim,Não
Colisão,2022-10-08,05:45,Sul,"-25.476044, -49.296819",Neblina / Noite,Escorregadia,Não,Sim,Não,Não,1,Não,1,1,1,0,Não,Não realizado,Sim,Bicicleta,Não,Não
Colisão,2005-10-10,03:30,Leste,"-25.438712, -49.205277",Seco / Noite,Seca,Sim,Sim,Sim,Não,1,Sim,2,2,2,0,Não,Não realizado,Sim,Ônibus,Sim,Não
Colisão,2025-02-14,08:45,Leste,"-25.437257, -49.238715",Chuva / Dia,Seca,Não,Não,Não,Não,1,Não,1,1,1,0,Não,Não realizado,Sim,Bicicleta,Não,Não
Colisão,2023-01-04,05:45,Centro,"-25.416310, -49.277852",Chuva / Noite,Seca,Sim,Não,Não,Sim,4,Não,1,2,2,0,Não,Não realizado,Sim,Caminhão,Sim,Não
Colisão,2016-06-15,14:00,Centro,"-25.422849, -49.273510",Seco / Dia,Molhada,Sim,Sim,Sim,Não,1,Sim,4,5,1,0,Sim,Positivo,Sim,Bicicleta,Sim,Não
Colisão,2014-05-11,14:30,Leste,"-25.437238, -49.209344",Seco / Dia,Escorregadia,Sim,Sim,Não,Sim,4,Sim,5,2,0,0,Não,Não realizado,Sim,Bicicleta,Sim,Não
Colisão,2021-10-03,21:00,Norte,"-25.383456, -49.272022",Seco / Noite,Molhada,Não,Sim,Sim,Não,1,Não,1,2,0,0,Não,Não realizado,Não,Bicicleta,Sim,Não
Queda de moto,2012-07-07,00:45,Norte,"-25.382223, -49.270647",Seco / Noite,Seca,Sim,Sim,Não,Sim,3,Sim,4,1,1,0,Não,Não realizado,Não,Caminhão,Sim,Não
Colisão,2017-01-26,05:45,Norte,"-25.398946, -49.260339",Seco / Noite,Seca,Não,Não,Sim,Sim,4,Sim,5,2,1,0,Não,Não realizado,Sim,Bicicleta,Sim,Não
Colisão,2012-11-24,07:45,Leste,"-25.422482, -49.244357",Seco / Dia,Seca,Sim,Sim,Sim,Sim,4,Sim,5,3,1,0,Não,Não realizado,Sim,Carro,Não,Não
Atropelamento,2013-09-13,14:15,Leste,"-25.410052, -49.230384",Seco / Dia,Escorregadia,Sim,Sim,Sim,Não,1,Sim,2,2,1,0,Sim,Negativo,Sim,Bicicleta,Sim,Não
Colisão,2005-10-18,23:00,Centro,"-25.433177, -49.278788",Seco / Noite,Seca,Não,Sim,Não,Sim,4,Não,1,2,2,0,Sim,Negativo,Não,Caminhão,Não,Não
Queda de moto,2012-01-14,09:30,Leste,"-25.437724, -49.249180",Seco / Dia,Seca,Sim,Sim,Sim,Sim,4,Sim,2,1,1,0,Sim,Negativo,Sim,Ônibus,Sim,Não
Colisão,2022-09-25,11:45,Oeste,"-25.438694, -49.309455",Seco / Dia,Seca,Não,Não,Não,Não,1,Não,1,2,0,0,Não,Não realizado,Sim,Caminhão,Sim,Não
Atropelamento,2015-03-07,14:15,Centro,"-25.416900, -49.284814",Seco / Dia,Escorregadia,Não,Não,Sim,Sim,2,Não,1,4,3,0,Não,Não realizado,Sim,Ônibus,Não,Não
Atropelamento,2022-12-19,07:45,Leste,"-25.426099, -49.235531",Chuva / Dia,Seca,Sim,Sim,Sim,Sim,3,Não,1,2,1,0,Sim,Positivo,Sim,Ônibus,Sim,Sim
Queda de moto,2018-06-07,11:00,Norte,"-25.395035, -49.266797",Seco / Dia,Molhada,Sim,Não,Não,Sim,4,Sim,2,1,0,0,Sim,Negativo,Sim,Ônibus,Sim,Não
Queda de moto,2011-07-06,05:00,Leste,"-25.430048, -49.225315",Seco / Noite,Molhada,Sim,Sim,Sim,Não,1,Não,1,1,0,0,Sim,Positivo,Sim,Bicicleta,Não,Sim
Atropelamento,2018-11-13,03:00,Oeste,"-25.425985, -49.312192",Seco / Noite,Molhada,Não,Sim,Não,Não,1,Não,1,5,0,0,Não,Não realizado,Sim,Moto,Não,Não
Capotamento,2007-06-11,04:00,Centro,"-25.410045, -49.260204",Seco / Noite,Seca,Sim,Não,Sim,Sim,4,Sim,3,3,3,0,Não,Não realizado,Sim,Carro,Não,Sim
Colisão,2018-12-28,14:00,Oeste,"-25.430066, -49.328277",Seco / Dia,Escorregadia,Sim,Sim,Sim,Sim,3,Não,1,1,1,0,Sim,Negativo,Sim,Bicicleta,Sim,Não
Capotamento,2014-12-30,18:30,Leste,"-25.423499, -49.239144",Chuva / Dia,Escorregadia,Não,Sim,Sim,Não,1,Não,1,1,1,0,Não,Não realizado,Não,Carro,Sim,Não
Atropelamento,2005-01-29,17:45,Leste,"-25.418168, -49.243684",Chuva / Dia,Seca,Sim,Sim,Sim,Sim,4,Sim,2,2,0,0,Sim,Negativo,Não,Bicicleta,Sim,Não
Queda de moto,2016-03-13,13:45,Leste,"-25.420709, -49.224303",Chuva / Dia,Escorregadia,Não,Não,Sim,Não,1,Não,1,1,1,0,Não,Não realizado,Sim,Moto,Não,Não
Queda de moto,2005-05-30,13:00,Centro,"-25.415919, -49.276334",Seco / Dia,Escorregadia,Sim,Não,Sim,Não,1,Sim,2,1,1,0,Sim,Negativo,Sim,Ônibus,Não,Não
Capotamento,2012-12-11,06:00,Norte,"-25.388664, -49.267552",Seco / Dia,Seca,Sim,Sim,Não,Não,1,Não,1,4,0,0,Não,Não realizado,Sim,Moto,Sim,Não
Atropelamento,2016-10-02,18:30,Oeste,"-25.413942, -49.320433",Neblina / Dia,Molhada,Sim,Não,Não,Não,1,Sim,2,4,4,0,Não,Não realizado,Sim,Caminhão,Sim,Não
Colisão,2005-08-27,18:30,Oeste,"-25.436862, -49.318560",Neblina / Dia,Molhada,Sim,Sim,Não,Sim,4,Não,1,1,1,0,Não,Não realizado,Sim,Carro,Sim,Não
Atropelamento,2017-11-05,10:30,Oeste,"-25.436837, -49.334169",Seco / Dia,Molhada,Não,Sim,Não,Sim,4,Não,1,2,0,0,Não,Não realizado,Sim,Ônibus,Sim,Não
Colisão,2019-06-16,01:30,Leste,"-25.417580, -49.231636",Neblina / Noite,Molhada,Não,Sim,Sim,Não,1,Sim,5,1,0,0,Não,Não realizado,Sim,Moto,Não,Não
Colisão,2016-07-13,18:00,Norte,"-25.381438, -49.257516",Neblina / Dia,Escorregadia,Sim,Sim,Sim,Sim,2,Sim,3,1,1,0,Sim,Negativo,Sim,Bicicleta,Sim,Não
Colisão,2025-01-22,09:45,Sul,"-25.442719, -49.290986",Seco / Dia,Seca,Sim,Sim,Não,Sim,4,Sim,3,3,0,0,Não,Não realizado,Sim,Caminhão,Não,Não
Capotamento,2018-12-17,18:45,Norte,"-25.389314, -49.277198",Seco / Dia,Seca,Não,Não,Sim,Sim,3,Sim,3,1,1,0,Não,Não realizado,Sim,Moto,Não,Não
Queda de moto,2013-12-26,22:30,Leste,"-25.435298, -49.233488",Chuva / Noite,Escorregadia,Sim,Não,Não,Sim,3,Sim,4,3,2,0,Não,Não realizado,Sim,Bicicleta,Não,Não
Colisão,2012-01-09,19:30,Leste,"-25.437629, -49.219110",Seco / Noite,Escorregadia,Sim,Não,Não,Não,1,Não,1,3,0,0,Não,Não realizado,Sim,Bicicleta,Sim,Não
Atropelamento,2012-05-07,08:30,Oeste,"-25.423874, -49.303558",Chuva / Dia,Seca,Sim,Não,Não,Sim,2,Sim,5,4,1,1,Não,Não realizado,Sim,Ônibus,Não,Não
Colisão,2020-11-18,23:30,Centro,"-25.431108, -49.263197",Neblina / Noite,Seca,Não,Sim,Não,Não,1,Sim,5,1,0,0,Não,Não realizado,Sim,Moto,Sim,Não
Atropelamento,2021-12-09,07:15,Leste,"-25.414985, -49.248536",Seco / Dia,Molhada,Sim,Não,Não,Sim,4,Sim,3,3,2,0,Não,Não realizado,Não,Bicicleta,Não,Não
Colisão,2008-08-15,14:00,Oeste,"-25.426802, -49.310982",Seco / Dia,Seca,Não,Sim,Sim,Sim,2,Sim,2,4,1,0,Sim,Positivo,Não,Caminhão,Sim,Não
Capotamento,2016-01-28,06:30,Centro,"-25.437278, -49.269766",Seco / Dia,Seca,Sim,Sim,Não,Sim,4,Sim,5,3,2,0,Não,Não realizado,Sim,Caminhão,Sim,Não
Queda de moto,2005-01-10,20:00,Oeste,"-25.423074, -49.327888",Seco / Noite,Seca,Sim,Não,Sim,Sim,2,Sim,5,3,0,0,Não,Não realizado,Sim,Ônibus,Sim,Não
Colisão,2022-02-21,05:30,Norte,"-25.387441, -49.266603",Chuva / Noite,Escorregadia,Sim,Sim,Sim,Não,1,Não,1,1,1,0,Sim,Negativo,Sim,Moto,Sim,Não
Colisão,2011-06-23,23:45,Centro,"-25.430901, -49.282068",Seco / Noite,Molhada,Sim,Não,Sim,Não,1,Não,1,4,3,0,Não,Não realizado,Sim,Moto,Sim,Não
Atropelamento,2017-05-29,10:15,Centro,"-25.436384, -49.287847",Chuva / Dia,Molhada,Sim,Sim,Não,Sim,2,Sim,3,2,0,0,Não,Não realizado,Sim,Carro,Sim,Não
Atropelamento,2007-04-13,00:30,Sul,"-25.463935, -49.309259",Seco / Noite,Escorregadia,Sim,Sim,Não,Sim,4,Sim,2,2,2,0,Não,Não realizado,Sim,Moto,Não,Não
Colisão,2013-11-02,09:15,Norte,"-25.383272, -49.249373",Seco / Dia,Seca,Sim,Sim,Sim,Não,1,Sim,2,2,0,0,Não,Não realizado,Sim,Moto,Não,Não
Atropelamento,2025-08-05,04:00,Centro,"-25.431708, -49.268345",Seco / Noite,Seca,Não,Sim,Sim,Sim,4,Sim,4,5,5,0,Não,Não realizado,Sim,Caminhão,Sim,Não
Colisão,2015-06-09,17:00,Oeste,"-25.415968, -49.319502",Seco / Dia,Escorregadia,Não,Sim,Sim,Sim,4,Não,1,1,0,0,Não,Não realizado,Sim,Bicicleta,Sim,Não
Capotamento,2017-06-24,23:30,Norte,"-25.382920, -49.264435",Seco / Noite,Escorregadia,Sim,Não,Não,Sim,3,Não,1,2,1,0,Não,Não realizado,Sim,Ônibus,Não,Não
Colisão,2006-07-23,21:15,Norte,"-25.401790, -49.249670",Seco / Noite,Molhada,Não,Sim,Sim,Não,1,Não,1,1,0,0,Não,Não realizado,Sim,Ônibus,Sim,Não
Colisão,2010-03-26,18:00,Oeste,"-25.426480, -49.333450",Neblina / Dia,Seca,Não,Não,Não,Não,1,Não,1,3,0,0,Não,Não realizado,Sim,Caminhão,Não,Não
Colisão,2015-08-24,02:00,Leste,"-25.436186, -49.225481",Chuva / Noite,Seca,Não,Não,Não,Não,1,Não,1,1,0,0,Não,Não realizado,Sim,Carro,Sim,Não
Capotamento,2021-05-08,17:00,Sul,"-25.472949, -49.297607",Seco / Dia,Seca,Não,Não,Não,Não,1,Não,1,1,0,0,Sim,Negativo,Sim,Bicicleta,Não,Não
Queda de moto,2014-05-16,14:45,Centro,"-25.438308, -49.288759",Seco / Dia,Seca,Sim,Sim,Sim,Não,1,Não,1,1,0,0,Sim,Positivo,Sim,Bicicleta,Sim,Não
Colisão,2018-02-10,14:15,Centro,"-25.429277, -49.282323",Chuva / Dia,Escorregadia,Sim,Não,Não,Não,1,Sim,4,1,1,0,Não,Não realizado,Sim,Carro,Sim,Sim
Colisão,2010-10-25,21:15,Norte,"-25.397228, -49.278607",Seco / Noite,Seca,Não,Sim,Sim,Não,1,Sim,4,1,1,0,Não,Não realizado,Sim,Carro,Sim,Não
Queda de moto,2019-05-26,11:15,Norte,"-25.403206, -49.279305",Seco / Dia,Escorregadia,Não,Sim,Sim,Não,1,Sim,3,1,1,0,Sim,Negativo,Não,Carro,Não,Não
Colisão,2018-05-19,03:30,Centro,"-25.416321, -49.272500",Seco / Noite,Escorregadia,Sim,Não,Sim,Sim,4,Sim,5,2,2,0,Não,Não realizado,Sim,Bicicleta,Não,Não
Atropelamento,2016-08-24,05:45,Sul,"-25.478357, -49.302081",Seco / Noite,Molhada,Sim,Sim,Não,Sim,4,Sim,5,5,0,0,Sim,Positivo,Sim,Moto,Sim,Não
Atropelamento,2018-05-06,20:30,Sul,"-25.478678, -49.300973",Seco / Noite,Seca,Sim,Não,Não,Sim,2,Sim,5,5,2,0,Sim,Negativo,Sim,Carro,Sim,Não
Atropelamento,2019-05-03,10:00,Sul,"-25.443314, -49.296973",Neblina / Dia,Escorregadia,Não,Não,Sim,Sim,2,Sim,2,5,0,0,Não,Não realizado,Sim,Carro,Não,Não
Colisão,2006-01-30,09:15,Sul,"-25.440856, -49.303764",Seco / Dia,Seca,Sim,Não,Sim,Sim,2,Sim,4,4,0,0,Sim,Positivo,Sim,Moto,Sim,Não
Queda de moto,2023-11-16,01:30,Oeste,"-25.436797, -49.308661",Chuva / Noite,Molhada,Sim,Não,Não,Sim,3,Sim,2,4,0,0,Sim,Positivo,Sim,Moto,Não,Não
Capotamento,2008-12-11,00:45,Leste,"-25.415546, -49.248398",Seco / Noite,Escorregadia,Não,Não,Sim,Não,1,Não,1,1,1,0,Não,Não realizado,Sim,Bicicleta,Não,Não
Colisão,2011-12-07,13:00,Centro,"-25.417742, -49.277135",Chuva / Dia,Seca,Não,Não,Sim,Sim,3,Não,1,1,1,0,Sim,Negativo,Sim,Moto,Não,Não
Queda de moto,2019-06-17,01:15,Norte,"-25.398796, -49.269216",Chuva / Noite,Seca,Não,Sim,Sim,Não,1,Sim,2,2,2,0,Não,Não realizado,Sim,Carro,Não,Não
Colisão,2017-07-14,04:00,Centro,"-25.434687, -49.274838",Chuva / Noite,Escorregadia,Sim,Não,Não,Sim,3,Sim,2,1,0,0,Não,Não realizado,Sim,Caminhão,Não,Não
Colisão,2009-09-15,06:00,Leste,"-25.416651, -49.244929",Neblina / Dia,Seca,Sim,Não,Não,Não,1,Não,1,1,1,0,Sim,Positivo,Sim,Bicicleta,Sim,Não
Colisão,2018-12-15,13:45,Centro,"-25.412213, -49.275614",Chuva / Dia,Escorregadia,Sim,Não,Sim,Não,1,Sim,4,1,0,0,Não,Não realizado,Não,Bicicleta,Não,Não
Atropelamento,2019-06-27,16:00,Sul,"-25.470454, -49.288091",Chuva / Dia,Seca,Sim,Sim,Não,Não,1,Não,1,5,3,0,Não,Não realizado,Sim,Bicicleta,Não,Não
Colisão,2013-01-20,14:15,Oeste,"-25.415864, -49.321455",Seco / Dia,Seca,Sim,Sim,Sim,Sim,2,Sim,4,1,0,0,Não,Não realizado,Sim,Carro,Sim,Não