TIPO DE ACIDENTE,DATA,HORA,REGIÃO,COORDENADA GEOGRÁFICA,SITUAÇÃO CLIMÁTICA/LUMINOSIDADE,CONDIÇÕES DA SUPERFÍCIE DE ROLAMENTO,POSSUI SINALIZAÇÃO HORIZONTAL,POSSUI SINALIZAÇÃO VERTICAL,PRÓXIMO A EQUIPO ELETRÔNICO,HOUVE OUTROS VEÍCULOS ENVOLVIDOS,QUANTOS VEÍCULOS,HAVIA OUTROS OCUPANTES NO VEÍCULO,QUANTOS OCUPANTES,ENVOLVIDOS,FERIDOS,ÓBITOS,FOI REALIZADO O TESTE DE BAFÔMETRO,QUAL O RESULTADO,POSSUI HABILITAÇÃO,VEÍCULO TIPO,HOUVE DANOS AO PATRIMÔNIO PÚBLICO?,HOUVE DANOS AO MEIO AMBIENTE?
Colisão,2008-04-09,16:30,Centro,"-25.429988, -49.262958",Seco / Dia,Escorregadia,Sim,Não,Sim,Sim,2,Não,1,4,4,0,Não,Não realizado,Sim,Carro,Não,Não
Colisão,2013-10-30,08:30,Norte,"-25.391661, -49.266194",Seco / Dia,Molhada,Sim,Sim,Não,Sim,3,Sim,2,1,1,0,Não,Não realizado,Sim,Bicicleta,Sim,Não
Atropelamento,2023-02-24,04:15,Norte,"-25.392930, -49.264855",Seco / Noite,Escorregadia,Não,Não,Não,Não,1,Sim,2,4,1,0,Não,Não realizado,Sim,Bicicleta,Sim,Não
Colisão,2017-01-17,19:30,Oeste,"-25.433408, -49.302539",Seco / Noite,Molhada,Sim,Sim,Sim,Não,1,Não,1,1,1,0,Não,Não realizado,Sim,Carro,Sim,Não
Colisão,2024-03-14,03:30,Leste,"-25.438271, -49.235224",Seco / Noite,Seca,Não,Não,Não,Sim,2,Não,1,1,1,0,Não,Não realizado,Sim,Caminhão,Sim,Não
Colisão,2011-12-04,03:00,Leste,"-25.438107, -49.200607",Seco / Noite,Escorregadia,Sim,Não,Sim,Não,1,Sim,5,1,0,0,Não,Não realizado,Sim,Carro,Não,Não
Colisão,2013-02-28,05:45,Centro,"-25.413558, -49.267017",Seco / Noite,Escorregadia,Sim,Não,Sim,Não,1,Não,1,1,1,0,Não,Não realizado,Sim,Ônibus,Não,Não
Atropelamento,2017-06-02,18:30,Sul,"-25.476107, -49.300933",Seco / Dia,Escorregadia,Sim,Sim,Sim,Sim,3,Não,1,5,0,0,Não,Não realizado,Sim,Moto,Sim,Não
Atropelamento,2024-11-07,07:45,Oeste,"-25.427237, -49.331047",Neblina / Dia,Escorregadia,Sim,Não,Não,Sim,3,Sim,2,4,4,0,Não,Não realizado,Sim,Caminhão,Não,Não
Colisão,2009-09-26,02:30,Leste,"-25.420125, -49.243064",Chuva / Noite,Seca,Sim,Sim,Sim,Não,1,Não,1,3,1,0,Não,Não realizado,Sim,Moto,Sim,Sim
Queda de moto,2005-01-05,15:00,Leste,"-25.433501, -49.204865",Chuva / Dia,Seca,Não,Sim,Não,Sim,2,Sim,5,2,0,0,Não,Não realizado,Não,Carro,Não,Não
Colisão,2006-07-22,21:45,Norte,"-25.389813, -49.256742",Seco / Noite,Seca,Sim,Não,Sim,Não,1,Sim,5,2,0,0,Não,Não realizado,Sim,Caminhão,Sim,Não
Atropelamento,2020-07-18,23:00,Oeste,"-25.433506, -49.338807",Seco / Noite,Seca,Não,Não,Não,Não,1,Sim,2,5,4,0,Não,Não realizado,Sim,Ônibus,Não,Não
Capotamento,2008-07-06,06:15,Norte,"-25.382597, -49.248782",Seco / Dia,Molhada,Não,Não,Não,Não,1,Sim,2,4,0,0,Não,Não realizado,Sim,Caminhão,Não,Não
Colisão,2010-01-08,23:00,Centro,"-25.416393, -49.262689",Seco / Noite,Molhada,Sim,Não,Sim,Não,1,Não,1,2,2,0,Não,Não realizado,Não,Moto,Sim,Não
Queda de moto,2010-11-10,00:30,Centro,"-25.410443, -49.276715",Seco / Noite,Seca,Não,Não,Não,Sim,3,Não,1,2,2,2,Não,Não realizado,Sim,Bicicleta,Sim,Não
Colisão,2005-09-20,04:45,Norte,"-25.399044, -49.269513",Seco / Noite,Seca,Não,Sim,Sim,Não,1,Não,1,1,1,0,Sim,Positivo,Sim,Moto,Sim,Não
Queda de moto,2007-02-28,13:30,Leste,"-25.430303, -49.217710",Seco / Dia,Escorregadia,Não,Sim,Sim,Não,1,Sim,3,5,3,0,Sim,Negativo,Sim,Ônibus,Não,Não
Colisão,2018-02-20,12:30,Norte,"-25.380661, -49.275473",Seco / Dia,Molhada,Sim,Não,Não,Sim,4,Sim,3,1,0,0,Não,Não realizado,Sim,Moto,Sim,Não
Queda de moto,2022-07-17,05:00,Norte,"-25.395774, -49.255686",Seco / Noite,Molhada,Sim,Sim,Não,Sim,4,Sim,5,1,1,0,Não,Não realizado,Sim,Carro,Não,Não
Capotamento,2016-10-04,08:15,Leste,"-25.413456, -49.208657",Seco / Dia,Seca,Sim,Sim,Sim,Sim,4,Não,1,2,0,0,Sim,Positivo,Sim,Bicicleta,Sim,Não
Colisão,2008-02-16,18:00,Sul,"-25.440943, -49.318783",Seco / Dia,Escorregadia,Não,Não,Não,Não,1,Sim,5,1,1,0,Não,Não realizado,Sim,Carro,Sim,Não
Capotamento,2021-03-11,17:30,Leste,"-25.438881, -49.225060",Seco / Dia,Molhada,Não,Sim,Sim,Não,1,Sim,5,1,1,0,Não,Não realizado,Sim,Ônibus,Não,Não
Colisão,2010-11-10,16:00,Sul,"-25.447456, -49.289874",Chuva / Dia,Molhada,Sim,Sim,Não,Sim,3,Sim,4,4,1,0,Não,Não realizado,Sim,Moto,Não,Não
Colisão,2010-12-29,01:45,Oeste,"-25.425205, -49.320153",Chuva / Noite,Escorregadia,Não,Não,Não,Não,1,Não,1,1,1,0,Não,Não realizado,Sim,Moto,Sim,Não
Colisão,2018-04-03,02:45,Centro,"-25.439480, -49.286092",Seco / Noite,Escorregadia,Não,Sim,Não,Sim,4,Não,1,1,0,0,Não,Não realizado,Não,Moto,Sim,Não
Queda de moto,2025-11-03,07:45,Norte,"-25.399410, -49.263534",Seco / Dia,Escorregadia,Não,Sim,Sim,Não,1,Não,1,2,2,0,Sim,Negativo,Sim,Caminhão,Não,Não
Atropelamento,2016-09-18,10:00,Norte,"-25.391808, -49.261929",Seco / Dia,Molhada,Sim,Não,Não,Não,1,Não,1,2,2,0,Sim,Positivo,Sim,Caminhão,Sim,Não
Atropelamento,2021-01-19,08:15,Oeste,"-25.431482, -49.321260",Chuva / Dia,Molhada,Não,Não,Sim,Não,1,Não,1,4,2,0,Não,Não realizado,Sim,Bicicleta,Sim,Não
Colisão,2011-10-08,13:30,Centro,"-25.428322, -49.267737",Seco / Dia,Molhada,Sim,Não,Não,Sim,4,Não,1,2,1,1,Sim,Negativo,Não,Caminhão,Sim,Não
Atropelamento,2007-06-10,15:15,Centro,"-25.410899, -49.276817",Chuva / Dia,Molhada,Sim,Não,Não,Sim,2,Não,1,5,2,0,Sim,Positivo,Sim,Ônibus,Não,Sim
Capotamento,2015-04-01,23:15,Leste,"-25.436791, -49.204909",Seco / Noite,Seca,Não,Sim,Sim,Sim,4,Não,1,1,1,0,Não,Não realizado,Sim,Carro,Sim,Não
Colisão,2019-04-06,06:30,Oeste,"-25.431251, -49.311094",Seco / Dia,Seca,Não,Sim,Não,Sim,3,Sim,3,3,1,0,Sim,Positivo,Sim,Moto,Sim,Não
Colisão,2011-05-04,14:15,Centro,"-25.416776, -49.281307",Chuva / Dia,Escorregadia,Não,Sim,Sim,Sim,3,Não,1,1,1,1,Não,Não realizado,Sim,Ônibus,Não,Não
Atropelamento,2013-03-30,00:15,Norte,"-25.393910, -49.268423",Seco / Noite,Seca,Sim,Não,Não,Sim,2,Sim,4,5,0,0,Não,Não realizado,Sim,Carro,Não,Não
Colisão,2017-11-30,05:00,Leste,"-25.425086, -49.216660",Seco / Noite,Escorregadia,Sim,Sim,Não,Sim,4,Não,1,2,2,0,Não,Não realizado,Sim,Bicicleta,Não,Não
Colisão,2024-12-31,12:00,Norte,"-25.390995, -49.244872",Seco / Dia,Seca,Não,Sim,Não,Não,1,Não,1,2,2,0,Não,Não realizado,Sim,Ônibus,Sim,Não
Colisão,2018-12-17,22:45,Oeste,"-25.430068, -49.308523",Seco / Noite,Seca,Sim,Sim,Não,Sim,2,Sim,2,1,0,0,Sim,Negativo,Sim,Moto,Não,Não
Colisão,2010-03-15,20:00,Norte,"-25.394341, -49.262034",Chuva / Noite,Molhada,Sim,Não,Sim,Não,1,Sim,2,1,1,0,Não,Não realizado,Sim,Carro,Não,Não
Colisão,2009-08-28,05:00,Oeste,"-25.421305, -49.304560",Seco / Noite,Seca,Não,Sim,Não,Sim,3,Sim,3,3,2,0,Não,Não realizado,Sim,Ônibus,Sim,Não
Colisão,2013-11-30,10:45,Sul,"-25.447195, -49.287952",Seco / Dia,Molhada,Não,Sim,Sim,Sim,4,Sim,4,1,1,0,Não,Não realizado,Sim,Carro,Sim,Não
Colisão,2022-03-30,21:15,Leste,"-25.436435, -49.222278",Neblina / Noite,Seca,Sim,Sim,Não,Não,1,Não,1,1,1,0,Não,Não realizado,Sim,Carro,Sim,Não
Colisão,2021-01-20,10:15,Norte,"-25.403221, -49.288605",Chuva / Dia,Escorregadia,Sim,Sim,Não,Não,1,Sim,2,1,1,0,Sim,Negativo,Sim,Ônibus,Não,Não
Colisão,2014-01-29,02:15,Leste,"-25.414918, -49.221036",Seco / Noite,Escorregadia,Não,Não,Sim,Sim,4,Não,1,1,1,0,Não,Não realizado,Sim,Bicicleta,Não,Não
Capotamento,2025-04-24,02:00,Centro,"-25.424164, -49.278655",Chuva / Noite,Escorregadia,Sim,Não,Sim,Não,1,Sim,2,3,0,0,Não,Não realizado,Sim,Ônibus,Não,Não
Colisão,2023-07-15,18:15,Leste,"-25.434711, -49.200089",Seco / Dia,Escorregadia,Sim,Sim,Sim,Sim,3,Não,1,2,2,0,Não,Não realizado,Sim,Moto,Sim,Não
Colisão,2020-04-05,23:15,Leste,"-25.413924, -49.247670",Chuva / Noite,Escorregadia,Não,Sim,Não,Não,1,Sim,3,1,1,0,Não,Não realizado,Sim,Caminhão,Sim,Não
Colisão,2019-07-21,15:00,Oeste,"-25.435284, -49.324432",Chuva / Dia,Molhada,Sim,Sim,Não,Sim,3,Não,1,2,1,0,Não,Não realizado,Sim,Ônibus,Não,Não
Capotamento,2020-05-04,06:30,Leste,"-25.438413, -49.232298",Chuva / Dia,Seca,Sim,Não,Não,Sim,4,Sim,4,4,0,0,Não,Não realizado,Sim,Bicicleta,Sim,Não
Colisão,2021-01-21,02:30,Leste,"-25.428894, -49.202869",Seco / Noite,Seca,Sim,Não,Sim,Não,1,Não,1,4,3,0,Não,Não realizado,Não,Moto,Não,Não
Atropelamento,2019-07-13,05:15,Centro,"-25.424260, -49.271628",Seco / Noite,Escorregadia,Não,Não,Sim,Sim,4,Sim,5,2,2,0,Não,Não realizado,Sim,Bicicleta,Sim,Não
Atropelamento,2011-06-17,00:00,Sul,"-25.477630, -49.307571",Neblina / Noite,Seca,Não,Não,Sim,Sim,3,Sim,2,3,0,0,Não,Não realizado,Sim,Moto,Sim,Não
Colisão,2014-08-16,07:30,Oeste,"-25.415993, -49.329624",Chuva / Dia,Escorregadia,Sim,Sim,Sim,Não,1,Sim,3,1,1,0,Sim,Negativo,Sim,Bicicleta,Não,Não
Atropelamento,2016-11-23,14:00,Centro,"-25.430333, -49.286241",Seco / Dia,Seca,Não,Sim,Sim,Não,1,Não,1,2,0,0,Não,Não realizado,Sim,Bicicleta,Não,Sim
Colisão,2023-02-08,18:30,Norte,"-25.400372, -49.276227",Chuva / Dia,Escorregadia,Sim,Sim,Sim,Sim,2,Não,1,1,1,0,Sim,Positivo,Não,Bicicleta,Sim,Não
Colisão,2024-01-17,06:15,Centro,"-25.415806, -49.275188",Seco / Dia,Seca,Não,Não,Sim,Sim,2,Não,1,5,2,0,Não,Não realizado,Sim,Carro,Sim,Não
Colisão,2023-11-19,01:00,Norte,"-25.391999, -49.245172",Chuva / Noite,Molhada,Não,Não,Sim,Não,1,Sim,2,1,1,0,Não,Não realizado,Não,Caminhão,Sim,Não
Colisão,2014-01-27,19:30,Leste,"-25.424887, -49.224990",Chuva / Noite,Escorregadia,Sim,Não,Não,Não,1,Sim,2,1,1,1,Sim,Negativo,Sim,Ônibus,Não,Sim
Queda de moto,2018-08-29,08:45,Norte,"-25.404554, -49.241914",Chuva / Dia,Molhada,Sim,Não,Sim,Sim,2,Sim,4,2,2,0,Sim,Negativo,Sim,Carro,Sim,Não
Colisão,2016-03-22,05:30,Leste,"-25.416688, -49.211446",Seco / Noite,Seca,Sim,Sim,Não,Sim,4,Sim,5,3,0,0,Sim,Positivo,Sim,Moto,Sim,Não
Colisão,2022-07-19,20:45,Leste,"-25.431232, -49.241419",Seco / Noite,Escorregadia,Não,Não,Não,Sim,3,Sim,5,3,0,0,Não,Não realizado,Sim,Bicicleta,Sim,Não
Capotamento,2024-04-04,10:00,Oeste,"-25.432381, -49.303273",Seco / Dia,Molhada,Sim,Sim,Sim,Não,1,Não,1,2,0,0,Não,Não realizado,Não,Ônibus,Sim,Não
Queda de moto,2015-01-27,13:30,Centro,"-25.410609, -49.268514",Seco / Dia,Seca,Não,Não,Não,Não,1,Não,1,2,0,0,Não,Não realizado,Sim,Carro,Sim,Não
Colisão,2012-09-30,20:00,Centro,"-25.412445, -49.274702",Seco / Noite,Seca,Não,Não,Sim,Não,1,Não,1,3,3,0,Não,Não realizado,Sim,Carro,Sim,Não
Atropelamento,2022-08-27,15:00,Oeste,"-25.432894, -49.321319",Chuva / Dia,Seca,Não,Não,Sim,Não,1,Não,1,5,4,0,Não,Não realizado,Sim,Caminhão,Não,Não
Capotamento,2013-02-06,09:30,Centro,"-25.412818, -49.278929",Seco / Dia,Escorregadia,Não,Sim,Sim,Não,1,Sim,2,1,1,0,Sim,Negativo,Não,Ônibus,Sim,Não
Colisão,2014-01-05,03:45,Sul,"-25.445301, -49.286325",Neblina / Noite,Seca,Não,Não,Não,Não,1,Não,1,1,1,0,Sim,Positivo,Sim,Caminhão,Sim,Não
Capotamento,2014-03-16,03:00,Centro,"-25.432129, -49.284024",Chuva / Noite,Escorregadia,Sim,Não,Sim,Não,1,Sim,2,1,0,0,Não,Não realizado,Sim,Moto,Sim,Não
Capotamento,2023-09-29,05:30,Sul,"-25.465665, -49.283977",Chuva / Noite,Molhada,Não,Sim,Não,Não,1,Sim,2,2,1,0,Não,Não realizado,Sim,Carro,Sim,Sim
Atropelamento,2016-12-13,11:45,Centro,"-25.437757, -49.286526",Seco / Dia,Molhada,Sim,Sim,Sim,Sim,3,Sim,3,3,1,0,Não,Não realizado,Sim,Carro,Não,Não
Atropelamento,2008-03-27,13:15,Leste,"-25.416628, -49.204124",Seco / Dia,Seca,Sim,Sim,Não,Não,1,Sim,4,2,0,0,Não,Não realizado,Sim,Moto,Não,Não
Atropelamento,2016-03-11,18:00,Centro,"-25.436369, -49.288863",Seco / Dia,Escorregadia,Sim,Não,Não,Não,1,Não,1,3,1,0,Não,Não realizado,Sim,Caminhão,Não,Não
Colisão,2013-11-14,04:45,Norte,"-25.397924, -49.280830",Neblina / Noite,Escorregadia,Sim,Não,Sim,Sim,2,Não,1,3,2,0,Não,Não realizado,Sim,Bicicleta,Sim,Não
Colisão,2019-12-26,12:45,Oeste,"-25.410052, -49.326932",Seco / Dia,Escorregadia,Sim,Sim,Não,Não,1,Sim,4,1,1,0,Não,Não realizado,Sim,Bicicleta,Não,Não
Colisão,2009-09-29,09:15,Norte,"-25.409669, -49.264991",Seco / Dia,Escorregadia,Não,Não,Sim,Não,1,Não,1,2,1,1,Sim,Negativo,Sim,Ônibus,Não,Não
Queda de moto,2010-11-23,07:45,Sul,"-25.473545, -49.299801",Chuva / Dia,Escorregadia,Não,Não,Não,Sim,4,Sim,5,1,0,0,Não,Não realizado,Sim,Carro,Não,Não
Capotamento,2014-05-13,00:15,Sul,"-25.478763, -49.281715",Seco / Noite,Seca,Não,Sim,Sim,Não,1,Sim,3,1,1,0,Sim,Positivo,Sim,Ônibus,Sim,Não
Colisão,2020-09-12,17:00,Leste,"-25.432416, -49.221370",Seco / Dia,Molhada,Não,Sim,Sim,Sim,4,Sim,3,2,2,0,Não,Não realizado,Não,Bicicleta,Não,Não
Colisão,2025-05-17,22:15,Leste,"-25.410064, -49.238180",Seco / Noite,Escorregadia,Não,Não,Sim,Sim,4,Não,1,1,1,0,Não,Não realizado,Sim,Carro,Sim,Não
Colisão,2023-05-26,08:45,Sul,"-25.470937, -49.312120",Seco / Dia,Seca,Sim,Sim,Não,Sim,4,Sim,2,1,1,0,Sim,Negativo,Sim,Carro,Sim,Não
Colisão,2008-01-22,16:15,Oeste,"-25.418842, -49.336899",Seco / Dia,Molhada,Sim,Sim,Sim,Não,1,Sim,2,3,1,0,Não,Não realizado,Não,Moto,Não,Não
Atropelamento,2008-08-29,12:45,Leste,"-25.433316, -49.248037",Seco / Dia,Molhada,Não,Não,Sim,Sim,2,Não,1,3,1,0,Não,Não realizado,Sim,Bicicleta,Não,Não
Queda de moto,2025-08-11,10:00,Oeste,"-25.429519, -49.335549",Chuva / Dia,Molhada,Sim,Não,Não,Não,1,Sim,2,3,0,0,Não,Não realizado,Sim,Caminhão,Não,Sim
Colisão,2020-08-09,20:30,Centro,"-25.436781, -49.275755",Seco / Noite,Molhada,Não,Não,Não,Não,1,Não,1,2,1,0,Sim,Negativo,Sim,Caminhão,Não,Não
Capotamento,2009-10-12,15:00,Oeste,"-25.436580, -49.338629",Chuva / Dia,Escorregadia,Não,Sim,Não,Sim,2,Sim,2,5,2,0,Sim,Positivo,Sim,Carro,Sim,Não
Colisão,2019-04-06,18:30,Sul,"-25.448842, -49.315428",Chuva / Dia,Escorregadia,Não,Sim,Sim,Sim,4,Não,1,4,2,0,Sim,Negativo,Sim,Ônibus,Não,Não
Colisão,2022-01-05,07:30,Norte,"-25.388847, -49.275168",Chuva / Dia,Seca,Sim,Sim,Não,Sim,3,Não,1,2,0,0,Sim,Positivo,Sim,Ônibus,Não,Sim
Colisão,2024-01-26,06:15,Norte,"-25.380336, -49.287150",Seco / Dia,Escorregadia,Sim,Sim,Sim,Sim,2,Sim,4,4,4,0,Não,Não realizado,Sim,Bicicleta,Sim,Não
Colisão,2025-05-08,04:45,Norte,"-25.403510, -49.249624",Seco / Noite,Escorregadia,Sim,Não,Sim,Sim,4,Sim,3,1,1,0,Não,Não realizado,Sim,Ônibus,Sim,Não
Colisão,2018-04-04,07:45,Centro,"-25.414517, -49.281002",Seco / Dia,Seca,Não,Sim,Não,Sim,3,Não,1,2,1,0,Não,Não realizado,Sim,Ônibus,Não,Não
Colisão,2022-03-16,02:15,Oeste,"-25.430171, -49.303010",Chuva / Noite,Molhada,Não,Não,Sim,Sim,2,Não,1,2,2,0,Não,Não realizado,Sim,Ônibus,Não,Não
Colisão,2012-05-01,15:15,Centro,"-25.423131, -49.277192",Seco / Dia,Molhada,Sim,Sim,Não,Não,1,Sim,5,4,0,0,Não,Não realizado,Sim,Bicicleta,Sim,Não
Atropelamento,2012-07-29,14:45,Oeste,"-25.420680, -49.312021",Seco / Dia,Escorregadia,Sim,Sim,Sim,Sim,3,Sim,3,5,2,0,Não,Não realizado,Sim,Moto,Não,Não
Colisão,2024-05-09,15:15,Leste,"-25.412564, -49.241386",Neblina / Dia,Seca,Não,Sim,Sim,Sim,2,Sim,2,1,1,0,Não,Não realizado,Sim,Bicicleta,Sim,Não
Atropelamento,2025-01-01,18:15,Oeste,"-25.410217, -49.326072",Seco / Dia,Seca,Sim,Sim,Sim,Não,1,Não,1,3,2,0,Sim,Negativo,Sim,Ônibus,Sim,Não
Colisão,2008-02-09,17:45,Centro,"-25.412146, -49.281848",Seco / Dia,Molhada,Não,Não,Sim,Não,1,Sim,4,1,0,0,Não,Não realizado,Sim,Moto,Sim,Não
Colisão,2014-03-03,05:30,Norte,"-25.409677, -49.283904",Seco / Noite,Escorregadia,Sim,Sim,Sim,Sim,3,Não,1,1,1,0,Não,Não realizado,Sim,Ônibus,Não,Não
Colisão,2023-09-23,22:15,Centro,"-25.429878, -49.284749",Seco / Noite,Escorregadia,Não,Não,Não,Sim,2,Não,1,2,2,0,Não,Não realizado,Sim,Bicicleta,Não,Não
Atropelamento,2018-04-10,09:00,Centro,"-25.414580, -49.276529",Seco / Dia,Molhada,Sim,Sim,Sim,Não,1,Sim,4,5,5,0,Sim,Negativo,Não,Bicicleta,Sim,Não
Colisão,2021-07-20,13:30,Centro,"-25.418332, -49.272118",Seco / Dia,Molhada,Não,Sim,Não,Sim,4,Não,1,1,1,0,Não,Não realizado,Sim,Ônibus,Não,Não
Capotamento,2017-12-15,12:45,Centro,"-25.434358, -49.274921",Seco / Dia,Molhada,Não,Não,Sim,Sim,3,Sim,5,1,1,0,Sim,Positivo,Sim,Bicicleta,Sim,Não
Colisão,2007-11-21,22:15,Leste,"-25.435472, -49.233003",Seco / Noite,Seca,Sim,Sim,Sim,Não,1,Sim,5,1,0,0,Sim,Negativo,Sim,Bicicleta,Não,Não
Atropelamento,2015-03-27,21:45,Oeste,"-25.427667, -49.305349",Seco / Noite,Seca,Sim,Sim,Sim,Não,1,Não,1,5,0,0,Sim,Positivo,Sim,Bicicleta,Sim,Não
Colisão,2019-11-19,12:00,Centro,"-25.434864, -49.285490",Chuva / Dia,Seca,Não,Sim,Sim,Sim,3,Não,1,2,0,0,Não,Não realizado,Sim,Caminhão,Sim,Não
Colisão,2016-05-30,21:45,Norte,"-25.393328, -49.282284",Seco / Noite,Escorregadia,Sim,Não,Sim,Sim,3,Não,1,2,2,0,Não,Não realizado,Sim,Bicicleta,Sim,Não
Atropelamento,2022-07-30,22:45,Leste,"-25.418255, -49.232960",Seco / Noite,Seca,Sim,Sim,Não,Não,1,Não,1,5,2,0,Sim,Negativo,Sim,Caminhão,Não,Não
Queda de moto,2011-03-14,13:00,Sul,"-25.475599, -49.303442",Seco / Dia,Escorregadia,Sim,Não,Não,Sim,3,Não,1,4,3,3,Sim,Negativo,Não,Ônibus,Sim,Não
Colisão,2006-12-10,04:00,Norte,"-25.400164, -49.282603",Seco / Noite,Seca,Sim,Sim,Não,Não,1,Sim,2,2,2,0,Sim,Negativo,Sim,Moto,Sim,Não
Colisão,2019-06-16,09:30,Centro,"-25.434072, -49.267109",Neblina / Dia,Molhada,Não,Não,Não,Sim,3,Sim,4,1,1,0,Não,Não realizado,Sim,Moto,Sim,Não
Colisão,2020-06-17,01:00,Norte,"-25.408345, -49.253911",Chuva / Noite,Seca,Não,Sim,Não,Não,1,Não,1,3,0,0,Não,Não realizado,Sim,Ônibus,Sim,Não
Colisão,2007-11-04,13:30,Centro,"-25.433969, -49.263040",Chuva / Dia,Seca,Não,Sim,Não,Não,1,Não,1,1,1,0,Não,Não realizado,Sim,Moto,Sim,Não
Colisão,2020-04-22,13:15,Centro,"-25.422504, -49.269378",Chuva / Dia,Molhada,Sim,Sim,Sim,Não,1,Sim,3,2,1,0,Sim,Negativo,Sim,Caminhão,Não,Não
Colisão,2022-04-10,04:15,Oeste,"-25.427783, -49.333866",Seco / Noite,Molhada,Não,Sim,Sim,Não,1,Não,1,4,2,0,Sim,Negativo,Sim,Carro,Sim,Não
Capotamento,2015-08-04,01:30,Norte,"-25.389826, -49.247378",Chuva / Noite,Molhada,Não,Não,Não,Não,1,Não,1,1,1,0,Não,Não realizado,Sim,Bicicleta,Sim,Não
Colisão,2018-05-12,12:15,Sul,"-25.450286, -49.311479",Seco / Dia,Escorregadia,Sim,Sim,Sim,Não,1,Sim,4,4,4,0,Sim,Positivo,Sim,Carro,Sim,Não
Atropelamento,2022-01-26,02:45,Norte,"-25.388673, -49.275394",Chuva / Noite,Molhada,Sim,Não,Não,Sim,4,Sim,4,4,3,0,Sim,Positivo,Sim,Bicicleta,Não,Não
Queda de moto,2008-04-18,18:00,Centro,"-25.418582, -49.283155",Seco / Dia,Molhada,Sim,Não,Sim,Sim,4,Não,1,3,1,0,Sim,Positivo,Sim,Caminhão,Não,Não
Colisão,2016-11-21,05:15,Norte,"-25.400771, -49.264838",Chuva / Noite,Molhada,Sim,Sim,Sim,Sim,2,Não,1,3,2,0,Sim,Negativo,Sim,Ônibus,Sim,Não
Capotamento,2010-03-29,23:15,Leste,"-25.430697, -49.203820",Seco / Noite,Seca,Sim,Não,Não,Não,1,Sim,5,2,2,0,Sim,Positivo,Sim,Ônibus,Não,Não
Queda de moto,2012-12-30,17:30,Norte,"-25.408684, -49.274329",Chuva / Dia,Molhada,Sim,Não,Não,Não,1,Sim,5,3,3,0,Não,Não realizado,Sim,Bicicleta,Não,Não
Colisão,2020-10-08,15:45,Centro,"-25.412999, -49.276217",Seco / Dia,Seca,Sim,Sim,Sim,Sim,2,Sim,5,2,0,0,Não,Não realizado,Sim,Moto,Não,Sim
Atropelamento,2016-02-21,02:00,Leste,"-25.437530, -49.232998",Seco / Noite,Escorregadia,Sim,Não,Não,Não,1,Sim,4,2,0,0,Não,Não realizado,Sim,Bicicleta,Não,Não
Queda de moto,2018-11-10,13:45,Norte,"-25.399652, -49.253904",Seco / Dia,Molhada,Não,Não,Não,Não,1,Não,1,1,1,0,Sim,Negativo,Sim,Bicicleta,Sim,Não
Colisão,2011-07-15,20:00,Leste,"-25.423862, -49.245512",Seco / Noite,Escorregadia,Não,Sim,Sim,Sim,4,Sim,5,1,1,0,Sim,Positivo,Sim,Carro,Não,Não
Atropelamento,2013-02-20,04:15,Norte,"-25.405595, -49.243499",Chuva / Noite,Escorregadia,Não,Não,Não,Sim,2,Não,1,5,3,0,Não,Não realizado,Sim,Bicicleta,Não,Não
Colisão,2012-06-27,16:30,Leste,"-25.422198, -49.239895",Chuva / Dia,Escorregadia,Sim,Não,Sim,Não,1,Sim,3,2,1,0,Não,Não realizado,Sim,Ônibus,Sim,Não
Atropelamento,2022-07-17,06:15,Sul,"-25.467353, -49.300082",Seco / Dia,Molhada,Sim,Não,Sim,Não,1,Não,1,2,0,0,Sim,Positivo,Sim,Moto,Não,Não
Colisão,2010-12-11,20:30,Leste,"-25.428888, -49.237213",Chuva / Noite,Escorregadia,Sim,Sim,Não,Sim,4,Não,1,3,2,0,Não,Não realizado,Sim,Ônibus,Não,Não
Colisão,2020-03-24,11:15,Sul,"-25.449727, -49.315765",Seco / Dia,Molhada,Sim,Sim,Sim,Não,1,Sim,2,5,3,0,Sim,Positivo,Sim,Bicicleta,Não,Não
Colisão,2024-05-11,11:45,Oeste,"-25.419817, -49.322417",Seco / Dia,Seca,Sim,Não,Sim,Não,1,Sim,3,2,1,0,Não,Não realizado,Sim,Caminhão,Não,Não
Queda de moto,2024-12-09,03:00,Leste,"-25.436161, -49.234535",Seco / Noite,Escorregadia,Não,Não,Sim,Não,1,Não,1,1,1,0,Não,Não realizado,Sim,Moto,Não,Não
Colisão,2013-10-11,00:30,Oeste,"-25.420452, -49.328778",Chuva / Noite,Seca,Sim,Sim,Não,Sim,2,Sim,3,3,2,0,Não,Não realizado,Sim,Carro,Sim,Não
Capotamento,2024-07-12,07:00,Centro,"-25.418547, -49.274828",Chuva / Dia,Molhada,Não,Não,Sim,Não,1,Sim,2,2,1,1,Não,Não realizado,Sim,Ônibus,Sim,Não
Colisão,2005-12-17,09:00,Centro,"-25.418887, -49.262471",Chuva / Dia,Escorregadia,Sim,Não,Sim,Não,1,Não,1,2,1,0,Sim,Negativo,Não,Ônibus,Sim,Não
Queda de moto,2023-11-22,10:30,Centro,"-25.429995, -49.270629",Seco / Dia,Escorregadia,Sim,Não,Sim,Sim,2,Sim,2,1,1,0,Sim,Negativo,Sim,Carro,Sim,Não