TIPO DE ACIDENTE,DATA,HORA,REGIÃO,COORDENADA GEOGRÁFICA,SITUAÇÃO CLIMÁTICA/LUMINOSIDADE,CONDIÇÕES DA SUPERFÍCIE DE ROLAMENTO,POSSUI SINALIZAÇÃO HORIZONTAL,POSSUI SINALIZAÇÃO VERTICAL,PRÓXIMO A EQUIPO ELETRÔNICO,HOUVE OUTROS VEÍCULOS ENVOLVIDOS,QUANTOS VEÍCULOS,HAVIA OUTROS OCUPANTES NO VEÍCULO,QUANTOS OCUPANTES,ENVOLVIDOS,FERIDOS,ÓBITOS,FOI REALIZADO O TESTE DE BAFÔMETRO,QUAL O RESULTADO,POSSUI HABILITAÇÃO,VEÍCULO TIPO,HOUVE DANOS AO PATRIMÔNIO PÚBLICO?,HOUVE DANOS AO MEIO AMBIENTE?
Colisão,2017-11-21,00:30,Sul,"-25.466179, -49.284508",Chuva / Noite,Escorregadia,Não,Sim,Sim,Não,1,Sim,5,2,1,0,Não,Não realizado,Sim,Moto,Não,Sim
Capotamento,2008-05-30,04:15,Norte,"-25.396397, -49.260000",Seco / Noite,Molhada,Sim,Não,Não,Não,1,Sim,2,1,1,0,Não,Não realizado,Não,Caminhão,Sim,Não
Colisão,2009-08-14,08:00,Sul,"-25.462149, -49.297466",Seco / Dia,Molhada,Sim,Sim,Não,Não,1,Sim,4,3,0,0,Não,Não realizado,Sim,Carro,Não,Não
Atropelamento,2017-11-11,04:00,Oeste,"-25.413724, -49.322289",Seco / Noite,Escorregadia,Não,Sim,Sim,Sim,3,Sim,4,2,1,0,Não,Não realizado,Sim,Ônibus,Sim,Não
Colisão,2016-07-25,06:15,Centro,"-25.428359, -49.275181",Seco / Dia,Seca,Sim,Sim,Não,Sim,3,Não,1,2,0,0,Não,Não realizado,Sim,Caminhão,Sim,Não
Atropelamento,2024-10-05,07:45,Centro,"-25.437827, -49.263885",Seco / Dia,Seca,Sim,Não,Sim,Não,1,Não,1,3,1,0,Sim,Negativo,Sim,Carro,Sim,Não
Colisão,2016-10-22,04:30,Oeste,"-25.419358, -49.339697",Seco / Noite,Escorregadia,Não,Não,Não,Não,1,Sim,4,1,1,0,Não,Não realizado,Sim,Carro,Não,Não
Queda de moto,2009-12-29,13:00,Oeste,"-25.438456, -49.302474",Seco / Dia,Seca,Não,Sim,Não,Não,1,Não,1,1,1,0,Não,Não realizado,Sim,Bicicleta,Não,Não
Colisão,2019-09-07,00:00,Norte,"-25.409785, -49.285437",Chuva / Noite,Molhada,Não,Sim,Não,Não,1,Não,1,3,1,0,Não,Não realizado,Sim,Bicicleta,Sim,Não
Atropelamento,2013-05-01,05:15,Sul,"-25.446666, -49.289078",Chuva / Noite,Molhada,Não,Não,Sim,Não,1,Não,1,5,1,0,Não,Não realizado,Sim,Ônibus,Não,Não
Colisão,2016-04-08,20:00,Oeste,"-25.410451, -49.331838",Seco / Noite,Seca,Não,Sim,Não,Não,1,Não,1,1,1,0,Sim,Positivo,Sim,Caminhão,Sim,Não
Atropelamento,2013-06-10,12:30,Leste,"-25.412473, -49.202568",Seco / Dia,Escorregadia,Não,Sim,Sim,Sim,2,Sim,5,3,0,0,Não,Não realizado,Sim,Caminhão,Sim,Não
Queda de moto,2013-03-22,22:30,Oeste,"-25.431648, -49.320987",Seco / Noite,Seca,Sim,Não,Não,Sim,4,Não,1,5,1,0,Não,Não realizado,Sim,Caminhão,Não,Não
Colisão,2009-03-09,19:45,Leste,"-25.428128, -49.200906",Seco / Noite,Seca,Não,Não,Não,Sim,2,Sim,2,5,0,0,Sim,Negativo,Sim,Moto,Não,Não
Colisão,2024-02-16,19:45,Centro,"-25.438195, -49.273732",Chuva / Noite,Molhada,Não,Não,Sim,Não,1,Sim,3,1,1,0,Sim,Negativo,Não,Ônibus,Sim,Não
Queda de moto,2009-04-28,00:00,Sul,"-25.462922, -49.308422",Seco / Noite,Seca,Sim,Não,Não,Não,1,Sim,3,2,2,0,Não,Não realizado,Sim,Moto,Sim,Não
Colisão,2012-10-27,06:00,Centro,"-25.432350, -49.286442",Seco / Dia,Seca,Sim,Sim,Não,Sim,3,Sim,3,4,2,0,Sim,Positivo,Sim,Moto,Sim,Não
Colisão,2025-03-12,00:45,Leste,"-25.418635, -49.226942",Chuva / Noite,Escorregadia,Não,Sim,Não,Sim,3,Não,1,2,0,0,Não,Não realizado,Sim,Ônibus,Sim,Não
Queda de moto,2010-11-23,09:00,Leste,"-25.437910, -49.233111",Seco / Dia,Molhada,Sim,Não,Sim,Não,1,Sim,3,2,1,0,Sim,Positivo,Sim,Ônibus,Não,Não
Queda de moto,2006-10-28,07:45,Leste,"-25.422542, -49.244926",Seco / Dia,Escorregadia,Não,Não,Não,Sim,4,Não,1,2,1,0,Não,Não realizado,Sim,Moto,Sim,Não
Queda de moto,2018-09-27,14:15,Leste,"-25.420249, -49.226145",Chuva / Dia,Escorregadia,Sim,Não,Não,Não,1,Sim,2,2,0,0,Não,Não realizado,Sim,Carro,Sim,Não
Colisão,2012-12-20,10:00,Oeste,"-25.435412, -49.302058",Chuva / Dia,Seca,Não,Não,Sim,Não,1,Sim,4,2,2,0,Sim,Negativo,Sim,Moto,Não,Não
Colisão,2015-08-11,16:00,Sul,"-25.460124, -49.284306",Seco / Dia,Escorregadia,Não,Não,Sim,Não,1,Não,1,3,3,0,Não,Não realizado,Não,Caminhão,Sim,Não
Colisão,2020-05-18,10:15,Norte,"-25.391082, -49.274302",Neblina / Dia,Molhada,Sim,Sim,Sim,Sim,4,Não,1,3,2,0,Não,Não realizado,Sim,Bicicleta,Não,Não
Colisão,2011-01-27,19:15,Oeste,"-25.412496, -49.300767",Chuva / Noite,Seca,Não,Sim,Sim,Não,1,Não,1,5,2,0,Não,Não realizado,Sim,Carro,Sim,Não
Capotamento,2008-08-21,06:30,Centro,"-25.437515, -49.269731",Chuva / Dia,Molhada,Sim,Sim,Não,Sim,4,Não,1,3,0,0,Não,Não realizado,Sim,Ônibus,Não,Não
Queda de moto,2017-04-14,11:15,Oeste,"-25.429296, -49.312911",Chuva / Dia,Escorregadia,Sim,Sim,Sim,Sim,2,Não,1,3,1,0,Não,Não realizado,Sim,Caminhão,Sim,Não
Colisão,2018-06-23,19:45,Centro,"-25.439832, -49.277088",Chuva / Noite,Molhada,Não,Não,Sim,Sim,4,Sim,2,5,0,0,Sim,Negativo,Sim,Caminhão,Não,Não
Colisão,2025-06-18,11:15,Sul,"-25.477212, -49.285463",Chuva / Dia,Seca,Não,Sim,Não,Sim,3,Não,1,4,1,0,Não,Não realizado,Não,Ônibus,Não,Não
Colisão,2009-11-15,21:30,Oeste,"-25.411369, -49.335207",Seco / Noite,Escorregadia,Sim,Sim,Sim,Sim,2,Sim,4,1,1,0,Não,Não realizado,Sim,Bicicleta,Sim,Não
Colisão,2025-10-10,16:30,Leste,"-25.412308, -49.212564",Seco / Dia,Molhada,Não,Sim,Sim,Sim,2,Sim,2,3,1,0,Sim,Positivo,Sim,Moto,Sim,Não
Colisão,2020-01-26,14:00,Leste,"-25.436096, -49.239282",Seco / Dia,Seca,Sim,Não,Sim,Não,1,Não,1,4,1,0,Sim,Positivo,Sim,Caminhão,Não,Não
Colisão,2005-09-01,23:15,Norte,"-25.380783, -49.266227",Chuva / Noite,Seca,Sim,Sim,Não,Sim,4,Não,1,2,0,0,Não,Não realizado,Não,Carro,Sim,Não
Colisão,2009-04-29,13:15,Oeste,"-25.434056, -49.327104",Seco / Dia,Seca,Sim,Não,Não,Não,1,Não,1,1,0,0,Não,Não realizado,Sim,Moto,Não,Não
Atropelamento,2010-07-22,03:30,Oeste,"-25.426714, -49.336632",Seco / Noite,Molhada,Não,Sim,Sim,Sim,2,Sim,3,3,2,0,Não,Não realizado,Sim,Carro,Sim,Não
Capotamento,2024-09-05,01:30,Sul,"-25.445984, -49.291123",Seco / Noite,Escorregadia,Sim,Sim,Sim,Sim,4,Não,1,1,1,0,Não,Não realizado,Sim,Ônibus,Não,Não
Colisão,2017-05-05,05:30,Oeste,"-25.430811, -49.335152",Seco / Noite,Seca,Sim,Não,Não,Não,1,Sim,3,1,1,0,Não,Não realizado,Sim,Ônibus,Sim,Não
Colisão,2007-10-09,04:30,Norte,"-25.390815, -49.281918",Chuva / Noite,Escorregadia,Sim,Não,Sim,Sim,3,Não,1,2,0,0,Não,Não realizado,Sim,Bicicleta,Sim,Não
Colisão,2008-05-11,17:15,Oeste,"-25.430227, -49.317873",Seco / Dia,Seca,Não,Sim,Sim,Não,1,Sim,2,2,0,0,Não,Não realizado,Sim,Carro,Não,Não
Colisão,2005-12-05,17:15,Leste,"-25.414871, -49.241231",Seco / Dia,Seca,Sim,Sim,Sim,Sim,4,Sim,4,2,2,0,Sim,Positivo,Sim,Caminhão,Sim,Não
Queda de moto,2009-09-28,19:15,Sul,"-25.441687, -49.304170",Seco / Noite,Molhada,Não,Não,Não,Sim,3,Sim,3,3,0,0,Não,Não realizado,Sim,Ônibus,Sim,Não
Queda de moto,2016-12-22,01:30,Centro,"-25.424332, -49.262561",Seco / Noite,Molhada,Sim,Não,Não,Não,1,Não,1,1,1,0,Não,Não realizado,Sim,Carro,Sim,Não
Capotamento,2012-05-21,20:45,Centro,"-25.423269, -49.280057",Chuva / Noite,Seca,Não,Sim,Sim,Não,1,Sim,4,1,0,0,Sim,Negativo,Sim,Carro,Sim,Não
Atropelamento,2020-08-05,16:30,Sul,"-25.458001, -49.298558",Seco / Dia,Escorregadia,Sim,Sim,Não,Sim,3,Não,1,3,2,0,Não,Não realizado,Sim,Moto,Sim,Não
Colisão,2005-10-11,21:45,Centro,"-25.430792, -49.267515",Seco / Noite,Molhada,Sim,Não,Não,Não,1,Não,1,1,1,0,Sim,Positivo,Sim,Moto,Não,Não
Colisão,2025-04-01,15:15,Sul,"-25.448575, -49.301063",Chuva / Dia,Escorregadia,Não,Sim,Sim,Sim,4,Não,1,3,3,0,Não,Não realizado,Não,Bicicleta,Não,Não
Colisão,2023-08-09,08:30,Oeste,"-25.420339, -49.302776",Seco / Dia,Molhada,Sim,Não,Não,Sim,2,Não,1,1,0,0,Não,Não realizado,Sim,Carro,Sim,Não
Capotamento,2025-10-24,08:00,Norte,"-25.388117, -49.242549",Chuva / Dia,Escorregadia,Não,Sim,Não,Não,1,Não,1,1,0,0,Sim,Negativo,Sim,Bicicleta,Sim,Não
Colisão,2025-04-02,05:30,Oeste,"-25.424213, -49.326878",Chuva / Noite,Molhada,Não,Não,Sim,Sim,2,Não,1,1,1,0,Não,Não realizado,Sim,Caminhão,Sim,Não
Colisão,2011-10-18,07:00,Oeste,"-25.423758, -49.316222",Seco / Dia,Seca,Sim,Sim,Não,Não,1,Sim,4,1,1,0,Sim,Positivo,Sim,Carro,Não,Não
Colisão,2014-01-26,17:45,Norte,"-25.383809, -49.279845",Seco / Dia,Escorregadia,Não,Sim,Não,Sim,2,Sim,4,1,1,0,Não,Não realizado,Sim,Ônibus,Não,Não
Atropelamento,2015-09-21,02:30,Centro,"-25.439821, -49.273267",Seco / Noite,Seca,Não,Não,Não,Sim,4,Não,1,3,0,0,Sim,Negativo,Sim,Bicicleta,Não,Não
Atropelamento,2016-09-25,15:00,Centro,"-25.431127, -49.289820",Seco / Dia,Molhada,Não,Não,Não,Sim,3,Sim,5,2,1,0,Não,Não realizado,Sim,Caminhão,Não,Não
Colisão,2006-05-29,06:45,Sul,"-25.460636, -49.315000",Seco / Dia,Seca,Sim,Sim,Não,Sim,4,Não,1,2,2,0,Não,Não realizado,Sim,Moto,Sim,Não
Colisão,2020-12-13,18:45,Oeste,"-25.421357, -49.323851",Seco / Dia,Seca,Sim,Sim,Sim,Sim,2,Sim,4,1,1,0,Não,Não realizado,Não,Moto,Não,Não
Colisão,2013-09-27,20:15,Oeste,"-25.436304, -49.318796",Seco / Noite,Seca,Não,Sim,Não,Não,1,Sim,4,5,2,2,Não,Não realizado,Sim,Moto,Não,Não
Colisão,2024-06-27,10:45,Leste,"-25.426637, -49.205543",Seco / Dia,Molhada,Sim,Não,Não,Não,1,Sim,2,2,1,0,Não,Não realizado,Sim,Bicicleta,Sim,Não
Capotamento,2018-07-09,22:30,Sul,"-25.466131, -49.292881",Seco / Noite,Seca,Sim,Sim,Sim,Não,1,Não,1,3,3,0,Não,Não realizado,Sim,Carro,Sim,Não
Colisão,2015-10-29,02:00,Norte,"-25.396046, -49.286977",Seco / Noite,Escorregadia,Sim,Sim,Não,Não,1,Sim,3,2,0,0,Não,Não realizado,Sim,Moto,Não,Não
Queda de moto,2013-12-07,12:00,Leste,"-25.412652, -49.239355",Chuva / Dia,Escorregadia,Sim,Não,Sim,Não,1,Sim,5,3,3,0,Sim,Negativo,Não,Caminhão,Sim,Não
Colisão,2023-09-07,16:15,Norte,"-25.392941, -49.282747",Seco / Dia,Escorregadia,Não,Sim,Não,Não,1,Sim,5,1,1,0,Não,Não realizado,Não,Ônibus,Não,Não
Colisão,2017-01-07,10:45,Sul,"-25.476234, -49.313471",Seco / Dia,Seca,Não,Sim,Não,Não,1,Não,1,2,2,0,Não,Não realizado,Sim,Carro,Não,Não
Atropelamento,2016-06-04,03:45,Leste,"-25.428548, -49.215178",Seco / Noite,Molhada,Não,Sim,Sim,Sim,4,Não,1,2,1,0,Não,Não realizado,Sim,Carro,Sim,Não
Capotamento,2017-08-27,15:15,Oeste,"-25.414290, -49.330148",Chuva / Dia,Seca,Não,Sim,Sim,Não,1,Sim,5,1,0,0,Não,Não realizado,Sim,Bicicleta,Sim,Não
Atropelamento,2017-11-17,07:00,Sul,"-25.461776, -49.292797",Seco / Dia,Molhada,Sim,Sim,Sim,Não,1,Sim,4,3,0,0,Não,Não realizado,Sim,Ônibus,Sim,Não
Queda de moto,2017-05-21,07:00,Norte,"-25.409059, -49.264875",Seco / Dia,Escorregadia,Não,Sim,Sim,Sim,3,Sim,5,3,1,0,Não,Não realizado,Sim,Ônibus,Não,Não
Colisão,2020-05-04,18:30,Centro,"-25.416299, -49.266000",Chuva / Dia,Molhada,Sim,Sim,Sim,Não,1,Sim,4,3,0,0,Não,Não realizado,Sim,Carro,Não,Sim
Colisão,2013-06-06,03:15,Oeste,"-25.431966, -49.335760",Chuva / Noite,Escorregadia,Não,Não,Não,Sim,3,Sim,4,5,0,0,Não,Não realizado,Não,Bicicleta,Sim,Não
Colisão,2010-09-03,21:15,Sul,"-25.446485, -49.309061",Seco / Noite,Seca,Sim,Não,Não,Sim,3,Não,1,3,3,0,Não,Não realizado,Sim,Bicicleta,Não,Não
Colisão,2024-02-06,20:45,Oeste,"-25.428436, -49.319202",Seco / Noite,Seca,Não,Não,Não,Sim,2,Não,1,2,2,0,Não,Não realizado,Sim,Moto,Sim,Não
Colisão,2006-09-04,00:30,Centro,"-25.421577, -49.274056",Seco / Noite,Molhada,Sim,Sim,Sim,Sim,2,Não,1,1,1,0,Não,Não realizado,Sim,Bicicleta,Sim,Não
Colisão,2024-09-11,10:30,Sul,"-25.477682, -49.304979",Neblina / Dia,Escorregadia,Sim,Sim,Sim,Sim,3,Sim,2,2,0,0,Sim,Negativo,Sim,Ônibus,Não,Não
Colisão,2019-08-13,11:15,Sul,"-25.441527, -49.293216",Seco / Dia,Molhada,Sim,Sim,Sim,Sim,4,Sim,3,3,0,0,Não,Não realizado,Sim,Caminhão,Sim,Sim
Atropelamento,2019-06-05,11:45,Sul,"-25.451358, -49.318641",Chuva / Dia,Seca,Sim,Não,Sim,Sim,2,Não,1,2,1,0,Não,Não realizado,Sim,Ônibus,Não,Não
Colisão,2013-10-20,16:00,Centro,"-25.415485, -49.263498",Seco / Dia,Molhada,Não,Sim,Sim,Sim,4,Sim,2,1,1,0,Sim,Positivo,Não,Caminhão,Não,Não
Atropelamento,2008-06-22,18:00,Centro,"-25.416347, -49.266992",Chuva / Dia,Seca,Sim,Não,Não,Sim,2,Não,1,3,0,0,Sim,Positivo,Sim,Ônibus,Não,Não
Colisão,2007-04-04,18:45,Oeste,"-25.436722, -49.307334",Seco / Dia,Escorregadia,Sim,Sim,Não,Sim,3,Não,1,1,1,0,Não,Não realizado,Não,Ônibus,Sim,Não
Atropelamento,2008-07-21,19:15,Leste,"-25.434204, -49.217083",Seco / Noite,Escorregadia,Não,Sim,Sim,Não,1,Não,1,4,2,0,Sim,Negativo,Sim,Carro,Não,Sim
Capotamento,2017-08-27,22:00,Leste,"-25.425498, -49.225995",Chuva / Noite,Molhada,Não,Sim,Sim,Sim,4,Não,1,1,1,0,Não,Não realizado,Não,Carro,Não,Não
Capotamento,2023-10-28,13:45,Norte,"-25.399909, -49.274734",Chuva / Dia,Seca,Sim,Sim,Não,Sim,4,Sim,3,2,0,0,Não,Não realizado,Sim,Carro,Não,Não
Capotamento,2006-08-29,14:30,Centro,"-25.418863, -49.262870",Seco / Dia,Escorregadia,Sim,Sim,Não,Não,1,Sim,3,1,0,0,Não,Não realizado,Sim,Ônibus,Não,Sim
Capotamento,2018-05-03,08:15,Sul,"-25.440558, -49.295385",Chuva / Dia,Molhada,Não,Sim,Sim,Sim,2,Sim,2,1,1,0,Sim,Positivo,Sim,Moto,Sim,Não
Capotamento,2014-08-03,01:30,Sul,"-25.445929, -49.280293",Seco / Noite,Molhada,Não,Sim,Não,Não,1,Sim,5,1,1,0,Sim,Negativo,Não,Bicicleta,Sim,Não
Capotamento,2024-03-08,14:45,Oeste,"-25.435634, -49.301438",Chuva / Dia,Seca,Sim,Sim,Sim,Não,1,Sim,2,1,0,0,Não,Não realizado,Não,Bicicleta,Não,Não
Colisão,2005-07-16,12:45,Centro,"-25.435304, -49.289796",Seco / Dia,Escorregadia,Não,Não,Não,Não,1,Sim,5,1,1,0,Não,Não realizado,Sim,Bicicleta,Não,Não
Colisão,2017-03-07,00:00,Oeste,"-25.431042, -49.309359",Chuva / Noite,Seca,Sim,Não,Sim,Sim,3,Sim,5,3,2,0,Não,Não realizado,Sim,Carro,Sim,Sim
Colisão,2020-09-24,21:00,Centro,"-25.423747, -49.285361",Seco / Noite,Molhada,Sim,Não,Não,Sim,4,Sim,2,1,1,0,Não,Não realizado,Sim,Bicicleta,Não,Não
Colisão,2014-05-14,01:00,Centro,"-25.422046, -49.270483",Seco / Noite,Seca,Não,Não,Não,Não,1,Não,1,2,0,0,Não,Não realizado,Sim,Bicicleta,Não,Não
Colisão,2016-03-08,22:45,Centro,"-25.417941, -49.263344",Chuva / Noite,Seca,Sim,Sim,Sim,Não,1,Não,1,4,1,0,Não,Não realizado,Sim,Moto,Não,Não
Queda de moto,2012-11-07,06:15,Sul,"-25.447350, -49.311582",Seco / Dia,Molhada,Não,Sim,Sim,Sim,2,Não,1,1,1,0,Não,Não realizado,Sim,Caminhão,Sim,Sim
Capotamento,2017-04-03,09:00,Centro,"-25.429368, -49.270766",Chuva / Dia,Escorregadia,Não,Sim,Sim,Não,1,Não,1,3,2,0,Não,Não realizado,Sim,Ônibus,Não,Não
Atropelamento,2007-01-04,00:15,Norte,"-25.404007, -49.280739",Seco / Noite,Molhada,Não,Não,Sim,Não,1,Não,1,3,0,0,Não,Não realizado,Sim,Moto,Sim,Não
Queda de moto,2016-03-20,06:00,Oeste,"-25.426626, -49.317465",Neblina / Dia,Seca,Não,Sim,Não,Sim,2,Não,1,4,2,0,Não,Não realizado,Sim,Moto,Sim,Não
Capotamento,2017-06-14,23:45,Norte,"-25.392239, -49.254497",Chuva / Noite,Molhada,Sim,Sim,Não,Não,1,Sim,5,1,0,0,Não,Não realizado,Sim,Ônibus,Sim,Não
Colisão,2015-08-10,16:00,Centro,"-25.429120, -49.272024",Chuva / Dia,Escorregadia,Sim,Sim,Sim,Não,1,Sim,3,1,0,0,Não,Não realizado,Sim,Carro,Sim,Não
Colisão,2008-04-22,12:30,Centro,"-25.428109, -49.283881",Seco / Dia,Seca,Não,Não,Sim,Sim,4,Sim,2,1,1,0,Sim,Negativo,Sim,Carro,Sim,Não
Colisão,2014-05-06,07:00,Sul,"-25.445895, -49.318673",Chuva / Dia,Escorregadia,Não,Sim,Não,Sim,2,Sim,4,1,1,0,Não,Não realizado,Sim,Bicicleta,Sim,Não
Queda de moto,2007-05-02,13:15,Leste,"-25.410578, -49.211414",Seco / Dia,Seca,Sim,Não,Sim,Não,1,Sim,4,1,1,0,Não,Não realizado,Não,Carro,Não,Não
Colisão,2012-03-02,17:00,Sul,"-25.459273, -49.317417",Seco / Dia,Molhada,Sim,Sim,Não,Sim,4,Não,1,3,3,0,Sim,Negativo,Sim,Carro,Sim,Não
Queda de moto,2015-12-17,06:45,Leste,"-25.438835, -49.215445",Chuva / Dia,Seca,Não,Sim,Não,Não,1,Não,1,1,0,0,Não,Não realizado,Sim,Caminhão,Sim,Não
Capotamento,2006-12-23,12:45,Centro,"-25.413862, -49.273896",Seco / Dia,Molhada,Sim,Não,Sim,Sim,2,Sim,2,1,0,0,Sim,Negativo,Sim,Moto,Sim,Não
Capotamento,2013-01-24,12:45,Norte,"-25.402849, -49.273593",Seco / Dia,Escorregadia,Não,Não,Sim,Não,1,Não,1,2,0,0,Sim,Positivo,Sim,Moto,Não,Não
Atropelamento,2021-03-15,13:30,Norte,"-25.393238, -49.288107",Seco / Dia,Seca,Não,Sim,Sim,Não,1,Não,1,3,1,0,Não,Não realizado,Sim,Moto,Não,Não
Queda de moto,2009-05-23,19:45,Centro,"-25.439448, -49.277203",Seco / Noite,Seca,Sim,Sim,Sim,Não,1,Sim,3,1,0,0,Sim,Negativo,Sim,Carro,Sim,Não
Colisão,2021-01-15,10:15,Norte,"-25.398187, -49.281273",Seco / Dia,Escorregadia,Sim,Não,Não,Não,1,Sim,4,1,0,0,Não,Não realizado,Sim,Moto,Sim,Não
Atropelamento,2015-04-22,15:15,Sul,"-25.469448, -49.297966",Seco / Dia,Seca,Sim,Sim,Sim,Sim,3,Não,1,3,1,0,Não,Não realizado,Sim,Carro,Não,Não
Colisão,2009-04-08,17:30,Norte,"-25.393795, -49.252908",Seco / Dia,Seca,Não,Sim,Sim,Não,1,Não,1,5,2,0,Sim,Negativo,Sim,Carro,Não,Não
Colisão,2022-03-02,02:00,Leste,"-25.436501, -49.217385",Seco / Noite,Molhada,Sim,Não,Sim,Não,1,Sim,4,1,1,0,Não,Não realizado,Sim,Ônibus,Sim,Não
Colisão,2021-03-13,05:15,Sul,"-25.448679, -49.290289",Seco / Noite,Escorregadia,Sim,Sim,Sim,Não,1,Sim,5,1,0,0,Não,Não realizado,Sim,Carro,Sim,Não
Colisão,2005-08-04,13:00,Sul,"-25.476099, -49.282526",Chuva / Dia,Molhada,Sim,Sim,Não,Não,1,Sim,5,2,0,0,Não,Não realizado,Sim,Carro,Sim,Não
Colisão,2010-11-10,19:15,Oeste,"-25.431876, -49.300001",Seco / Noite,Molhada,Não,Não,Não,Não,1,Não,1,4,3,0,Não,Não realizado,Sim,Bicicleta,Não,Não
Atropelamento,2012-10-27,19:30,Norte,"-25.389869, -49.262962",Seco / Noite,Escorregadia,Sim,Sim,Sim,Sim,4,Não,1,4,2,0,Sim,Negativo,Sim,Moto,Não,Não
Atropelamento,2019-06-24,08:00,Leste,"-25.428770, -49.226355",Seco / Dia,Molhada,Não,Não,Sim,Sim,3,Não,1,3,0,0,Não,Não realizado,Sim,Moto,Sim,Não
Atropelamento,2020-10-20,21:45,Sul,"-25.448565, -49.319206",Seco / Noite,Molhada,Sim,Não,Não,Sim,3,Sim,4,5,0,0,Não,Não realizado,Sim,Bicicleta,Não,Não
Colisão,2014-06-18,00:00,Leste,"-25.417205, -49.231848",Seco / Noite,Seca,Sim,Sim,Sim,Sim,3,Não,1,1,1,0,Não,Não realizado,Sim,Ônibus,Não,Sim
Atropelamento,2009-03-24,18:30,Norte,"-25.392055, -49.250129",Seco / Dia,Molhada,Não,Não,Sim,Sim,4,Sim,5,5,2,0,Não,Não realizado,Sim,Caminhão,Não,Não
Colisão,2005-09-27,02:15,Norte,"-25.381536, -49.270352",Neblina / Noite,Seca,Não,Sim,Sim,Sim,3,Sim,2,1,1,0,Não,Não realizado,Sim,Bicicleta,Sim,Não
Colisão,2011-05-04,02:00,Norte,"-25.382617, -49.254433",Chuva / Noite,Escorregadia,Sim,Não,Não,Não,1,Sim,3,4,2,0,Não,Não realizado,Não,Ônibus,Não,Não
Atropelamento,2011-10-23,23:00,Oeste,"-25.410977, -49.338759",Seco / Noite,Escorregadia,Sim,Não,Sim,Não,1,Sim,5,5,0,0,Sim,Positivo,Sim,Bicicleta,Não,Não
Colisão,2021-02-24,07:00,Oeste,"-25.438099, -49.322561",Chuva / Dia,Seca,Sim,Sim,Não,Sim,4,Sim,3,1,1,0,Sim,Negativo,Sim,Bicicleta,Sim,Não
Colisão,2019-07-22,20:30,Centro,"-25.430251, -49.260360",Seco / Noite,Seca,Sim,Não,Sim,Sim,3,Não,1,2,1,0,Sim,Negativo,Sim,Moto,Não,Não
Capotamento,2016-08-12,11:45,Oeste,"-25.438456, -49.313628",Chuva / Dia,Escorregadia,Sim,Sim,Sim,Não,1,Sim,4,5,0,0,Não,Não realizado,Sim,Moto,Não,Não
Queda de moto,2009-05-07,18:00,Norte,"-25.403868, -49.287110",Seco / Dia,Seca,Não,Sim,Sim,Não,1,Sim,3,1,0,0,Sim,Negativo,Sim,Caminhão,Não,Não
Colisão,2014-08-11,16:30,Oeste,"-25.422597, -49.333804",Chuva / Dia,Seca,Sim,Sim,Sim,Sim,3,Sim,2,1,1,0,Sim,Negativo,Sim,Ônibus,Sim,Não
Atropelamento,2007-09-06,17:00,Leste,"-25.423983, -49.217298",Chuva / Dia,Molhada,Sim,Sim,Não,Sim,4,Sim,3,2,0,0,Não,Não realizado,Sim,Ônibus,Não,Não
Colisão,2023-12-24,14:45,Oeste,"-25.429152, -49.331011",Seco / Dia,Molhada,Não,Sim,Não,Sim,4,Sim,5,2,1,0,Não,Não realizado,Sim,Carro,Sim,Não
Colisão,2025-11-07,09:15,Sul,"-25.455861, -49.300770",Seco / Dia,Seca,Sim,Não,Não,Sim,3,Sim,4,1,0,0,Não,Não realizado,Sim,Moto,Não,Não
Colisão,2020-12-20,04:00,Centro,"-25.424119, -49.273363",Chuva / Noite,Molhada,Sim,Não,Sim,Sim,2,Sim,3,1,0,0,Não,Não realizado,Sim,Ônibus,Sim,Não
Capotamento,2022-05-05,10:15,Norte,"-25.404431, -49.261271",Chuva / Dia,Molhada,Sim,Sim,Sim,Sim,3,Sim,5,1,1,0,Sim,Negativo,Sim,Ônibus,Sim,Não
Atropelamento,2014-07-07,06:00,Norte,"-25.408815, -49.242912",Chuva / Dia,Seca,Não,Sim,Não,Sim,2,Não,1,5,0,0,Sim,Positivo,Sim,Caminhão,Não,Não
Capotamento,2014-06-15,04:00,Sul,"-25.479110, -49.303293",Chuva / Noite,Seca,Sim,Sim,Sim,Não,1,Não,1,4,1,0,Não,Não realizado,Sim,Moto,Sim,Não
Queda de moto,2009-07-09,11:30,Oeste,"-25.411735, -49.300065",Chuva / Dia,Molhada,Não,Não,Sim,Sim,2,Sim,2,1,0,0,Não,Não realizado,Sim,Ônibus,Sim,Não
Capotamento,2009-10-31,12:15,Centro,"-25.431670, -49.285600",Seco / Dia,Escorregadia,Sim,Sim,Sim,Sim,2,Sim,3,2,2,0,Não,Não realizado,Sim,Caminhão,Sim,Não
Atropelamento,2022-12-08,15:15,Sul,"-25.444890, -49.286912",Chuva / Dia,Molhada,Sim,Não,Sim,Sim,4,Não,1,3,1,0,Não,Não realizado,Sim,Bicicleta,Não,Não
Colisão,2013-01-22,15:00,Norte,"-25.380320, -49.264052",Seco / Dia,Seca,Não,Não,Não,Não,1,Não,1,2,2,0,Não,Não realizado,Sim,Ônibus,Sim,Não
Colisão,2010-04-15,21:45,Leste,"-25.419097, -49.233653",Chuva / Noite,Seca,Sim,Não,Não,Não,1,Sim,2,2,2,0,Sim,Negativo,Sim,Caminhão,Sim,Sim