TIPO DE ACIDENTE,DATA,HORA,REGIÃO,COORDENADA GEOGRÁFICA,SITUAÇÃO CLIMÁTICA/LUMINOSIDADE,CONDIÇÕES DA SUPERFÍCIE DE ROLAMENTO,POSSUI SINALIZAÇÃO HORIZONTAL,POSSUI SINALIZAÇÃO VERTICAL,PRÓXIMO A EQUIPO ELETRÔNICO,HOUVE OUTROS VEÍCULOS ENVOLVIDOS,QUANTOS VEÍCULOS,HAVIA OUTROS OCUPANTES NO VEÍCULO,QUANTOS OCUPANTES,ENVOLVIDOS,FERIDOS,ÓBITOS,FOI REALIZADO O TESTE DE BAFÔMETRO,QUAL O RESULTADO,POSSUI HABILITAÇÃO,VEÍCULO TIPO,HOUVE DANOS AO PATRIMÔNIO PÚBLICO?,HOUVE DANOS AO MEIO AMBIENTE?
Colisão,2021-11-11,01:45,Norte,"-25.389604, -49.242060",Chuva / Noite,Seca,Sim,Sim,Não,Não,1,Não,1,1,1,0,Sim,Positivo,Sim,Carro,Sim,Não
Capotamento,2022-03-27,01:00,Norte,"-25.409206, -49.263618",Seco / Noite,Escorregadia,Não,Não,Sim,Não,1,Não,1,1,0,0,Sim,Negativo,Sim,Caminhão,Sim,Não
Colisão,2021-06-25,20:00,Norte,"-25.393652, -49.254844",Chuva / Noite,Escorregadia,Sim,Sim,Não,Sim,4,Não,1,2,0,0,Sim,Positivo,Não,Bicicleta,Não,Não
Colisão,2010-01-30,03:00,Norte,"-25.396227, -49.250252",Chuva / Noite,Seca,Sim,Não,Não,Não,1,Não,1,3,1,1,Sim,Positivo,Sim,Ônibus,Não,Não
Colisão,2014-03-22,20:30,Sul,"-25.473153, -49.310443",Seco / Noite,Escorregadia,Sim,Sim,Não,Não,1,Não,1,1,1,0,Não,Não realizado,Sim,Carro,Não,Não
Colisão,2012-08-01,05:00,Oeste,"-25.426480, -49.302255",Seco / Noite,Escorregadia,Não,Não,Não,Sim,2,Não,1,2,2,0,Não,Não realizado,Sim,Carro,Sim,Não
Colisão,2020-08-09,23:30,Sul,"-25.472567, -49.301165",Chuva / Noite,Seca,Não,Sim,Sim,Sim,4,Não,1,3,0,0,Sim,Positivo,Sim,Bicicleta,Não,Não
Colisão,2024-09-02,08:15,Oeste,"-25.422549, -49.338041",Seco / Dia,Seca,Sim,Sim,Não,Sim,2,Não,1,1,1,0,Não,Não realizado,Não,Ônibus,Sim,Não
Colisão,2009-06-26,03:15,Norte,"-25.402921, -49.264075",Chuva / Noite,Seca,Sim,Sim,Sim,Não,1,Sim,3,2,0,0,Não,Não realizado,Sim,Carro,Não,Não
Colisão,2010-12-21,18:45,Sul,"-25.467974, -49.294500",Seco / Dia,Escorregadia,Sim,Sim,Sim,Não,1,Sim,5,2,2,0,Não,Não realizado,Sim,Ônibus,Não,Não
Atropelamento,2012-01-22,05:00,Leste,"-25.421126, -49.240439",Seco / Noite,Seca,Não,Não,Sim,Sim,3,Sim,2,2,2,0,Sim,Negativo,Sim,Carro,Sim,Não
Capotamento,2013-07-15,13:00,Sul,"-25.441210, -49.305600",Chuva / Dia,Seca,Não,Não,Não,Não,1,Não,1,2,1,0,Não,Não realizado,Sim,Bicicleta,Sim,Não
Atropelamento,2012-11-16,16:15,Oeste,"-25.422636, -49.321971",Chuva / Dia,Escorregadia,Sim,Não,Não,Não,1,Não,1,5,2,0,Sim,Positivo,Sim,Moto,Não,Não
Capotamento,2025-01-31,12:45,Norte,"-25.400218, -49.264775",Seco / Dia,Escorregadia,Sim,Não,Sim,Sim,4,Não,1,1,1,0,Não,Não realizado,Sim,Carro,Não,Não
Queda de moto,2011-07-28,04:30,Leste,"-25.413526, -49.208442",Seco / Noite,Escorregadia,Não,Sim,Sim,Sim,3,Sim,2,2,1,0,Sim,Negativo,Sim,Carro,Sim,Não
Colisão,2013-04-07,04:15,Norte,"-25.385830, -49.260142",Chuva / Noite,Escorregadia,Não,Sim,Não,Não,1,Sim,3,2,2,0,Sim,Positivo,Sim,Moto,Não,Não
Atropelamento,2010-09-23,14:30,Centro,"-25.432507, -49.262964",Seco / Dia,Molhada,Sim,Sim,Sim,Não,1,Sim,3,4,2,0,Não,Não realizado,Sim,Bicicleta,Não,Não
Colisão,2013-11-09,01:45,Leste,"-25.438188, -49.247246",Chuva / Noite,Molhada,Não,Sim,Sim,Não,1,Não,1,3,1,0,Sim,Negativo,Sim,Bicicleta,Sim,Não
Colisão,2017-03-02,09:15,Oeste,"-25.416550, -49.322626",Seco / Dia,Seca,Sim,Não,Sim,Sim,2,Sim,2,1,0,0,Não,Não realizado,Sim,Caminhão,Não,Não
Colisão,2016-03-10,22:15,Norte,"-25.407354, -49.270324",Seco / Noite,Escorregadia,Não,Sim,Não,Sim,2,Não,1,1,1,0,Não,Não realizado,Sim,Moto,Sim,Não
Colisão,2020-02-15,14:15,Oeste,"-25.410585, -49.327172",Chuva / Dia,Seca,Sim,Não,Não,Não,1,Não,1,3,1,0,Não,Não realizado,Sim,Caminhão,Não,Sim
Colisão,2018-09-16,00:30,Sul,"-25.444494, -49.297392",Chuva / Noite,Escorregadia,Não,Sim,Não,Não,1,Sim,3,2,2,0,Não,Não realizado,Sim,Moto,Não,Não
Colisão,2020-04-05,18:00,Oeste,"-25.420283, -49.339283",Seco / Dia,Molhada,Não,Não,Sim,Sim,2,Não,1,2,0,0,Sim,Negativo,Sim,Ônibus,Não,Não
Atropelamento,2024-10-16,18:00,Leste,"-25.413797, -49.225798",Seco / Dia,Molhada,Não,Sim,Sim,Sim,4,Sim,5,3,2,0,Não,Não realizado,Sim,Ônibus,Sim,Não
Atropelamento,2007-08-06,02:15,Centro,"-25.417615, -49.280967",Seco / Noite,Molhada,Não,Sim,Sim,Não,1,Sim,4,4,3,0,Não,Não realizado,Sim,Bicicleta,Sim,Não
Atropelamento,2011-10-10,18:30,Centro,"-25.410771, -49.264895",Seco / Dia,Seca,Não,Não,Sim,Sim,2,Sim,3,3,0,0,Não,Não realizado,Sim,Carro,Não,Não
Colisão,2009-05-30,10:00,Norte,"-25.381613, -49.272206",Seco / Dia,Seca,Não,Sim,Sim,Não,1,Não,1,4,0,0,Sim,Positivo,Sim,Caminhão,Não,Não
Atropelamento,2017-06-07,05:00,Oeste,"-25.434350, -49.308079",Chuva / Noite,Seca,Não,Não,Sim,Sim,2,Sim,3,3,2,0,Sim,Negativo,Sim,Carro,Sim,Não
Queda de moto,2016-06-10,13:00,Norte,"-25.391174, -49.266729",Seco / Dia,Molhada,Não,Sim,Não,Não,1,Sim,4,3,0,0,Não,Não realizado,Sim,Bicicleta,Sim,Não
Capotamento,2010-08-22,14:30,Centro,"-25.411016, -49.275392",Seco / Dia,Molhada,Não,Não,Sim,Sim,3,Não,1,2,2,0,Não,Não realizado,Sim,Moto,Não,Não
Atropelamento,2007-08-02,20:45,Oeste,"-25.430559, -49.309551",Chuva / Noite,Seca,Não,Não,Não,Não,1,Não,1,4,1,0,Sim,Negativo,Sim,Carro,Sim,Não
Atropelamento,2017-10-14,21:15,Leste,"-25.420784, -49.228405",Seco / Noite,Molhada,Sim,Sim,Não,Não,1,Não,1,2,2,0,Não,Não realizado,Sim,Carro,Não,Não
Capotamento,2019-07-11,04:00,Oeste,"-25.416476, -49.310309",Seco / Noite,Seca,Sim,Não,Não,Sim,2,Não,1,1,1,0,Sim,Negativo,Sim,Carro,Sim,Não
Colisão,2022-04-23,20:15,Centro,"-25.431836, -49.276295",Neblina / Noite,Molhada,Não,Sim,Sim,Não,1,Sim,5,2,2,0,Não,Não realizado,Não,Caminhão,Não,Não
Atropelamento,2023-12-21,00:00,Sul,"-25.479737, -49.310202",Seco / Noite,Seca,Sim,Sim,Sim,Não,1,Sim,5,5,1,1,Sim,Negativo,Sim,Bicicleta,Sim,Não
Colisão,2015-08-15,17:00,Sul,"-25.478679, -49.301532",Chuva / Dia,Seca,Não,Sim,Sim,Sim,3,Sim,3,2,0,0,Sim,Positivo,Sim,Caminhão,Não,Não
Colisão,2008-08-19,11:45,Sul,"-25.447053, -49.289469",Chuva / Dia,Seca,Não,Sim,Não,Não,1,Não,1,2,1,0,Sim,Negativo,Sim,Caminhão,Sim,Não
Colisão,2009-08-21,19:00,Norte,"-25.393252, -49.253729",Chuva / Noite,Escorregadia,Não,Não,Sim,Não,1,Não,1,4,0,0,Sim,Positivo,Sim,Carro,Não,Não
Colisão,2009-07-02,04:00,Centro,"-25.410542, -49.271764",Seco / Noite,Seca,Não,Sim,Sim,Sim,4,Sim,5,2,0,0,Sim,Negativo,Sim,Moto,Não,Não
Capotamento,2023-04-18,14:15,Oeste,"-25.433001, -49.317838",Chuva / Dia,Escorregadia,Sim,Não,Não,Sim,4,Sim,2,2,0,0,Não,Não realizado,Sim,Moto,Sim,Não
Colisão,2005-09-09,02:45,Norte,"-25.388459, -49.282351",Seco / Noite,Seca,Sim,Sim,Não,Sim,3,Não,1,2,1,0,Não,Não realizado,Sim,Carro,Não,Não
Colisão,2011-03-12,03:30,Leste,"-25.424200, -49.234128",Chuva / Noite,Seca,Sim,Não,Não,Sim,4,Sim,5,1,1,0,Não,Não realizado,Sim,Moto,Não,Não
Colisão,2019-12-10,05:15,Sul,"-25.475718, -49.281327",Seco / Noite,Molhada,Não,Não,Sim,Sim,4,Não,1,5,2,0,Não,Não realizado,Sim,Moto,Sim,Não
Queda de moto,2005-01-02,02:00,Centro,"-25.432028, -49.275060",Seco / Noite,Escorregadia,Não,Não,Não,Não,1,Não,1,1,1,0,Sim,Negativo,Sim,Caminhão,Sim,Não
Colisão,2017-12-09,10:00,Oeste,"-25.424025, -49.300507",Seco / Dia,Seca,Não,Não,Não,Não,1,Não,1,1,1,0,Não,Não realizado,Não,Moto,Sim,Não
Capotamento,2020-12-16,23:00,Centro,"-25.436550, -49.270876",Seco / Noite,Molhada,Não,Não,Sim,Sim,4,Não,1,2,0,0,Não,Não realizado,Sim,Moto,Sim,Não
Colisão,2005-12-30,14:00,Centro,"-25.436156, -49.281107",Seco / Dia,Seca,Não,Não,Não,Não,1,Sim,3,3,3,0,Não,Não realizado,Sim,Caminhão,Sim,Não
Colisão,2017-04-03,16:00,Norte,"-25.382921, -49.253099",Seco / Dia,Seca,Não,Não,Sim,Sim,3,Sim,4,2,1,0,Não,Não realizado,Sim,Carro,Não,Não
Capotamento,2022-09-01,11:00,Oeste,"-25.436904, -49.303752",Seco / Dia,Escorregadia,Não,Não,Não,Sim,4,Sim,3,1,1,0,Não,Não realizado,Sim,Caminhão,Não,Não
Queda de moto,2021-10-31,23:15,Oeste,"-25.430999, -49.303338",Seco / Noite,Seca,Não,Não,Sim,Sim,2,Não,1,3,2,0,Não,Não realizado,Sim,Bicicleta,Sim,Não
Colisão,2023-12-07,06:45,Leste,"-25.430040, -49.221693",Seco / Dia,Seca,Sim,Sim,Sim,Sim,2,Sim,5,2,0,0,Sim,Positivo,Sim,Moto,Não,Não
Queda de moto,2016-12-30,11:00,Oeste,"-25.416177, -49.317226",Seco / Dia,Escorregadia,Sim,Não,Não,Não,1,Sim,2,3,3,0,Sim,Positivo,Sim,Ônibus,Sim,Não
Colisão,2016-12-06,19:30,Centro,"-25.431499, -49.260153",Seco / Noite,Seca,Não,Sim,Não,Não,1,Não,1,3,2,0,Não,Não realizado,Sim,Carro,Não,Não
Colisão,2016-07-15,15:45,Norte,"-25.394950, -49.250694",Chuva / Dia,Seca,Sim,Sim,Não,Sim,3,Não,1,1,1,0,Sim,Negativo,Sim,Carro,Não,Sim
Colisão,2024-05-08,09:45,Sul,"-25.452545, -49.285038",Chuva / Dia,Seca,Sim,Não,Sim,Não,1,Não,1,1,0,0,Sim,Negativo,Sim,Caminhão,Sim,Não
Queda de moto,2015-06-23,15:45,Norte,"-25.406060, -49.281144",Chuva / Dia,Seca,Sim,Sim,Não,Sim,2,Sim,3,1,1,0,Não,Não realizado,Sim,Ônibus,Não,Não
Colisão,2005-01-17,21:45,Oeste,"-25.415624, -49.335371",Seco / Noite,Molhada,Sim,Não,Sim,Sim,2,Não,1,3,0,0,Não,Não realizado,Sim,Moto,Não,Não
Capotamento,2020-03-01,20:00,Sul,"-25.465567, -49.319600",Seco / Noite,Seca,Sim,Não,Sim,Não,1,Sim,5,1,1,0,Sim,Negativo,Sim,Bicicleta,Não,Não
Atropelamento,2023-08-08,05:15,Sul,"-25.443082, -49.305825",Seco / Noite,Molhada,Sim,Sim,Não,Não,1,Sim,5,5,0,0,Sim,Positivo,Sim,Caminhão,Não,Não
Queda de moto,2006-08-31,03:00,Centro,"-25.414435, -49.280662",Seco / Noite,Escorregadia,Sim,Sim,Sim,Não,1,Não,1,1,0,0,Não,Não realizado,Sim,Caminhão,Não,Não
Capotamento,2012-05-05,13:15,Norte,"-25.389746, -49.267162",Seco / Dia,Molhada,Não,Não,Não,Não,1,Sim,5,2,2,0,Sim,Positivo,Sim,Ônibus,Sim,Não
Colisão,2015-09-08,08:00,Norte,"-25.407269, -49.248917",Seco / Dia,Seca,Sim,Sim,Sim,Não,1,Sim,5,2,2,0,Sim,Negativo,Não,Bicicleta,Não,Não
Colisão,2020-05-01,20:45,Leste,"-25.420038, -49.227595",Seco / Noite,Molhada,Não,Não,Não,Não,1,Sim,3,3,3,0,Sim,Positivo,Sim,Bicicleta,Não,Não
Colisão,2019-09-26,02:45,Oeste,"-25.429307, -49.333675",Seco / Noite,Escorregadia,Sim,Não,Não,Não,1,Não,1,4,1,0,Não,Não realizado,Sim,Ônibus,Não,Não
Queda de moto,2010-02-21,11:30,Centro,"-25.427441, -49.263850",Seco / Dia,Escorregadia,Não,Não,Sim,Sim,3,Sim,4,1,0,0,Não,Não realizado,Não,Bicicleta,Não,Não
Colisão,2009-08-03,21:30,Centro,"-25.414243, -49.283138",Seco / Noite,Molhada,Não,Não,Não,Não,1,Não,1,1,0,0,Não,Não realizado,Sim,Caminhão,Não,Não
Atropelamento,2025-06-29,10:45,Oeste,"-25.411031, -49.315669",Seco / Dia,Seca,Sim,Sim,Sim,Não,1,Não,1,2,2,0,Não,Não realizado,Sim,Caminhão,Sim,Não
Queda de moto,2023-03-15,21:30,Leste,"-25.412667, -49.232723",Neblina / Noite,Escorregadia,Não,Sim,Não,Não,1,Sim,3,1,1,0,Não,Não realizado,Sim,Carro,Não,Não
Colisão,2021-08-17,22:15,Oeste,"-25.418206, -49.333077",Seco / Noite,Seca,Não,Sim,Sim,Não,1,Sim,5,3,2,0,Sim,Positivo,Sim,Caminhão,Não,Não
Colisão,2016-07-31,08:45,Oeste,"-25.422038, -49.322422",Seco / Dia,Escorregadia,Sim,Sim,Não,Sim,3,Não,1,4,0,0,Não,Não realizado,Não,Ônibus,Sim,Não
Colisão,2017-04-03,18:30,Centro,"-25.417160, -49.272970",Seco / Dia,Escorregadia,Sim,Não,Sim,Não,1,Sim,2,1,1,0,Sim,Positivo,Sim,Bicicleta,Não,Não
Atropelamento,2021-04-06,23:15,Leste,"-25.419921, -49.232293",Seco / Noite,Seca,Sim,Não,Sim,Sim,2,Sim,3,5,0,0,Não,Não realizado,Sim,Carro,Não,Não
Atropelamento,2024-07-21,09:30,Sul,"-25.466271, -49.294950",Chuva / Dia,Escorregadia,Sim,Sim,Sim,Não,1,Sim,2,5,2,0,Não,Não realizado,Sim,Bicicleta,Não,Não
Atropelamento,2020-12-29,23:00,Sul,"-25.465506, -49.295409",Neblina / Noite,Escorregadia,Sim,Sim,Sim,Sim,4,Não,1,4,2,0,Não,Não realizado,Não,Carro,Sim,Não
Colisão,2019-01-24,08:00,Oeste,"-25.414338, -49.306952",Chuva / Dia,Escorregadia,Não,Sim,Sim,Não,1,Sim,2,4,3,0,Não,Não realizado,Sim,Moto,Não,Não
Colisão,2023-04-02,10:15,Sul,"-25.452286, -49.317806",Seco / Dia,Seca,Não,Não,Não,Não,1,Sim,2,3,1,0,Sim,Positivo,Sim,Moto,Sim,Não
Queda de moto,2006-05-17,05:30,Centro,"-25.427189, -49.282687",Seco / Noite,Molhada,Sim,Não,Sim,Sim,4,Não,1,1,1,0,Sim,Negativo,Sim,Ônibus,Sim,Não
Atropelamento,2016-06-19,02:30,Norte,"-25.398769, -49.260004",Chuva / Noite,Escorregadia,Sim,Não,Não,Sim,2,Não,1,4,4,0,Sim,Negativo,Sim,Bicicleta,Não,Não
Capotamento,2009-10-29,15:00,Centro,"-25.429276, -49.269161",Chuva / Dia,Seca,Não,Não,Não,Sim,2,Não,1,2,0,0,Não,Não realizado,Sim,Carro,Não,Não
Atropelamento,2025-09-05,13:15,Sul,"-25.445417, -49.282110",Seco / Dia,Molhada,Não,Sim,Sim,Sim,4,Não,1,3,3,0,Sim,Negativo,Não,Bicicleta,Não,Não
Atropelamento,2021-04-25,11:30,Oeste,"-25.426295, -49.329158",Seco / Dia,Molhada,Sim,Não,Não,Não,1,Sim,4,3,1,0,Sim,Positivo,Não,Caminhão,Sim,Não
Capotamento,2008-05-29,10:30,Centro,"-25.439687, -49.272781",Seco / Dia,Molhada,Não,Não,Não,Sim,3,Sim,4,1,1,0,Não,Não realizado,Sim,Caminhão,Não,Não
Colisão,2012-10-15,01:45,Oeste,"-25.432463, -49.337544",Seco / Noite,Escorregadia,Sim,Sim,Não,Não,1,Não,1,2,0,0,Não,Não realizado,Sim,Bicicleta,Não,Não
Atropelamento,2019-06-01,06:45,Centro,"-25.420481, -49.267489",Neblina / Dia,Molhada,Não,Sim,Sim,Sim,3,Não,1,3,0,0,Não,Não realizado,Sim,Ônibus,Não,Não
Colisão,2011-05-10,07:45,Norte,"-25.381848, -49.259518",Seco / Dia,Molhada,Sim,Sim,Sim,Sim,4,Sim,5,2,2,0,Não,Não realizado,Sim,Bicicleta,Sim,Não
Colisão,2011-01-06,12:30,Norte,"-25.404216, -49.263932",Seco / Dia,Escorregadia,Não,Não,Não,Sim,2,Não,1,2,0,0,Não,Não realizado,Sim,Caminhão,Sim,Não
Atropelamento,2012-09-29,05:15,Norte,"-25.409823, -49.242206",Neblina / Noite,Seca,Não,Sim,Sim,Não,1,Não,1,4,1,0,Sim,Positivo,Sim,Moto,Não,Não
Colisão,2022-10-23,13:30,Centro,"-25.419689, -49.262259",Chuva / Dia,Seca,Sim,Não,Não,Não,1,Sim,3,5,1,0,Sim,Positivo,Sim,Carro,Não,Não
Atropelamento,2015-03-07,17:00,Norte,"-25.381634, -49.285161",Seco / Dia,Escorregadia,Sim,Sim,Não,Sim,4,Sim,3,3,3,0,Não,Não realizado,Sim,Moto,Sim,Não
Atropelamento,2021-07-12,03:00,Leste,"-25.415027, -49.202963",Seco / Noite,Escorregadia,Não,Sim,Sim,Sim,3,Sim,5,5,0,0,Não,Não realizado,Sim,Ônibus,Não,Não
Atropelamento,2008-04-02,20:15,Centro,"-25.436818, -49.288646",Seco / Noite,Escorregadia,Não,Sim,Sim,Sim,4,Sim,5,2,0,0,Sim,Negativo,Sim,Moto,Sim,Não
Colisão,2017-10-29,19:45,Centro,"-25.437178, -49.285117",Seco / Noite,Escorregadia,Não,Não,Sim,Não,1,Sim,3,2,0,0,Sim,Positivo,Sim,Bicicleta,Sim,Não
Capotamento,2025-11-17,15:30,Centro,"-25.438112, -49.273585",Chuva / Dia,Seca,Não,Não,Sim,Não,1,Não,1,3,3,0,Sim,Negativo,Sim,Carro,Sim,Não
Colisão,2025-08-15,02:15,Centro,"-25.421707, -49.278436",Chuva / Noite,Seca,Não,Sim,Não,Não,1,Não,1,3,3,0,Sim,Positivo,Sim,Ônibus,Não,Não
Atropelamento,2023-12-20,19:45,Centro,"-25.433814, -49.278509",Seco / Noite,Escorregadia,Não,Sim,Não,Sim,2,Não,1,3,2,0,Não,Não realizado,Sim,Ônibus,Não,Não
Colisão,2025-07-24,11:30,Sul,"-25.469584, -49.315487",Seco / Dia,Seca,Não,Sim,Não,Sim,4,Sim,2,2,2,0,Não,Não realizado,Sim,Carro,Sim,Não
Capotamento,2021-08-16,05:45,Sul,"-25.475062, -49.282837",Seco / Noite,Molhada,Não,Sim,Não,Não,1,Sim,5,1,0,0,Não,Não realizado,Sim,Carro,Sim,Não
Colisão,2005-07-30,05:00,Centro,"-25.416135, -49.273111",Seco / Noite,Molhada,Não,Sim,Não,Não,1,Sim,3,1,1,0,Não,Não realizado,Sim,Caminhão,Não,Não
Colisão,2025-08-29,11:45,Centro,"-25.412394, -49.266357",Chuva / Dia,Escorregadia,Não,Sim,Sim,Sim,3,Não,1,1,1,0,Não,Não realizado,Sim,Moto,Não,Não
Colisão,2023-03-04,11:30,Norte,"-25.407117, -49.253757",Seco / Dia,Molhada,Sim,Não,Sim,Não,1,Sim,4,2,2,0,Sim,Negativo,Sim,Moto,Sim,Não
Colisão,2009-07-23,17:15,Leste,"-25.411362, -49.238522",Chuva / Dia,Escorregadia,Sim,Sim,Não,Sim,2,Sim,2,1,1,0,Sim,Positivo,Sim,Bicicleta,Não,Não
Capotamento,2014-09-08,23:45,Centro,"-25.411280, -49.275377",Seco / Noite,Escorregadia,Sim,Sim,Não,Não,1,Não,1,2,1,0,Não,Não realizado,Sim,Caminhão,Sim,Não
Colisão,2015-10-11,16:45,Leste,"-25.429288, -49.224038",Chuva / Dia,Escorregadia,Sim,Sim,Não,Sim,3,Sim,3,2,0,0,Não,Não realizado,Sim,Caminhão,Não,Não
Queda de moto,2011-03-22,21:30,Oeste,"-25.425239, -49.313620",Chuva / Noite,Seca,Não,Sim,Sim,Sim,2,Não,1,2,1,0,Sim,Positivo,Sim,Bicicleta,Sim,Não
Colisão,2008-05-13,12:00,Norte,"-25.380706, -49.262462",Chuva / Dia,Seca,Não,Não,Não,Sim,2,Não,1,1,1,0,Sim,Positivo,Sim,Caminhão,Sim,Não
Colisão,2009-07-06,14:15,Sul,"-25.449913, -49.293570",Seco / Dia,Molhada,Não,Sim,Não,Não,1,Não,1,2,2,0,Não,Não realizado,Sim,Ônibus,Não,Não
Colisão,2021-04-01,00:30,Oeste,"-25.413112, -49.315443",Chuva / Noite,Molhada,Não,Sim,Sim,Sim,4,Sim,5,1,0,0,Sim,Positivo,Sim,Caminhão,Sim,Não
Colisão,2014-05-15,22:45,Norte,"-25.400274, -49.268296",Chuva / Noite,Molhada,Não,Sim,Não,Sim,3,Não,1,1,1,0,Sim,Positivo,Sim,Ônibus,Sim,Não
Colisão,2021-11-16,09:30,Oeste,"-25.419633, -49.320506",Seco / Dia,Seca,Sim,Não,Não,Não,1,Sim,5,2,0,0,Não,Não realizado,Sim,Moto,Sim,Não
Atropelamento,2017-01-12,19:45,Sul,"-25.460434, -49.293922",Seco / Noite,Seca,Sim,Não,Sim,Não,1,Sim,4,5,5,0,Não,Não realizado,Sim,Bicicleta,Sim,Não
Colisão,2023-08-04,06:15,Sul,"-25.468184, -49.307139",Seco / Dia,Seca,Sim,Não,Sim,Sim,2,Sim,5,1,1,0,Sim,Negativo,Sim,Carro,Sim,Não
Queda de moto,2014-03-06,07:15,Sul,"-25.446904, -49.306090",Seco / Dia,Molhada,Não,Não,Sim,Sim,3,Sim,2,1,0,0,Não,Não realizado,Sim,Ônibus,Não,Não
Colisão,2022-10-30,06:00,Sul,"-25.468615, -49.296910",Chuva / Dia,Escorregadia,Não,Sim,Sim,Não,1,Não,1,5,1,0,Não,Não realizado,Sim,Moto,Não,Não
Colisão,2016-03-23,09:45,Sul,"-25.466301, -49.312438",Seco / Dia,Escorregadia,Não,Sim,Não,Sim,3,Sim,3,3,1,0,Não,Não realizado,Sim,Ônibus,Sim,Não
Colisão,2020-09-24,00:15,Leste,"-25.411038, -49.214031",Chuva / Noite,Escorregadia,Sim,Não,Não,Sim,4,Não,1,1,0,0,Sim,Negativo,Sim,Bicicleta,Não,Não
Atropelamento,2017-10-09,04:45,Norte,"-25.402305, -49.260943",Seco / Noite,Escorregadia,Não,Não,Sim,Sim,2,Sim,3,5,3,0,Não,Não realizado,Sim,Caminhão,Sim,Não
Colisão,2008-12-27,13:45,Centro,"-25.411686, -49.289298",Seco / Dia,Seca,Sim,Sim,Sim,Não,1,Sim,4,2,2,2,Não,Não realizado,Sim,Moto,Sim,Não
Capotamento,2017-07-02,16:00,Leste,"-25.438165, -49.228549",Seco / Dia,Escorregadia,Não,Sim,Não,Não,1,Não,1,3,3,0,Não,Não realizado,Sim,Carro,Não,Não
Colisão,2010-03-19,19:30,Oeste,"-25.414938, -49.337043",Seco / Noite,Escorregadia,Não,Sim,Sim,Sim,3,Não,1,1,1,0,Não,Não realizado,Sim,Carro,Sim,Não
Colisão,2014-07-16,12:00,Norte,"-25.383510, -49.270249",Chuva / Dia,Seca,Não,Sim,Não,Não,1,Sim,3,3,2,0,Não,Não realizado,Sim,Carro,Sim,Não
Atropelamento,2007-11-04,16:30,Centro,"-25.432569, -49.278015",Seco / Dia,Seca,Não,Sim,Sim,Sim,4,Não,1,4,4,0,Sim,Positivo,Sim,Caminhão,Sim,Não
Colisão,2006-03-07,07:00,Oeste,"-25.429586, -49.332674",Seco / Dia,Escorregadia,Não,Não,Não,Sim,4,Não,1,1,1,0,Sim,Negativo,Sim,Carro,Não,Não
Queda de moto,2007-08-19,05:30,Leste,"-25.432682, -49.230185",Seco / Noite,Molhada,Sim,Não,Sim,Não,1,Sim,4,1,1,0,Sim,Positivo,Sim,Moto,Sim,Não
Colisão,2007-12-23,08:45,Centro,"-25.426052, -49.280663",Seco / Dia,Escorregadia,Não,Não,Sim,Não,1,Sim,4,2,2,0,Sim,Negativo,Sim,Moto,Sim,Não
Colisão,2020-03-07,10:30,Norte,"-25.380798, -49.264302",Chuva / Dia,Seca,Sim,Sim,Não,Não,1,Sim,3,1,1,0,Não,Não realizado,Sim,Carro,Não,Não
Colisão,2017-05-20,09:00,Oeste,"-25.435890, -49.301755",Chuva / Dia,Seca,Não,Sim,Não,Não,1,Não,1,3,3,0,Não,Não realizado,Não,Ônibus,Não,Não
Queda de moto,2006-03-29,20:30,Oeste,"-25.425828, -49.315457",Seco / Noite,Seca,Não,Sim,Sim,Sim,4,Não,1,1,1,1,Sim,Negativo,Sim,Ônibus,Não,Não
Colisão,2022-08-31,11:00,Oeste,"-25.431549, -49.324094",Seco / Dia,Molhada,Sim,Não,Sim,Sim,2,Não,1,1,0,0,Não,Não realizado,Sim,Moto,Não,Não
Queda de moto,2018-05-07,21:30,Oeste,"-25.438191, -49.314927",Seco / Noite,Molhada,Não,Sim,Sim,Não,1,Não,1,2,2,0,Não,Não realizado,Sim,Moto,Não,Não
Colisão,2019-12-22,06:15,Leste,"-25.425465, -49.232413",Chuva / Dia,Escorregadia,Não,Sim,Sim,Não,1,Não,1,2,1,0,Sim,Positivo,Sim,Carro,Sim,Não
Queda de moto,2020-09-02,01:45,Centro,"-25.421418, -49.280241",Seco / Noite,Seca,Não,Sim,Sim,Não,1,Não,1,1,1,1,Não,Não realizado,Sim,Bicicleta,Não,Não
Colisão,2023-02-28,12:00,Centro,"-25.418887, -49.275076",Neblina / Dia,Seca,Sim,Não,Não,Sim,4,Sim,3,1,0,0,Não,Não realizado,Sim,Ônibus,Sim,Não
Atropelamento,2014-02-22,04:45,Oeste,"-25.412335, -49.331641",Seco / Noite,Seca,Sim,Sim,Sim,Sim,3,Não,1,3,1,0,Não,Não realizado,Sim,Caminhão,Sim,Não
Atropelamento,2019-10-26,14:15,Norte,"-25.387895, -49.281355",Seco / Dia,Molhada,Não,Sim,Não,Sim,3,Sim,2,2,1,0,Não,Não realizado,Sim,Carro,Não,Não
Capotamento,2020-08-29,06:15,Leste,"-25.436055, -49.248797",Seco / Dia,Molhada,Não,Sim,Não,Não,1,Não,1,3,0,0,Sim,Positivo,Sim,Ônibus,Sim,Não