TIPO DE ACIDENTE,DATA,HORA,REGIÃO,COORDENADA GEOGRÁFICA,SITUAÇÃO CLIMÁTICA/LUMINOSIDADE,CONDIÇÕES DA SUPERFÍCIE DE ROLAMENTO,POSSUI SINALIZAÇÃO HORIZONTAL,POSSUI SINALIZAÇÃO VERTICAL,PRÓXIMO A EQUIPO ELETRÔNICO,HOUVE OUTROS VEÍCULOS ENVOLVIDOS,QUANTOS VEÍCULOS,HAVIA OUTROS OCUPANTES NO VEÍCULO,QUANTOS OCUPANTES,ENVOLVIDOS,FERIDOS,ÓBITOS,FOI REALIZADO O TESTE DE BAFÔMETRO,QUAL O RESULTADO,POSSUI HABILITAÇÃO,VEÍCULO TIPO,HOUVE DANOS AO PATRIMÔNIO PÚBLICO?,HOUVE DANOS AO MEIO AMBIENTE?
Colisão,2018-07-14,00:15,Leste,"-25.430320, -49.216275",Seco / Noite,Escorregadia,Sim,Não,Sim,Não,1,Não,1,1,1,0,Não,Não realizado,Não,Carro,Sim,Não
Colisão,2005-09-12,15:15,Norte,"-25.386933, -49.263134",Seco / Dia,Molhada,Não,Sim,Não,Não,1,Sim,2,1,0,0,Não,Não realizado,Sim,Moto,Sim,Não
Colisão,2019-12-23,22:45,Leste,"-25.427676, -49.249687",Seco / Noite,Molhada,Sim,Sim,Sim,Sim,2,Sim,5,1,1,0,Não,Não realizado,Sim,Caminhão,Não,Não
Atropelamento,2016-12-10,06:00,Norte,"-25.406266, -49.254124",Seco / Dia,Escorregadia,Não,Não,Sim,Sim,2,Não,1,4,3,0,Não,Não realizado,Sim,Bicicleta,Não,Não
Colisão,2006-07-28,19:30,Oeste,"-25.428037, -49.326192",Seco / Noite,Molhada,Não,Não,Não,Sim,4,Sim,3,1,1,0,Sim,Negativo,Não,Ônibus,Não,Não
Colisão,2016-06-30,20:00,Sul,"-25.466145, -49.309917",Seco / Noite,Seca,Sim,Sim,Sim,Não,1,Sim,2,3,3,0,Não,Não realizado,Não,Moto,Sim,Não
Capotamento,2005-12-10,18:15,Centro,"-25.410299, -49.286101",Seco / Dia,Escorregadia,Não,Não,Sim,Não,1,Sim,5,2,2,0,Não,Não realizado,Sim,Ônibus,Sim,Não
Colisão,2005-05-15,22:15,Centro,"-25.437291, -49.276041",Chuva / Noite,Molhada,Sim,Sim,Sim,Sim,4,Não,1,1,1,0,Sim,Negativo,Sim,Ônibus,Sim,Sim
Colisão,2015-04-18,22:30,Norte,"-25.391935, -49.285322",Seco / Noite,Escorregadia,Não,Não,Não,Não,1,Não,1,3,1,0,Não,Não realizado,Sim,Moto,Não,Não
Colisão,2009-08-14,07:45,Oeste,"-25.428422, -49.314461",Seco / Dia,Molhada,Não,Não,Não,Não,1,Não,1,2,1,0,Sim,Negativo,Sim,Moto,Sim,Não
Atropelamento,2017-04-10,00:15,Norte,"-25.385451, -49.258776",Seco / Noite,Seca,Não,Não,Sim,Sim,3,Sim,5,2,0,0,Sim,Positivo,Sim,Moto,Sim,Não
Capotamento,2014-11-26,19:30,Norte,"-25.385670, -49.269673",Chuva / Noite,Seca,Sim,Sim,Não,Sim,2,Não,1,1,0,0,Sim,Positivo,Sim,Moto,Sim,Não
Colisão,2007-12-20,10:30,Oeste,"-25.426684, -49.337019",Seco / Dia,Molhada,Sim,Sim,Sim,Não,1,Não,1,2,0,0,Não,Não realizado,Sim,Bicicleta,Não,Não
Colisão,2020-01-03,14:45,Leste,"-25.419946, -49.200049",Chuva / Dia,Molhada,Sim,Sim,Sim,Não,1,Não,1,1,1,0,Não,Não realizado,Sim,Bicicleta,Sim,Não
Atropelamento,2018-07-07,08:45,Centro,"-25.413172, -49.270097",Chuva / Dia,Molhada,Sim,Não,Não,Não,1,Não,1,5,1,1,Sim,Negativo,Sim,Caminhão,Não,Não
Atropelamento,2017-06-12,01:45,Leste,"-25.436287, -49.236409",Seco / Noite,Seca,Sim,Sim,Sim,Não,1,Sim,5,5,3,0,Não,Não realizado,Sim,Bicicleta,Não,Não
Queda de moto,2007-01-31,05:30,Oeste,"-25.412732, -49.313411",Seco / Noite,Molhada,Não,Não,Não,Não,1,Não,1,4,4,0,Não,Não realizado,Sim,Moto,Sim,Não
Capotamento,2007-03-05,13:30,Norte,"-25.391420, -49.244060",Seco / Dia,Escorregadia,Sim,Não,Não,Sim,4,Não,1,4,0,0,Sim,Negativo,Sim,Caminhão,Não,Não
Queda de moto,2012-08-31,06:15,Centro,"-25.420670, -49.279653",Chuva / Dia,Seca,Sim,Não,Não,Sim,2,Não,1,2,0,0,Sim,Positivo,Sim,Carro,Não,Não
Colisão,2024-03-22,05:00,Oeste,"-25.422200, -49.301960",Chuva / Noite,Escorregadia,Não,Não,Não,Não,1,Sim,4,2,1,0,Não,Não realizado,Sim,Ônibus,Sim,Não
Atropelamento,2018-07-21,09:30,Sul,"-25.451852, -49.310772",Seco / Dia,Seca,Sim,Sim,Sim,Não,1,Sim,5,4,0,0,Não,Não realizado,Sim,Ônibus,Não,Não
Capotamento,2018-04-10,13:45,Oeste,"-25.425505, -49.313711",Seco / Dia,Seca,Não,Não,Sim,Não,1,Sim,4,1,1,0,Não,Não realizado,Sim,Ônibus,Não,Não
Colisão,2013-01-25,20:45,Norte,"-25.401849, -49.267496",Chuva / Noite,Seca,Sim,Não,Não,Não,1,Não,1,3,1,0,Não,Não realizado,Sim,Bicicleta,Não,Não
Colisão,2015-09-23,17:30,Leste,"-25.411209, -49.224811",Chuva / Dia,Molhada,Não,Sim,Sim,Sim,2,Sim,5,1,1,0,Sim,Negativo,Não,Carro,Sim,Não
Colisão,2012-10-10,12:00,Sul,"-25.443354, -49.284008",Chuva / Dia,Seca,Sim,Sim,Não,Não,1,Não,1,2,2,0,Não,Não realizado,Sim,Caminhão,Não,Não
Queda de moto,2014-10-20,21:30,Leste,"-25.421671, -49.232782",Seco / Noite,Seca,Não,Sim,Não,Não,1,Sim,4,4,4,0,Não,Não realizado,Sim,Moto,Sim,Sim
Atropelamento,2020-10-21,05:30,Norte,"-25.397990, -49.273375",Seco / Noite,Molhada,Sim,Sim,Não,Sim,2,Não,1,2,0,0,Sim,Negativo,Sim,Moto,Não,Não
Queda de moto,2019-03-08,16:15,Leste,"-25.413209, -49.235663",Seco / Dia,Molhada,Sim,Sim,Sim,Sim,2,Sim,4,1,1,0,Sim,Positivo,Sim,Carro,Sim,Não
Colisão,2007-02-08,11:15,Leste,"-25.419918, -49.241052",Seco / Dia,Escorregadia,Não,Sim,Não,Sim,3,Sim,5,1,1,0,Sim,Negativo,Sim,Bicicleta,Sim,Não
Colisão,2019-01-04,09:00,Oeste,"-25.412638, -49.316338",Seco / Dia,Molhada,Não,Sim,Não,Não,1,Sim,5,2,2,0,Não,Não realizado,Sim,Moto,Sim,Não
Atropelamento,2007-01-31,03:15,Centro,"-25.423603, -49.275166",Chuva / Noite,Seca,Não,Sim,Sim,Sim,2,Sim,5,2,0,0,Não,Não realizado,Sim,Carro,Não,Não
Colisão,2011-02-07,05:45,Centro,"-25.431295, -49.271177",Seco / Noite,Molhada,Não,Sim,Sim,Não,1,Sim,3,1,0,0,Não,Não realizado,Não,Caminhão,Não,Não
Capotamento,2017-02-14,07:30,Norte,"-25.388992, -49.261979",Neblina / Dia,Molhada,Sim,Não,Sim,Sim,2,Não,1,4,2,0,Não,Não realizado,Sim,Ônibus,Sim,Não
Capotamento,2005-04-01,07:00,Norte,"-25.404038, -49.276931",Seco / Dia,Molhada,Sim,Sim,Sim,Não,1,Não,1,5,4,0,Não,Não realizado,Sim,Caminhão,Sim,Não
Colisão,2006-01-23,23:45,Sul,"-25.444712, -49.299831",Seco / Noite,Seca,Não,Não,Sim,Sim,4,Não,1,2,1,0,Não,Não realizado,Sim,Carro,Sim,Sim
Capotamento,2023-12-16,19:30,Norte,"-25.404788, -49.249136",Seco / Noite,Seca,Não,Não,Não,Sim,3,Sim,2,3,0,0,Não,Não realizado,Sim,Carro,Sim,Não
Queda de moto,2012-03-14,10:30,Centro,"-25.421592, -49.270868",Chuva / Dia,Seca,Não,Sim,Sim,Não,1,Sim,3,1,0,0,Não,Não realizado,Sim,Moto,Não,Não
Colisão,2016-06-25,06:15,Centro,"-25.432681, -49.264176",Chuva / Dia,Seca,Não,Não,Não,Sim,3,Sim,5,3,3,0,Não,Não realizado,Não,Ônibus,Sim,Não
Colisão,2025-09-11,22:45,Norte,"-25.404103, -49.258598",Seco / Noite,Escorregadia,Sim,Não,Não,Sim,3,Sim,3,1,1,0,Não,Não realizado,Sim,Ônibus,Sim,Não
Colisão,2005-09-27,03:15,Norte,"-25.396616, -49.276792",Neblina / Noite,Escorregadia,Sim,Não,Sim,Sim,4,Não,1,1,0,0,Não,Não realizado,Sim,Caminhão,Sim,Não
Colisão,2016-07-29,03:45,Oeste,"-25.432319, -49.329070",Seco / Noite,Molhada,Sim,Não,Não,Sim,4,Não,1,1,1,0,Sim,Negativo,Sim,Moto,Sim,Não
Colisão,2023-07-22,09:45,Norte,"-25.401429, -49.255274",Seco / Dia,Seca,Não,Não,Sim,Sim,4,Sim,4,2,1,0,Não,Não realizado,Sim,Ônibus,Não,Não
Capotamento,2023-08-28,00:45,Oeste,"-25.414785, -49.307748",Seco / Noite,Seca,Não,Não,Sim,Não,1,Não,1,1,0,0,Não,Não realizado,Sim,Caminhão,Sim,Não
Queda de moto,2010-04-26,21:00,Norte,"-25.398317, -49.266535",Neblina / Noite,Seca,Sim,Não,Não,Não,1,Não,1,2,2,0,Não,Não realizado,Sim,Ônibus,Sim,Não
Capotamento,2011-08-05,18:00,Norte,"-25.389474, -49.256991",Seco / Dia,Molhada,Sim,Sim,Sim,Sim,4,Sim,5,2,0,0,Não,Não realizado,Sim,Caminhão,Não,Não
Colisão,2024-12-03,06:45,Sul,"-25.442581, -49.294052",Seco / Dia,Seca,Não,Sim,Sim,Sim,4,Sim,3,4,4,0,Não,Não realizado,Sim,Caminhão,Sim,Não
Queda de moto,2025-08-28,06:45,Leste,"-25.412944, -49.204699",Neblina / Dia,Escorregadia,Sim,Sim,Não,Não,1,Sim,5,1,1,0,Não,Não realizado,Sim,Carro,Não,Não
Atropelamento,2011-03-06,09:15,Norte,"-25.382584, -49.251438",Seco / Dia,Seca,Sim,Não,Sim,Sim,4,Não,1,3,0,0,Sim,Positivo,Sim,Ônibus,Não,Não
Queda de moto,2006-10-04,22:30,Centro,"-25.426109, -49.281531",Chuva / Noite,Molhada,Sim,Não,Sim,Sim,4,Sim,4,2,0,0,Não,Não realizado,Sim,Moto,Não,Não
Colisão,2016-12-27,15:30,Norte,"-25.403368, -49.244102",Seco / Dia,Molhada,Sim,Sim,Sim,Sim,3,Não,1,1,1,0,Sim,Positivo,Sim,Ônibus,Não,Não
Queda de moto,2023-11-20,16:00,Norte,"-25.400522, -49.244605",Chuva / Dia,Seca,Sim,Sim,Sim,Não,1,Sim,2,3,2,0,Não,Não realizado,Não,Bicicleta,Não,Não
Colisão,2011-11-01,07:30,Norte,"-25.398162, -49.251311",Chuva / Dia,Molhada,Não,Sim,Sim,Sim,2,Sim,3,1,1,0,Sim,Negativo,Sim,Moto,Não,Não
Atropelamento,2007-05-13,18:45,Leste,"-25.437262, -49.222532",Seco / Dia,Seca,Não,Não,Não,Não,1,Sim,2,2,1,0,Não,Não realizado,Sim,Carro,Sim,Não
Atropelamento,2006-01-17,12:00,Sul,"-25.473137, -49.289892",Seco / Dia,Seca,Não,Sim,Não,Não,1,Não,1,5,0,0,Não,Não realizado,Sim,Caminhão,Sim,Não
Colisão,2017-11-03,07:45,Centro,"-25.429956, -49.275614",Seco / Dia,Seca,Sim,Não,Sim,Sim,2,Sim,5,4,3,0,Não,Não realizado,Sim,Ônibus,Não,Não
Colisão,2021-05-09,17:30,Oeste,"-25.416086, -49.305384",Neblina / Dia,Seca,Sim,Sim,Não,Não,1,Sim,5,2,0,0,Não,Não realizado,Sim,Moto,Não,Não
Atropelamento,2023-05-20,15:00,Leste,"-25.414716, -49.226339",Neblina / Dia,Seca,Não,Não,Sim,Sim,3,Sim,2,2,2,0,Não,Não realizado,Sim,Bicicleta,Não,Não
Queda de moto,2021-10-28,01:15,Norte,"-25.398979, -49.265357",Seco / Noite,Escorregadia,Não,Sim,Não,Sim,3,Não,1,5,1,0,Não,Não realizado,Não,Caminhão,Sim,Não
Colisão,2024-03-20,16:45,Centro,"-25.423062, -49.283331",Seco / Dia,Escorregadia,Sim,Não,Não,Sim,4,Não,1,4,1,0,Não,Não realizado,Sim,Moto,Não,Não
Colisão,2006-02-19,05:15,Leste,"-25.416283, -49.211528",Chuva / Noite,Seca,Não,Não,Sim,Sim,4,Sim,4,1,1,0,Sim,Positivo,Sim,Caminhão,Não,Não
Colisão,2006-11-11,21:30,Sul,"-25.457936, -49.296384",Chuva / Noite,Seca,Não,Não,Não,Não,1,Sim,5,1,1,0,Não,Não realizado,Sim,Moto,Não,Não
Colisão,2008-08-06,03:00,Oeste,"-25.424502, -49.309360",Seco / Noite,Escorregadia,Sim,Não,Sim,Não,1,Sim,4,1,0,0,Não,Não realizado,Sim,Carro,Não,Não
Queda de moto,2009-12-30,17:30,Centro,"-25.422380, -49.278582",Seco / Dia,Seca,Sim,Sim,Não,Não,1,Não,1,4,1,0,Sim,Negativo,Sim,Caminhão,Não,Sim
Queda de moto,2010-05-08,06:45,Oeste,"-25.421705, -49.322147",Seco / Dia,Escorregadia,Sim,Sim,Não,Sim,4,Não,1,1,1,0,Não,Não realizado,Sim,Carro,Não,Não
Colisão,2019-03-17,22:15,Sul,"-25.443483, -49.290557",Seco / Noite,Molhada,Sim,Não,Não,Sim,3,Sim,3,1,1,0,Não,Não realizado,Sim,Carro,Não,Não
Atropelamento,2022-04-12,02:00,Leste,"-25.422145, -49.216663",Seco / Noite,Seca,Não,Sim,Não,Não,1,Sim,2,2,0,0,Não,Não realizado,Não,Ônibus,Sim,Não
Atropelamento,2011-06-08,01:00,Norte,"-25.389986, -49.285919",Chuva / Noite,Molhada,Não,Não,Sim,Sim,4,Não,1,4,1,0,Não,Não realizado,Sim,Bicicleta,Sim,Não
Colisão,2024-05-24,03:30,Oeste,"-25.415969, -49.338357",Seco / Noite,Seca,Não,Não,Sim,Sim,2,Não,1,4,4,0,Sim,Negativo,Sim,Bicicleta,Sim,Não
Colisão,2022-12-13,13:15,Centro,"-25.437335, -49.269837",Seco / Dia,Seca,Não,Sim,Não,Não,1,Não,1,2,1,0,Não,Não realizado,Sim,Ônibus,Sim,Não
Atropelamento,2011-04-28,08:00,Oeste,"-25.416872, -49.339220",Seco / Dia,Seca,Sim,Sim,Sim,Não,1,Não,1,3,0,0,Sim,Positivo,Sim,Carro,Não,Não
Atropelamento,2022-10-28,05:00,Sul,"-25.472160, -49.315301",Seco / Noite,Molhada,Não,Sim,Sim,Não,1,Sim,5,3,2,0,Não,Não realizado,Sim,Ônibus,Sim,Não
Queda de moto,2012-07-31,16:15,Centro,"-25.423577, -49.264397",Seco / Dia,Escorregadia,Não,Sim,Não,Sim,3,Não,1,2,0,0,Não,Não realizado,Sim,Ônibus,Sim,Não
Colisão,2007-07-09,06:45,Centro,"-25.422396, -49.283598",Chuva / Dia,Molhada,Não,Não,Sim,Não,1,Não,1,4,0,0,Não,Não realizado,Sim,Ônibus,Sim,Não
Colisão,2010-12-01,16:15,Centro,"-25.431419, -49.260935",Chuva / Dia,Escorregadia,Não,Não,Não,Sim,2,Sim,2,4,0,0,Sim,Positivo,Sim,Carro,Sim,Não
Atropelamento,2008-11-01,22:00,Centro,"-25.424542, -49.281291",Seco / Noite,Molhada,Não,Sim,Sim,Não,1,Não,1,4,4,3,Não,Não realizado,Sim,Carro,Não,Não
Atropelamento,2006-08-16,10:00,Leste,"-25.424838, -49.234431",Chuva / Dia,Escorregadia,Não,Sim,Sim,Não,1,Sim,5,2,0,0,Sim,Positivo,Sim,Bicicleta,Sim,Não
Colisão,2025-06-26,17:00,Oeste,"-25.426579, -49.320721",Seco / Dia,Seca,Não,Sim,Não,Sim,2,Não,1,1,0,0,Não,Não realizado,Sim,Caminhão,Não,Não
Colisão,2023-10-04,19:45,Leste,"-25.411546, -49.202670",Seco / Noite,Escorregadia,Sim,Não,Não,Não,1,Sim,3,2,1,0,Não,Não realizado,Sim,Caminhão,Sim,Sim
Queda de moto,2007-02-21,14:45,Centro,"-25.425840, -49.274114",Chuva / Dia,Molhada,Sim,Sim,Sim,Não,1,Sim,4,2,1,1,Não,Não realizado,Sim,Carro,Sim,Não
Capotamento,2015-02-27,01:30,Centro,"-25.433598, -49.279193",Chuva / Noite,Seca,Sim,Não,Não,Sim,3,Não,1,2,2,0,Sim,Negativo,Sim,Carro,Não,Não
Queda de moto,2019-10-24,10:00,Leste,"-25.420168, -49.204828",Chuva / Dia,Seca,Não,Não,Sim,Sim,3,Sim,5,2,1,0,Não,Não realizado,Sim,Carro,Não,Sim
Colisão,2019-09-05,16:30,Norte,"-25.383924, -49.281499",Seco / Dia,Molhada,Não,Não,Sim,Não,1,Sim,3,1,1,0,Não,Não realizado,Sim,Bicicleta,Não,Não
Atropelamento,2011-06-21,10:15,Norte,"-25.389805, -49.253363",Seco / Dia,Seca,Não,Não,Sim,Não,1,Sim,5,2,0,0,Sim,Positivo,Sim,Carro,Sim,Não
Colisão,2014-11-02,01:15,Centro,"-25.416592, -49.275248",Seco / Noite,Escorregadia,Sim,Não,Sim,Sim,2,Sim,2,2,0,0,Não,Não realizado,Não,Caminhão,Não,Não
Colisão,2015-02-11,03:00,Oeste,"-25.439134, -49.339281",Seco / Noite,Seca,Não,Não,Não,Não,1,Sim,5,2,1,0,Sim,Positivo,Sim,Bicicleta,Não,Não
Colisão,2011-09-06,04:00,Leste,"-25.418749, -49.246138",Chuva / Noite,Seca,Sim,Não,Sim,Não,1,Sim,5,1,0,0,Não,Não realizado,Sim,Ônibus,Sim,Não
Queda de moto,2022-02-01,22:45,Sul,"-25.466594, -49.306834",Seco / Noite,Seca,Sim,Não,Não,Não,1,Não,1,3,0,0,Sim,Positivo,Sim,Bicicleta,Sim,Não
Colisão,2008-12-04,08:45,Sul,"-25.449205, -49.316557",Seco / Dia,Molhada,Não,Não,Não,Sim,2,Não,1,2,0,0,Sim,Positivo,Sim,Moto,Sim,Não
Colisão,2007-06-15,10:45,Norte,"-25.383005, -49.270737",Seco / Dia,Escorregadia,Sim,Não,Sim,Sim,3,Não,1,2,2,0,Não,Não realizado,Sim,Moto,Não,Não
Colisão,2011-01-14,08:15,Centro,"-25.417884, -49.275830",Seco / Dia,Escorregadia,Não,Não,Não,Não,1,Não,1,1,1,0,Sim,Negativo,Sim,Carro,Não,Não
Atropelamento,2020-08-10,09:45,Leste,"-25.431363, -49.235290",Seco / Dia,Molhada,Sim,Sim,Sim,Não,1,Sim,4,3,1,0,Não,Não realizado,Sim,Moto,Sim,Não
Colisão,2024-07-01,16:15,Sul,"-25.472172, -49.287469",Chuva / Dia,Molhada,Sim,Sim,Não,Não,1,Não,1,2,1,0,Sim,Positivo,Sim,Ônibus,Não,Não
Colisão,2007-07-01,21:00,Centro,"-25.432409, -49.266548",Seco / Noite,Seca,Não,Não,Sim,Sim,3,Não,1,3,0,0,Sim,Positivo,Sim,Bicicleta,Não,Não
Queda de moto,2014-02-25,05:30,Leste,"-25.422637, -49.209542",Seco / Noite,Molhada,Sim,Não,Sim,Não,1,Sim,4,3,2,0,Não,Não realizado,Sim,Carro,Sim,Não
Colisão,2006-09-17,15:30,Sul,"-25.449958, -49.287698",Neblina / Dia,Seca,Não,Não,Sim,Não,1,Sim,4,2,1,0,Não,Não realizado,Sim,Moto,Sim,Não
Atropelamento,2010-08-20,08:00,Norte,"-25.407359, -49.278462",Seco / Dia,Escorregadia,Não,Sim,Sim,Não,1,Não,1,4,4,0,Não,Não realizado,Sim,Ônibus,Sim,Não
Colisão,2015-02-20,01:30,Oeste,"-25.435156, -49.329538",Seco / Noite,Seca,Sim,Sim,Não,Não,1,Sim,2,2,0,0,Não,Não realizado,Não,Carro,Não,Não
Atropelamento,2022-01-01,23:30,Norte,"-25.384386, -49.262382",Seco / Noite,Seca,Não,Não,Não,Não,1,Não,1,3,3,0,Não,Não realizado,Não,Carro,Não,Não
Colisão,2008-06-12,13:00,Sul,"-25.465601, -49.306989",Seco / Dia,Escorregadia,Sim,Não,Não,Não,1,Sim,5,1,1,0,Sim,Negativo,Sim,Bicicleta,Sim,Não
Atropelamento,2013-02-23,10:15,Norte,"-25.403016, -49.251523",Seco / Dia,Seca,Sim,Não,Não,Não,1,Não,1,2,0,0,Não,Não realizado,Sim,Bicicleta,Sim,Não
Colisão,2022-09-26,03:45,Leste,"-25.419648, -49.239179",Seco / Noite,Seca,Não,Sim,Não,Não,1,Sim,3,1,1,0,Não,Não realizado,Sim,Ônibus,Sim,Não
Queda de moto,2020-07-27,05:00,Norte,"-25.387399, -49.286670",Chuva / Noite,Seca,Sim,Sim,Sim,Não,1,Sim,2,3,1,0,Não,Não realizado,Sim,Carro,Sim,Não
Colisão,2005-10-06,16:45,Oeste,"-25.433502, -49.303221",Seco / Dia,Molhada,Não,Não,Não,Sim,3,Sim,5,1,1,0,Não,Não realizado,Sim,Carro,Não,Não
Colisão,2011-08-29,14:00,Sul,"-25.468256, -49.294407",Seco / Dia,Molhada,Não,Não,Não,Não,1,Sim,5,5,4,0,Não,Não realizado,Sim,Caminhão,Não,Não
Queda de moto,2014-06-29,18:30,Leste,"-25.429571, -49.207228",Seco / Dia,Molhada,Sim,Sim,Sim,Sim,3,Não,1,1,1,0,Não,Não realizado,Sim,Carro,Sim,Não
Queda de moto,2009-06-04,03:00,Leste,"-25.418987, -49.242557",Seco / Noite,Escorregadia,Não,Não,Não,Sim,2,Sim,5,3,0,0,Sim,Positivo,Sim,Moto,Não,Não
Capotamento,2019-06-06,06:45,Oeste,"-25.428136, -49.315864",Seco / Dia,Seca,Sim,Não,Sim,Sim,2,Não,1,1,0,0,Não,Não realizado,Sim,Bicicleta,Sim,Não
Queda de moto,2016-01-13,19:45,Sul,"-25.461641, -49.302620",Chuva / Noite,Seca,Não,Não,Sim,Não,1,Sim,5,2,0,0,Sim,Positivo,Sim,Ônibus,Não,Não
Atropelamento,2009-04-01,14:15,Sul,"-25.456333, -49.294823",Seco / Dia,Molhada,Sim,Sim,Sim,Sim,2,Não,1,3,0,0,Não,Não realizado,Sim,Moto,Sim,Não
Colisão,2020-07-05,03:30,Sul,"-25.458547, -49.285605",Chuva / Noite,Seca,Sim,Sim,Não,Sim,4,Não,1,2,2,0,Não,Não realizado,Sim,Caminhão,Sim,Sim
Queda de moto,2007-04-11,08:45,Centro,"-25.420653, -49.270883",Seco / Dia,Seca,Sim,Sim,Sim,Sim,4,Sim,3,1,1,0,Sim,Positivo,Não,Bicicleta,Não,Não
Atropelamento,2023-11-23,22:45,Sul,"-25.468749, -49.281275",Seco / Noite,Molhada,Sim,Sim,Não,Não,1,Sim,3,3,0,0,Sim,Positivo,Sim,Caminhão,Sim,Sim
Colisão,2022-03-26,14:45,Norte,"-25.384175, -49.251136",Seco / Dia,Seca,Sim,Não,Não,Não,1,Não,1,4,1,0,Sim,Negativo,Sim,Moto,Não,Não
Colisão,2017-10-20,06:15,Centro,"-25.435487, -49.272641",Neblina / Dia,Escorregadia,Sim,Sim,Sim,Não,1,Sim,2,2,2,0,Não,Não realizado,Sim,Ônibus,Não,Não
Atropelamento,2025-08-24,05:00,Centro,"-25.412706, -49.263589",Seco / Noite,Molhada,Sim,Sim,Sim,Sim,3,Não,1,3,2,0,Não,Não realizado,Sim,Moto,Não,Não
Colisão,2017-10-11,00:30,Leste,"-25.419970, -49.235549",Chuva / Noite,Molhada,Sim,Sim,Sim,Sim,2,Sim,5,2,2,0,Não,Não realizado,Sim,Moto,Sim,Não
Atropelamento,2011-10-07,01:00,Oeste,"-25.417753, -49.304957",Chuva / Noite,Escorregadia,Sim,Sim,Sim,Sim,2,Não,1,4,2,0,Não,Não realizado,Sim,Caminhão,Sim,Não
Colisão,2023-11-15,18:45,Leste,"-25.435093, -49.222410",Seco / Dia,Seca,Sim,Não,Sim,Não,1,Sim,5,3,3,0,Não,Não realizado,Sim,Bicicleta,Não,Não
Colisão,2020-01-05,18:30,Oeste,"-25.439951, -49.312437",Seco / Dia,Seca,Sim,Não,Sim,Sim,4,Não,1,1,1,0,Sim,Positivo,Sim,Ônibus,Não,Não
Colisão,2007-03-01,18:00,Oeste,"-25.418539, -49.335657",Seco / Dia,Escorregadia,Não,Não,Não,Não,1,Não,1,2,0,0,Sim,Negativo,Sim,Ônibus,Sim,Sim
Atropelamento,2022-10-01,16:45,Centro,"-25.438216, -49.271596",Seco / Dia,Escorregadia,Sim,Não,Não,Não,1,Não,1,2,2,0,Sim,Negativo,Sim,Carro,Sim,Não
Queda de moto,2009-04-01,03:15,Norte,"-25.397187, -49.262621",Chuva / Noite,Molhada,Não,Não,Sim,Não,1,Sim,3,1,1,0,Não,Não realizado,Sim,Ônibus,Não,Não
Colisão,2025-12-05,20:00,Oeste,"-25.427061, -49.310326",Seco / Noite,Escorregadia,Não,Sim,Sim,Não,1,Sim,5,2,1,0,Não,Não realizado,Sim,Caminhão,Sim,Não
Queda de moto,2022-12-16,22:15,Oeste,"-25.419458, -49.323843",Chuva / Noite,Seca,Sim,Sim,Sim,Não,1,Não,1,1,1,0,Não,Não realizado,Sim,Moto,Sim,Não
Capotamento,2012-11-06,11:15,Leste,"-25.429066, -49.234134",Seco / Dia,Escorregadia,Não,Não,Não,Sim,2,Sim,5,3,1,0,Não,Não realizado,Sim,Caminhão,Não,Não
Queda de moto,2010-08-24,14:15,Oeste,"-25.420873, -49.335580",Seco / Dia,Molhada,Não,Sim,Sim,Sim,3,Sim,4,2,0,0,Não,Não realizado,Sim,Ônibus,Sim,Não
Colisão,2018-10-16,15:00,Norte,"-25.404137, -49.288566",Chuva / Dia,Escorregadia,Sim,Não,Não,Sim,4,Sim,5,1,0,0,Não,Não realizado,Sim,Moto,Não,Não
Colisão,2012-06-16,10:00,Centro,"-25.427866, -49.275893",Seco / Dia,Seca,Sim,Sim,Não,Sim,4,Não,1,1,1,0,Sim,Negativo,Sim,Caminhão,Não,Não
Atropelamento,2020-12-28,14:00,Centro,"-25.426640, -49.268573",Seco / Dia,Seca,Sim,Sim,Não,Sim,4,Não,1,5,1,0,Não,Não realizado,Sim,Caminhão,Não,Não
Atropelamento,2006-03-19,05:15,Sul,"-25.469397, -49.318783",Seco / Noite,Seca,Não,Não,Sim,Não,1,Não,1,5,2,0,Sim,Positivo,Sim,Bicicleta,Não,Não
Queda de moto,2025-06-15,12:30,Sul,"-25.441391, -49.284275",Seco / Dia,Escorregadia,Sim,Não,Não,Não,1,Sim,2,2,0,0,Sim,Positivo,Sim,Moto,Sim,Sim
Queda de moto,2017-05-23,09:30,Centro,"-25.412077, -49.272313",Seco / Dia,Seca,Sim,Não,Não,Não,1,Não,1,1,0,0,Sim,Negativo,Sim,Ônibus,Não,Não
Atropelamento,2010-09-19,00:45,Norte,"-25.388705, -49.242725",Seco / Noite,Escorregadia,Não,Sim,Não,Não,1,Sim,2,2,0,0,Não,Não realizado,Sim,Bicicleta,Não,Não
Colisão,2019-11-04,07:30,Norte,"-25.408886, -49.280966",Seco / Dia,Seca,Não,Sim,Sim,Sim,2,Sim,4,3,0,0,Não,Não realizado,Sim,Bicicleta,Sim,Não
Capotamento,2016-01-08,03:00,Norte,"-25.393744, -49.242113",Neblina / Noite,Seca,Sim,Não,Sim,Sim,2,Sim,3,2,2,0,Não,Não realizado,Sim,Bicicleta,Não,Não
Colisão,2011-12-17,16:30,Leste,"-25.418100, -49.226078",Seco / Dia,Escorregadia,Não,Sim,Sim,Sim,3,Não,1,1,1,0,Não,Não realizado,Sim,Moto,Sim,Não