TIPO DE ACIDENTE,DATA,HORA,REGIÃO,COORDENADA GEOGRÁFICA,SITUAÇÃO CLIMÁTICA/LUMINOSIDADE,CONDIÇÕES DA SUPERFÍCIE DE ROLAMENTO,POSSUI SINALIZAÇÃO HORIZONTAL,POSSUI SINALIZAÇÃO VERTICAL,PRÓXIMO A EQUIPO ELETRÔNICO,HOUVE OUTROS VEÍCULOS ENVOLVIDOS,QUANTOS VEÍCULOS,HAVIA OUTROS OCUPANTES NO VEÍCULO,QUANTOS OCUPANTES,ENVOLVIDOS,FERIDOS,ÓBITOS,FOI REALIZADO O TESTE DE BAFÔMETRO,QUAL O RESULTADO,POSSUI HABILITAÇÃO,VEÍCULO TIPO,HOUVE DANOS AO PATRIMÔNIO PÚBLICO?,HOUVE DANOS AO MEIO AMBIENTE?
Atropelamento,2016-09-29,00:45,Centro,"-25.438721, -49.278844",Chuva / Noite,Molhada,Não,Não,Sim,Sim,2,Sim,2,5,5,0,Não,Não realizado,Sim,Carro,Não,Não
Colisão,2010-10-23,15:30,Norte,"-25.393720, -49.269926",Seco / Dia,Molhada,Não,Não,Não,Sim,2,Não,1,1,0,0,Não,Não realizado,Sim,Ônibus,Não,Não
Atropelamento,2023-01-03,07:00,Leste,"-25.424358, -49.232372",Seco / Dia,Escorregadia,Sim,Sim,Sim,Não,1,Não,1,5,4,0,Sim,Positivo,Sim,Moto,Não,Não
Capotamento,2022-05-09,06:00,Norte,"-25.400497, -49.265064",Seco / Dia,Seca,Sim,Não,Sim,Não,1,Sim,2,2,1,0,Não,Não realizado,Sim,Ônibus,Sim,Não
Colisão,2024-03-30,08:15,Oeste,"-25.434519, -49.330966",Seco / Dia,Escorregadia,Não,Sim,Não,Não,1,Não,1,1,0,0,Não,Não realizado,Sim,Bicicleta,Sim,Não
Atropelamento,2006-06-10,09:15,Norte,"-25.382551, -49.278338",Chuva / Dia,Molhada,Sim,Sim,Sim,Sim,3,Não,1,5,0,0,Não,Não realizado,Sim,Moto,Não,Não
Atropelamento,2024-08-10,19:30,Sul,"-25.478013, -49.313354",Seco / Noite,Seca,Sim,Não,Sim,Não,1,Sim,2,2,1,0,Sim,Negativo,Sim,Ônibus,Sim,Não
Queda de moto,2017-01-06,16:30,Norte,"-25.385225, -49.254209",Seco / Dia,Escorregadia,Sim,Não,Não,Sim,3,Sim,5,3,2,2,Não,Não realizado,Sim,Ônibus,Não,Não
Colisão,2013-01-11,03:15,Norte,"-25.403873, -49.256650",Seco / Noite,Molhada,Não,Sim,Sim,Sim,2,Sim,3,3,1,0,Sim,Positivo,Sim,Moto,Sim,Não
Queda de moto,2013-07-25,10:45,Sul,"-25.472794, -49.309581",Chuva / Dia,Seca,Sim,Não,Sim,Não,1,Sim,5,4,4,0,Não,Não realizado,Sim,Bicicleta,Sim,Não
Capotamento,2006-03-17,07:15,Sul,"-25.474019, -49.292881",Seco / Dia,Molhada,Sim,Não,Não,Sim,4,Não,1,1,0,0,Não,Não realizado,Sim,Carro,Sim,Não
Colisão,2005-12-11,00:30,Norte,"-25.381679, -49.260332",Seco / Noite,Escorregadia,Não,Sim,Sim,Não,1,Não,1,1,1,0,Sim,Negativo,Sim,Moto,Não,Não
Capotamento,2024-05-24,08:00,Centro,"-25.429627, -49.287135",Seco / Dia,Seca,Sim,Não,Não,Não,1,Não,1,3,0,0,Não,Não realizado,Sim,Bicicleta,Não,Não
Colisão,2021-11-12,20:45,Centro,"-25.429495, -49.279691",Chuva / Noite,Molhada,Sim,Sim,Sim,Sim,4,Sim,4,1,1,0,Sim,Negativo,Sim,Bicicleta,Não,Não
Atropelamento,2012-05-22,00:45,Oeste,"-25.412882, -49.302010",Chuva / Noite,Seca,Sim,Não,Sim,Não,1,Não,1,5,0,0,Não,Não realizado,Sim,Caminhão,Não,Não
Colisão,2018-07-30,20:45,Leste,"-25.418875, -49.208514",Seco / Noite,Seca,Não,Não,Sim,Não,1,Sim,5,2,0,0,Não,Não realizado,Sim,Ônibus,Não,Não
Colisão,2007-04-07,03:15,Norte,"-25.403750, -49.242509",Chuva / Noite,Escorregadia,Não,Não,Não,Sim,2,Não,1,1,1,0,Não,Não realizado,Sim,Carro,Não,Não
Colisão,2022-08-23,16:45,Norte,"-25.390680, -49.260131",Seco / Dia,Seca,Sim,Não,Sim,Sim,4,Não,1,4,3,0,Sim,Negativo,Sim,Carro,Sim,Não
Atropelamento,2013-03-26,21:15,Oeste,"-25.410630, -49.323432",Seco / Noite,Seca,Não,Não,Não,Não,1,Não,1,3,2,0,Sim,Negativo,Sim,Caminhão,Não,Não
Colisão,2023-06-10,20:30,Norte,"-25.403367, -49.248644",Seco / Noite,Molhada,Não,Não,Não,Sim,4,Sim,5,1,1,0,Não,Não realizado,Sim,Moto,Sim,Não
Colisão,2011-04-28,09:45,Leste,"-25.429123, -49.241831",Seco / Dia,Molhada,Sim,Sim,Não,Sim,3,Sim,3,2,0,0,Não,Não realizado,Sim,Ônibus,Não,Não
Colisão,2021-06-23,06:15,Norte,"-25.393867, -49.273312",Seco / Dia,Escorregadia,Sim,Não,Sim,Sim,2,Não,1,1,1,0,Não,Não realizado,Sim,Caminhão,Sim,Não
Queda de moto,2025-05-13,12:15,Sul,"-25.452116, -49.285534",Seco / Dia,Seca,Sim,Sim,Sim,Sim,2,Sim,5,3,0,0,Não,Não realizado,Sim,Moto,Não,Não
Colisão,2021-01-25,02:15,Leste,"-25.436158, -49.215134",Seco / Noite,Molhada,Sim,Sim,Não,Sim,3,Não,1,1,1,0,Não,Não realizado,Sim,Caminhão,Não,Não
Colisão,2011-11-22,08:30,Norte,"-25.407031, -49.282602",Seco / Dia,Seca,Sim,Sim,Sim,Sim,2,Não,1,3,0,0,Não,Não realizado,Sim,Bicicleta,Não,Não
Queda de moto,2015-09-03,17:00,Norte,"-25.409831, -49.276199",Seco / Dia,Molhada,Não,Sim,Não,Não,1,Sim,2,2,0,0,Não,Não realizado,Sim,Bicicleta,Não,Não
Atropelamento,2018-08-01,08:00,Centro,"-25.412831, -49.285775",Chuva / Dia,Molhada,Sim,Sim,Sim,Sim,2,Sim,2,3,3,0,Não,Não realizado,Sim,Moto,Sim,Sim
Capotamento,2021-07-12,00:30,Centro,"-25.415502, -49.268401",Seco / Noite,Seca,Sim,Não,Sim,Não,1,Sim,5,1,0,0,Sim,Negativo,Sim,Caminhão,Não,Não
Queda de moto,2024-01-26,22:30,Centro,"-25.415611, -49.268116",Seco / Noite,Escorregadia,Não,Sim,Sim,Não,1,Sim,3,1,1,0,Não,Não realizado,Sim,Bicicleta,Sim,Não
Colisão,2009-02-08,10:00,Norte,"-25.400212, -49.280373",Seco / Dia,Escorregadia,Sim,Não,Sim,Não,1,Sim,5,2,0,0,Sim,Negativo,Sim,Bicicleta,Sim,Não
Atropelamento,2006-11-22,19:00,Centro,"-25.424225, -49.266551",Chuva / Noite,Escorregadia,Não,Sim,Não,Não,1,Não,1,4,4,0,Sim,Negativo,Sim,Carro,Sim,Não
Colisão,2017-12-18,06:15,Leste,"-25.431181, -49.243510",Seco / Dia,Seca,Sim,Sim,Sim,Não,1,Não,1,2,2,0,Sim,Positivo,Sim,Carro,Sim,Não
Queda de moto,2019-01-18,11:30,Norte,"-25.406417, -49.287343",Chuva / Dia,Escorregadia,Sim,Não,Sim,Sim,3,Não,1,3,2,0,Não,Não realizado,Sim,Moto,Não,Não
Atropelamento,2015-08-13,05:00,Sul,"-25.468291, -49.308046",Chuva / Noite,Escorregadia,Não,Não,Sim,Sim,4,Sim,2,3,2,0,Sim,Negativo,Sim,Caminhão,Sim,Não
Queda de moto,2021-04-26,21:45,Oeste,"-25.411952, -49.330449",Seco / Noite,Escorregadia,Não,Não,Sim,Sim,3,Sim,3,1,1,0,Sim,Positivo,Sim,Moto,Sim,Não
Colisão,2011-02-19,10:15,Leste,"-25.430818, -49.247944",Chuva / Dia,Seca,Não,Sim,Sim,Sim,4,Não,1,1,0,0,Não,Não realizado,Não,Ônibus,Não,Não
Atropelamento,2022-12-20,18:30,Norte,"-25.401503, -49.262932",Seco / Dia,Seca,Sim,Não,Não,Sim,4,Não,1,5,0,0,Não,Não realizado,Sim,Caminhão,Não,Sim
Capotamento,2013-01-23,03:45,Norte,"-25.409313, -49.262222",Seco / Noite,Seca,Sim,Sim,Não,Não,1,Não,1,1,0,0,Sim,Positivo,Sim,Ônibus,Não,Não
Colisão,2024-04-22,04:30,Oeste,"-25.411429, -49.317864",Seco / Noite,Seca,Não,Sim,Não,Sim,2,Não,1,2,2,0,Não,Não realizado,Não,Caminhão,Não,Não
Colisão,2006-04-30,21:30,Sul,"-25.473673, -49.283520",Chuva / Noite,Seca,Sim,Sim,Sim,Sim,3,Sim,5,1,0,0,Não,Não realizado,Sim,Carro,Sim,Não
Colisão,2007-10-03,04:30,Centro,"-25.419996, -49.272554",Seco / Noite,Seca,Sim,Não,Sim,Sim,2,Não,1,1,1,0,Não,Não realizado,Sim,Moto,Não,Não
Atropelamento,2013-12-22,01:30,Norte,"-25.409547, -49.267412",Chuva / Noite,Escorregadia,Não,Não,Não,Não,1,Não,1,3,2,0,Sim,Negativo,Sim,Bicicleta,Sim,Não
Queda de moto,2024-01-13,13:30,Leste,"-25.413490, -49.231033",Seco / Dia,Seca,Não,Não,Não,Não,1,Não,1,2,2,0,Sim,Positivo,Sim,Carro,Sim,Não
Colisão,2013-02-15,04:00,Norte,"-25.402392, -49.278922",Seco / Noite,Seca,Não,Sim,Não,Sim,4,Sim,4,3,1,0,Sim,Positivo,Sim,Carro,Sim,Sim
Colisão,2015-09-18,03:45,Norte,"-25.390484, -49.255776",Seco / Noite,Seca,Sim,Sim,Sim,Não,1,Não,1,3,0,0,Sim,Positivo,Sim,Ônibus,Não,Sim
Atropelamento,2005-12-07,18:15,Oeste,"-25.419652, -49.330575",Chuva / Dia,Escorregadia,Não,Sim,Não,Sim,4,Não,1,4,2,0,Sim,Positivo,Sim,Caminhão,Sim,Não
Colisão,2025-06-07,04:15,Centro,"-25.433162, -49.274347",Neblina / Noite,Molhada,Sim,Não,Não,Sim,4,Sim,3,2,1,1,Não,Não realizado,Sim,Caminhão,Não,Sim
Colisão,2009-05-05,05:30,Centro,"-25.425580, -49.270682",Neblina / Noite,Seca,Não,Sim,Sim,Sim,2,Não,1,1,0,0,Não,Não realizado,Sim,Moto,Não,Não
Colisão,2015-11-17,06:15,Sul,"-25.448226, -49.305997",Seco / Dia,Escorregadia,Não,Não,Não,Sim,3,Não,1,3,1,1,Não,Não realizado,Sim,Ônibus,Sim,Não
Queda de moto,2012-04-02,22:00,Centro,"-25.413270, -49.263578",Seco / Noite,Escorregadia,Não,Não,Sim,Sim,3,Sim,3,1,1,0,Não,Não realizado,Sim,Moto,Não,Não
Colisão,2019-10-30,09:45,Norte,"-25.408679, -49.261377",Seco / Dia,Escorregadia,Não,Não,Sim,Sim,3,Não,1,1,1,0,Não,Não realizado,Sim,Moto,Não,Não
Colisão,2019-01-15,03:45,Leste,"-25.418160, -49.224752",Seco / Noite,Molhada,Sim,Sim,Não,Não,1,Não,1,2,1,0,Não,Não realizado,Sim,Moto,Não,Não
Colisão,2012-04-26,04:15,Oeste,"-25.427144, -49.320065",Seco / Noite,Seca,Não,Sim,Sim,Não,1,Sim,3,1,1,0,Não,Não realizado,Sim,Bicicleta,Não,Não
Colisão,2019-08-16,06:00,Centro,"-25.420983, -49.277022",Seco / Dia,Seca,Sim,Não,Não,Sim,2,Não,1,1,0,0,Não,Não realizado,Sim,Moto,Não,Não
Atropelamento,2022-05-12,07:15,Centro,"-25.421703, -49.283353",Chuva / Dia,Escorregadia,Sim,Não,Não,Sim,3,Não,1,2,2,0,Não,Não realizado,Sim,Ônibus,Não,Não
Capotamento,2011-01-10,10:15,Norte,"-25.402412, -49.254770",Seco / Dia,Molhada,Não,Sim,Não,Sim,3,Não,1,1,0,0,Não,Não realizado,Sim,Caminhão,Sim,Não
Capotamento,2020-05-20,00:45,Norte,"-25.402908, -49.279083",Chuva / Noite,Seca,Sim,Sim,Não,Não,1,Não,1,5,4,0,Não,Não realizado,Sim,Ônibus,Não,Não
Atropelamento,2007-01-13,10:30,Oeste,"-25.414901, -49.326100",Seco / Dia,Molhada,Não,Não,Não,Sim,2,Sim,4,2,2,0,Não,Não realizado,Sim,Carro,Não,Não
Colisão,2006-01-04,21:15,Sul,"-25.462443, -49.302254",Seco / Noite,Molhada,Não,Sim,Sim,Sim,3,Não,1,2,0,0,Não,Não realizado,Sim,Caminhão,Não,Não
Colisão,2014-08-11,16:00,Norte,"-25.405992, -49.267699",Seco / Dia,Molhada,Sim,Sim,Sim,Não,1,Não,1,2,0,0,Não,Não realizado,Sim,Caminhão,Sim,Não
Colisão,2005-07-18,17:00,Norte,"-25.386895, -49.276919",Seco / Dia,Escorregadia,Não,Sim,Não,Sim,4,Sim,2,2,2,0,Sim,Negativo,Sim,Moto,Sim,Não
Capotamento,2012-12-02,10:15,Sul,"-25.451050, -49.285245",Neblina / Dia,Escorregadia,Não,Não,Sim,Não,1,Sim,5,2,0,0,Não,Não realizado,Sim,Bicicleta,Sim,Não
Colisão,2016-08-13,00:15,Norte,"-25.380927, -49.270077",Seco / Noite,Seca,Sim,Não,Sim,Sim,3,Não,1,2,0,0,Não,Não realizado,Sim,Caminhão,Sim,Não
Atropelamento,2025-07-25,05:15,Norte,"-25.386278, -49.240784",Seco / Noite,Escorregadia,Não,Não,Sim,Não,1,Não,1,4,0,0,Não,Não realizado,Sim,Bicicleta,Não,Não
Colisão,2022-10-19,18:15,Sul,"-25.461117, -49.316864",Seco / Dia,Molhada,Sim,Não,Não,Sim,3,Sim,5,2,2,0,Não,Não realizado,Sim,Carro,Sim,Não
Colisão,2012-08-22,00:30,Leste,"-25.423246, -49.217571",Neblina / Noite,Escorregadia,Não,Sim,Não,Sim,2,Sim,2,3,2,0,Não,Não realizado,Sim,Bicicleta,Não,Não
Colisão,2013-10-27,18:45,Centro,"-25.418487, -49.284972",Seco / Dia,Seca,Não,Sim,Não,Sim,3,Sim,5,1,1,0,Não,Não realizado,Sim,Moto,Sim,Não
Colisão,2018-08-04,18:15,Leste,"-25.425503, -49.209468",Chuva / Dia,Escorregadia,Não,Sim,Não,Sim,4,Sim,3,1,1,0,Sim,Positivo,Sim,Bicicleta,Sim,Não
Colisão,2005-10-22,20:00,Leste,"-25.436356, -49.242454",Seco / Noite,Escorregadia,Não,Não,Não,Sim,4,Não,1,2,0,0,Sim,Negativo,Sim,Carro,Sim,Não
Colisão,2010-03-21,18:30,Oeste,"-25.419606, -49.316801",Chuva / Dia,Seca,Não,Não,Sim,Não,1,Sim,5,2,1,0,Sim,Negativo,Sim,Carro,Sim,Não
Atropelamento,2023-02-04,11:15,Sul,"-25.458501, -49.301571",Seco / Dia,Molhada,Sim,Não,Sim,Não,1,Sim,5,4,0,0,Não,Não realizado,Sim,Bicicleta,Sim,Não
Queda de moto,2011-02-06,14:45,Centro,"-25.431684, -49.280413",Chuva / Dia,Escorregadia,Sim,Não,Não,Sim,4,Não,1,3,2,0,Não,Não realizado,Sim,Bicicleta,Sim,Não
Colisão,2009-12-21,14:00,Oeste,"-25.410569, -49.305619",Seco / Dia,Escorregadia,Sim,Sim,Sim,Não,1,Não,1,2,0,0,Sim,Positivo,Sim,Moto,Não,Não
Colisão,2007-04-28,23:30,Sul,"-25.465813, -49.289237",Seco / Noite,Seca,Sim,Sim,Não,Sim,4,Sim,5,1,1,0,Não,Não realizado,Sim,Moto,Não,Não
Atropelamento,2018-09-19,07:00,Sul,"-25.464558, -49.285569",Seco / Dia,Molhada,Não,Não,Sim,Sim,2,Sim,3,5,4,0,Não,Não realizado,Sim,Moto,Sim,Não
Atropelamento,2016-11-26,23:45,Oeste,"-25.425545, -49.338669",Seco / Noite,Escorregadia,Não,Sim,Sim,Sim,2,Não,1,4,3,0,Não,Não realizado,Sim,Carro,Sim,Não
Colisão,2005-12-10,14:00,Norte,"-25.399888, -49.279718",Seco / Dia,Molhada,Sim,Sim,Não,Não,1,Não,1,1,0,0,Não,Não realizado,Sim,Carro,Sim,Não
Atropelamento,2007-02-02,14:45,Leste,"-25.434076, -49.241975",Seco / Dia,Seca,Sim,Não,Não,Sim,3,Não,1,4,0,0,Sim,Positivo,Sim,Moto,Sim,Não
Atropelamento,2018-06-12,05:00,Oeste,"-25.432420, -49.307196",Seco / Noite,Escorregadia,Não,Sim,Não,Não,1,Sim,2,3,0,0,Não,Não realizado,Não,Caminhão,Sim,Não
Queda de moto,2015-03-14,08:00,Norte,"-25.406292, -49.248960",Seco / Dia,Escorregadia,Não,Não,Não,Não,1,Não,1,1,1,0,Não,Não realizado,Sim,Ônibus,Sim,Não
Queda de moto,2010-01-14,11:30,Oeste,"-25.430042, -49.314553",Seco / Dia,Escorregadia,Não,Não,Não,Sim,3,Não,1,1,1,0,Não,Não realizado,Sim,Caminhão,Não,Não
Capotamento,2012-09-12,01:45,Norte,"-25.386795, -49.279427",Chuva / Noite,Molhada,Não,Não,Sim,Não,1,Não,1,1,0,0,Não,Não realizado,Sim,Ônibus,Sim,Não
Colisão,2017-06-28,15:45,Leste,"-25.419603, -49.236434",Chuva / Dia,Molhada,Não,Sim,Sim,Não,1,Sim,2,1,1,0,Não,Não realizado,Sim,Carro,Sim,Não
Colisão,2006-01-09,17:30,Norte,"-25.383926, -49.277778",Seco / Dia,Seca,Sim,Sim,Sim,Não,1,Não,1,1,0,0,Não,Não realizado,Sim,Bicicleta,Sim,Não
Colisão,2021-03-20,12:45,Sul,"-25.462829, -49.290567",Chuva / Dia,Molhada,Sim,Sim,Não,Não,1,Não,1,3,2,0,Sim,Negativo,Não,Bicicleta,Sim,Não
Capotamento,2022-08-08,00:45,Sul,"-25.465157, -49.291805",Seco / Noite,Seca,Não,Não,Sim,Não,1,Sim,3,2,0,0,Não,Não realizado,Sim,Ônibus,Sim,Não
Queda de moto,2007-08-24,14:45,Centro,"-25.433742, -49.282414",Seco / Dia,Escorregadia,Sim,Sim,Não,Sim,4,Não,1,1,1,0,Não,Não realizado,Sim,Caminhão,Não,Não
Colisão,2013-11-04,02:15,Leste,"-25.417740, -49.227277",Seco / Noite,Molhada,Sim,Não,Sim,Sim,3,Não,1,1,0,0,Sim,Negativo,Sim,Bicicleta,Não,Não
Atropelamento,2011-03-15,22:00,Leste,"-25.435712, -49.212640",Seco / Noite,Seca,Sim,Não,Sim,Sim,3,Sim,2,4,3,0,Sim,Negativo,Não,Moto,Não,Não
Colisão,2010-11-24,18:15,Sul,"-25.461250, -49.317170",Chuva / Dia,Escorregadia,Sim,Sim,Não,Sim,4,Não,1,1,1,0,Não,Não realizado,Sim,Caminhão,Sim,Não
Colisão,2018-10-01,19:15,Norte,"-25.385099, -49.261419",Neblina / Noite,Molhada,Não,Sim,Não,Não,1,Não,1,2,2,0,Não,Não realizado,Não,Moto,Sim,Não
Colisão,2017-10-04,05:45,Sul,"-25.471573, -49.296746",Chuva / Noite,Molhada,Não,Não,Sim,Não,1,Não,1,2,0,0,Não,Não realizado,Sim,Bicicleta,Sim,Não
Colisão,2015-02-22,16:45,Leste,"-25.429657, -49.220938",Chuva / Dia,Escorregadia,Sim,Não,Sim,Sim,4,Não,1,3,0,0,Sim,Positivo,Sim,Moto,Sim,Não
Colisão,2015-07-16,12:30,Centro,"-25.419011, -49.277358",Seco / Dia,Escorregadia,Não,Sim,Não,Não,1,Sim,4,1,0,0,Sim,Positivo,Sim,Ônibus,Não,Não
Colisão,2005-01-24,15:00,Oeste,"-25.425065, -49.332835",Chuva / Dia,Escorregadia,Não,Não,Sim,Não,1,Não,1,1,1,0,Não,Não realizado,Sim,Bicicleta,Não,Não
Atropelamento,2006-01-13,07:30,Leste,"-25.414831, -49.244188",Seco / Dia,Escorregadia,Não,Não,Sim,Não,1,Não,1,5,2,0,Sim,Positivo,Sim,Caminhão,Sim,Não
Colisão,2018-01-05,10:45,Oeste,"-25.414125, -49.315355",Seco / Dia,Seca,Sim,Sim,Não,Sim,3,Não,1,2,0,0,Sim,Negativo,Sim,Bicicleta,Sim,Não
Colisão,2007-06-19,20:15,Oeste,"-25.439821, -49.331053",Seco / Noite,Escorregadia,Sim,Sim,Sim,Não,1,Não,1,1,0,0,Não,Não realizado,Sim,Carro,Não,Não
Colisão,2023-02-25,01:15,Norte,"-25.388676, -49.283509",Chuva / Noite,Seca,Não,Não,Sim,Não,1,Não,1,2,2,0,Não,Não realizado,Sim,Ônibus,Sim,Não
Queda de moto,2023-12-31,17:00,Leste,"-25.430461, -49.222824",Seco / Dia,Molhada,Sim,Não,Sim,Não,1,Sim,3,2,1,0,Sim,Negativo,Sim,Carro,Não,Não
Queda de moto,2013-05-25,20:45,Leste,"-25.420697, -49.244596",Chuva / Noite,Escorregadia,Sim,Não,Não,Não,1,Não,1,3,0,0,Não,Não realizado,Sim,Bicicleta,Não,Sim
Colisão,2013-07-28,21:45,Norte,"-25.396411, -49.279761",Seco / Noite,Seca,Sim,Não,Sim,Não,1,Sim,2,1,1,0,Sim,Positivo,Sim,Carro,Não,Não
Atropelamento,2017-01-25,21:30,Centro,"-25.413311, -49.278595",Seco / Noite,Seca,Não,Sim,Não,Não,1,Sim,4,5,5,0,Não,Não realizado,Sim,Bicicleta,Sim,Não
Queda de moto,2007-12-17,20:45,Oeste,"-25.427661, -49.322111",Seco / Noite,Seca,Não,Não,Não,Sim,4,Sim,4,2,2,0,Não,Não realizado,Não,Carro,Não,Não
Colisão,2013-02-27,01:45,Oeste,"-25.428336, -49.327152",Neblina / Noite,Escorregadia,Não,Não,Não,Sim,4,Não,1,2,1,0,Sim,Negativo,Sim,Moto,Sim,Não
Colisão,2012-02-28,13:45,Leste,"-25.438723, -49.243536",Chuva / Dia,Molhada,Sim,Não,Não,Sim,4,Não,1,3,0,0,Não,Não realizado,Sim,Bicicleta,Sim,Não
Atropelamento,2024-03-30,20:00,Oeste,"-25.422372, -49.319921",Seco / Noite,Seca,Não,Não,Não,Não,1,Não,1,2,0,0,Não,Não realizado,Sim,Moto,Sim,Não
Atropelamento,2013-04-04,03:30,Sul,"-25.452701, -49.293674",Chuva / Noite,Seca,Sim,Não,Sim,Sim,4,Sim,3,3,0,0,Não,Não realizado,Sim,Moto,Não,Não
Colisão,2020-01-25,00:00,Sul,"-25.465852, -49.291711",Seco / Noite,Seca,Não,Sim,Não,Sim,4,Não,1,2,1,0,Não,Não realizado,Sim,Moto,Sim,Não
Colisão,2023-02-02,13:30,Sul,"-25.476080, -49.317920",Chuva / Dia,Escorregadia,Sim,Não,Sim,Sim,2,Sim,4,1,0,0,Não,Não realizado,Sim,Carro,Sim,Não
Colisão,2011-09-25,18:00,Leste,"-25.417270, -49.241141",Seco / Dia,Molhada,Sim,Sim,Não,Não,1,Sim,4,2,0,0,Não,Não realizado,Sim,Carro,Sim,Não
Colisão,2015-07-06,11:30,Oeste,"-25.423661, -49.313400",Seco / Dia,Seca,Sim,Não,Não,Sim,2,Sim,4,2,0,0,Sim,Positivo,Não,Carro,Não,Não
Colisão,2008-04-14,14:00,Oeste,"-25.426594, -49.325882",Seco / Dia,Molhada,Não,Sim,Sim,Sim,2,Não,1,2,0,0,Não,Não realizado,Sim,Carro,Sim,Não
Atropelamento,2005-05-31,02:30,Leste,"-25.439057, -49.216966",Chuva / Noite,Escorregadia,Sim,Sim,Não,Não,1,Não,1,5,2,0,Não,Não realizado,Sim,Bicicleta,Sim,Não
Colisão,2021-12-08,17:00,Sul,"-25.463526, -49.318415",Neblina / Dia,Seca,Não,Não,Sim,Não,1,Não,1,2,1,0,Sim,Negativo,Sim,Bicicleta,Não,Não
Queda de moto,2019-09-25,18:00,Norte,"-25.407368, -49.266434",Chuva / Dia,Seca,Não,Não,Não,Não,1,Sim,2,1,0,0,Não,Não realizado,Sim,Bicicleta,Não,Sim
Queda de moto,2020-09-25,22:15,Norte,"-25.402133, -49.275513",Chuva / Noite,Escorregadia,Sim,Não,Sim,Não,1,Não,1,1,0,0,Sim,Positivo,Sim,Bicicleta,Sim,Não
Queda de moto,2009-04-18,01:45,Sul,"-25.442358, -49.289381",Seco / Noite,Molhada,Não,Sim,Sim,Sim,4,Não,1,2,2,0,Não,Não realizado,Sim,Ônibus,Sim,Não
Atropelamento,2005-02-04,21:45,Leste,"-25.411587, -49.240426",Chuva / Noite,Molhada,Sim,Não,Não,Não,1,Sim,2,3,0,0,Não,Não realizado,Não,Ônibus,Sim,Não
Colisão,2005-08-13,06:15,Leste,"-25.424641, -49.216827",Chuva / Dia,Seca,Não,Não,Sim,Sim,2,Sim,3,1,1,0,Não,Não realizado,Não,Moto,Não,Não
Capotamento,2020-02-21,03:15,Sul,"-25.440635, -49.295375",Seco / Noite,Molhada,Sim,Sim,Não,Sim,4,Sim,4,2,2,0,Sim,Positivo,Sim,Moto,Não,Não
Colisão,2008-01-05,10:15,Sul,"-25.479223, -49.302025",Seco / Dia,Molhada,Sim,Sim,Sim,Não,1,Não,1,1,0,0,Sim,Negativo,Sim,Bicicleta,Não,Não
Colisão,2015-02-25,11:45,Leste,"-25.439481, -49.211985",Seco / Dia,Seca,Sim,Sim,Sim,Não,1,Não,1,1,1,0,Não,Não realizado,Não,Caminhão,Sim,Não
Colisão,2007-08-12,21:15,Centro,"-25.439924, -49.267249",Chuva / Noite,Seca,Sim,Sim,Não,Sim,3,Não,1,1,1,0,Sim,Negativo,Sim,Moto,Não,Sim
Colisão,2021-09-02,22:00,Leste,"-25.417845, -49.240803",Seco / Noite,Molhada,Sim,Não,Sim,Sim,4,Sim,3,2,0,0,Sim,Positivo,Sim,Bicicleta,Sim,Não
Colisão,2024-04-08,03:00,Norte,"-25.400205, -49.241021",Seco / Noite,Escorregadia,Sim,Sim,Sim,Não,1,Sim,4,1,1,0,Não,Não realizado,Sim,Moto,Sim,Não
Colisão,2008-05-03,11:30,Leste,"-25.429691, -49.229105",Seco / Dia,Molhada,Sim,Sim,Não,Não,1,Não,1,5,3,0,Sim,Positivo,Sim,Caminhão,Sim,Não
Colisão,2019-06-10,08:30,Leste,"-25.421749, -49.245442",Seco / Dia,Molhada,Sim,Sim,Sim,Sim,3,Sim,4,1,1,0,Não,Não realizado,Sim,Caminhão,Não,Não
Atropelamento,2005-08-11,02:15,Norte,"-25.401714, -49.264123",Neblina / Noite,Molhada,Não,Sim,Sim,Não,1,Não,1,2,0,0,Sim,Negativo,Sim,Ônibus,Sim,Não
Colisão,2019-05-22,12:00,Norte,"-25.398350, -49.268468",Chuva / Dia,Molhada,Sim,Não,Não,Sim,4,Sim,5,1,1,0,Sim,Positivo,Sim,Caminhão,Sim,Não
Queda de moto,2006-12-28,11:15,Norte,"-25.402076, -49.289589",Seco / Dia,Seca,Sim,Não,Sim,Não,1,Não,1,2,1,0,Não,Não realizado,Sim,Ônibus,Não,Não
Queda de moto,2009-06-01,14:00,Norte,"-25.404031, -49.273048",Seco / Dia,Seca,Não,Não,Sim,Não,1,Sim,2,1,1,0,Sim,Negativo,Sim,Ônibus,Não,Não
Atropelamento,2015-09-17,02:45,Sul,"-25.460725, -49.308702",Seco / Noite,Molhada,Não,Não,Não,Não,1,Não,1,3,1,0,Não,Não realizado,Sim,Ônibus,Não,Não
Atropelamento,2025-05-24,14:15,Centro,"-25.420066, -49.274925",Seco / Dia,Escorregadia,Não,Não,Não,Não,1,Sim,2,5,0,0,Sim,Negativo,Sim,Moto,Não,Não
Queda de moto,2018-07-16,07:45,Norte,"-25.385597, -49.267359",Seco / Dia,Molhada,Sim,Não,Sim,Não,1,Sim,2,2,1,0,Não,Não realizado,Sim,Caminhão,Não,Não