TIPO DE ACIDENTE,DATA,HORA,REGIÃO,COORDENADA GEOGRÁFICA,SITUAÇÃO CLIMÁTICA/LUMINOSIDADE,CONDIÇÕES DA SUPERFÍCIE DE ROLAMENTO,POSSUI SINALIZAÇÃO HORIZONTAL,POSSUI SINALIZAÇÃO VERTICAL,PRÓXIMO A EQUIPO ELETRÔNICO,HOUVE OUTROS VEÍCULOS ENVOLVIDOS,QUANTOS VEÍCULOS,HAVIA OUTROS OCUPANTES NO VEÍCULO,QUANTOS OCUPANTES,ENVOLVIDOS,FERIDOS,ÓBITOS,FOI REALIZADO O TESTE DE BAFÔMETRO,QUAL O RESULTADO,POSSUI HABILITAÇÃO,VEÍCULO TIPO,HOUVE DANOS AO PATRIMÔNIO PÚBLICO?,HOUVE DANOS AO MEIO AMBIENTE?
Colisão,2022-11-02,03:00,Norte,"-25.406107, -49.261754",Seco / Noite,Seca,Não,Não,Sim,Sim,3,Sim,4,2,1,0,Sim,Positivo,Não,Caminhão,Não,Não
Queda de moto,2007-10-04,06:45,Norte,"-25.381744, -49.255721",Chuva / Dia,Escorregadia,Não,Sim,Sim,Não,1,Sim,2,1,1,0,Sim,Negativo,Sim,Moto,Não,Não
Colisão,2018-03-31,15:30,Leste,"-25.412210, -49.227915",Chuva / Dia,Escorregadia,Sim,Não,Não,Não,1,Sim,2,1,1,0,Não,Não realizado,Sim,Ônibus,Sim,Não
Atropelamento,2023-03-31,15:00,Leste,"-25.420918, -49.245930",Seco / Dia,Seca,Não,Não,Não,Sim,4,Não,1,4,3,0,Sim,Positivo,Sim,Ônibus,Sim,Não
Colisão,2018-02-27,20:45,Leste,"-25.425739, -49.218036",Seco / Noite,Molhada,Sim,Sim,Não,Sim,3,Não,1,3,0,0,Não,Não realizado,Sim,Carro,Não,Sim
Atropelamento,2016-02-28,16:15,Norte,"-25.383067, -49.247916",Chuva / Dia,Escorregadia,Sim,Não,Não,Sim,3,Não,1,4,2,0,Não,Não realizado,Sim,Bicicleta,Não,Não
Colisão,2015-10-27,15:00,Centro,"-25.423298, -49.267814",Seco / Dia,Escorregadia,Não,Sim,Sim,Não,1,Não,1,4,4,0,Não,Não realizado,Sim,Caminhão,Sim,Não
Capotamento,2010-09-26,10:15,Norte,"-25.398482, -49.267718",Neblina / Dia,Seca,Sim,Não,Sim,Sim,3,Sim,4,3,3,0,Não,Não realizado,Sim,Bicicleta,Não,Não
Atropelamento,2023-01-03,21:15,Oeste,"-25.420407, -49.319308",Seco / Noite,Molhada,Sim,Não,Não,Não,1,Sim,5,3,0,0,Não,Não realizado,Sim,Bicicleta,Não,Não
Colisão,2006-07-19,17:30,Leste,"-25.424423, -49.247968",Neblina / Dia,Molhada,Não,Sim,Não,Não,1,Não,1,2,2,0,Não,Não realizado,Sim,Moto,Não,Não
Capotamento,2018-05-11,01:00,Sul,"-25.459084, -49.286768",Seco / Noite,Molhada,Sim,Não,Sim,Não,1,Sim,2,2,1,0,Não,Não realizado,Sim,Carro,Não,Não
Colisão,2012-06-07,23:45,Norte,"-25.384101, -49.254928",Seco / Noite,Molhada,Sim,Sim,Não,Sim,3,Não,1,3,2,0,Não,Não realizado,Sim,Moto,Não,Não
Colisão,2012-07-10,07:30,Leste,"-25.432394, -49.227180",Chuva / Dia,Escorregadia,Sim,Sim,Sim,Não,1,Não,1,2,2,0,Sim,Negativo,Sim,Moto,Não,Não
Colisão,2007-10-15,15:30,Norte,"-25.384142, -49.257599",Seco / Dia,Escorregadia,Não,Não,Não,Não,1,Sim,3,1,1,0,Sim,Positivo,Sim,Carro,Não,Não
Atropelamento,2020-12-12,08:15,Leste,"-25.423954, -49.238512",Chuva / Dia,Molhada,Sim,Sim,Sim,Não,1,Não,1,4,1,0,Não,Não realizado,Sim,Ônibus,Não,Não
Queda de moto,2016-02-10,17:15,Oeste,"-25.423121, -49.337292",Seco / Dia,Molhada,Sim,Sim,Não,Não,1,Sim,5,4,0,0,Não,Não realizado,Sim,Ônibus,Não,Não
Colisão,2015-03-22,22:45,Centro,"-25.435565, -49.286154",Chuva / Noite,Seca,Não,Não,Sim,Não,1,Não,1,1,1,0,Não,Não realizado,Sim,Caminhão,Sim,Não
Capotamento,2012-10-10,21:00,Centro,"-25.431900, -49.288096",Seco / Noite,Seca,Não,Sim,Sim,Sim,3,Sim,5,2,0,0,Sim,Negativo,Sim,Caminhão,Não,Não
Queda de moto,2010-01-08,13:30,Centro,"-25.427668, -49.276166",Chuva / Dia,Seca,Sim,Sim,Não,Não,1,Não,1,4,3,0,Sim,Negativo,Não,Moto,Sim,Sim
Colisão,2013-03-09,16:00,Centro,"-25.434292, -49.265865",Seco / Dia,Seca,Não,Não,Não,Sim,2,Sim,4,1,0,0,Sim,Positivo,Sim,Carro,Sim,Não
Capotamento,2015-01-25,01:15,Centro,"-25.428083, -49.272004",Seco / Noite,Molhada,Não,Sim,Sim,Sim,3,Não,1,3,0,0,Não,Não realizado,Sim,Caminhão,Sim,Não
Atropelamento,2012-02-08,00:00,Centro,"-25.413264, -49.267216",Neblina / Noite,Molhada,Sim,Sim,Não,Sim,2,Sim,4,4,4,0,Sim,Negativo,Sim,Moto,Não,Não
Colisão,2022-07-23,12:00,Norte,"-25.409688, -49.269539",Seco / Dia,Seca,Não,Sim,Sim,Sim,2,Não,1,3,2,0,Sim,Negativo,Sim,Caminhão,Não,Não
Atropelamento,2023-11-23,15:15,Leste,"-25.439181, -49.238928",Seco / Dia,Molhada,Sim,Sim,Sim,Não,1,Não,1,3,0,0,Sim,Positivo,Sim,Moto,Sim,Não
Capotamento,2011-10-13,08:00,Centro,"-25.436135, -49.289102",Seco / Dia,Escorregadia,Não,Não,Sim,Não,1,Sim,4,1,0,0,Não,Não realizado,Sim,Moto,Sim,Não
Queda de moto,2005-07-26,04:30,Leste,"-25.433456, -49.223291",Seco / Noite,Escorregadia,Não,Não,Não,Sim,4,Sim,2,1,0,0,Não,Não realizado,Sim,Caminhão,Não,Sim
Queda de moto,2005-04-05,01:15,Oeste,"-25.416168, -49.302552",Seco / Noite,Escorregadia,Não,Sim,Sim,Sim,2,Não,1,2,1,0,Não,Não realizado,Sim,Ônibus,Sim,Não
Colisão,2020-08-09,00:15,Leste,"-25.432826, -49.207168",Seco / Noite,Seca,Sim,Não,Sim,Não,1,Sim,3,1,0,0,Sim,Negativo,Sim,Ônibus,Não,Não
Colisão,2007-01-29,17:45,Oeste,"-25.413847, -49.335530",Seco / Dia,Seca,Sim,Não,Sim,Sim,3,Sim,4,1,0,0,Não,Não realizado,Sim,Carro,Não,Não
Capotamento,2013-08-08,00:30,Norte,"-25.397331, -49.269087",Neblina / Noite,Seca,Sim,Não,Sim,Não,1,Sim,4,2,2,0,Não,Não realizado,Não,Ônibus,Sim,Não
Colisão,2013-08-25,09:15,Centro,"-25.437919, -49.285086",Seco / Dia,Escorregadia,Sim,Não,Não,Não,1,Sim,2,1,1,0,Sim,Negativo,Sim,Carro,Não,Não
Colisão,2014-01-03,20:30,Leste,"-25.428070, -49.206383",Chuva / Noite,Molhada,Sim,Sim,Não,Não,1,Não,1,1,1,0,Não,Não realizado,Não,Carro,Não,Não
Colisão,2018-01-28,15:30,Oeste,"-25.421649, -49.321674",Neblina / Dia,Molhada,Não,Não,Não,Não,1,Não,1,1,1,0,Sim,Positivo,Sim,Carro,Sim,Não
Colisão,2016-10-22,22:00,Oeste,"-25.439438, -49.313386",Seco / Noite,Molhada,Não,Sim,Não,Sim,2,Sim,4,1,1,0,Não,Não realizado,Sim,Ônibus,Sim,Não
Atropelamento,2015-07-20,10:45,Leste,"-25.438897, -49.240028",Chuva / Dia,Escorregadia,Sim,Sim,Não,Não,1,Sim,2,3,3,0,Não,Não realizado,Sim,Bicicleta,Não,Não
Capotamento,2013-10-05,10:00,Norte,"-25.401085, -49.242141",Chuva / Dia,Molhada,Não,Sim,Sim,Não,1,Sim,2,2,1,0,Sim,Negativo,Sim,Ônibus,Sim,Não
Atropelamento,2025-06-21,14:15,Sul,"-25.475721, -49.317345",Seco / Dia,Molhada,Sim,Sim,Sim,Sim,4,Sim,5,4,1,0,Não,Não realizado,Sim,Caminhão,Não,Não
Colisão,2005-09-26,14:15,Leste,"-25.417244, -49.248132",Seco / Dia,Seca,Sim,Sim,Não,Não,1,Não,1,2,0,0,Não,Não realizado,Sim,Moto,Sim,Não
Queda de moto,2016-10-06,04:15,Centro,"-25.423042, -49.279540",Chuva / Noite,Molhada,Não,Não,Sim,Sim,3,Sim,4,4,4,0,Sim,Negativo,Sim,Caminhão,Não,Não
Queda de moto,2023-08-30,16:15,Norte,"-25.390093, -49.261871",Chuva / Dia,Escorregadia,Não,Não,Não,Sim,4,Sim,3,3,1,0,Não,Não realizado,Sim,Carro,Sim,Não
Queda de moto,2014-09-12,00:45,Leste,"-25.421853, -49.220519",Seco / Noite,Escorregadia,Não,Não,Sim,Não,1,Sim,2,1,1,0,Sim,Positivo,Sim,Carro,Sim,Não
Atropelamento,2024-03-23,07:00,Oeste,"-25.430752, -49.331857",Chuva / Dia,Escorregadia,Não,Não,Sim,Não,1,Sim,4,4,4,0,Não,Não realizado,Sim,Ônibus,Não,Não
Queda de moto,2008-05-02,03:45,Norte,"-25.381303, -49.251187",Seco / Noite,Escorregadia,Não,Sim,Sim,Sim,2,Sim,2,4,3,0,Não,Não realizado,Não,Ônibus,Sim,Não
Atropelamento,2006-06-24,03:15,Leste,"-25.419407, -49.218645",Seco / Noite,Molhada,Sim,Não,Sim,Sim,2,Sim,5,4,2,0,Não,Não realizado,Sim,Moto,Não,Sim
Capotamento,2015-09-11,12:15,Norte,"-25.385697, -49.279289",Chuva / Dia,Escorregadia,Sim,Sim,Sim,Sim,3,Não,1,3,2,0,Não,Não realizado,Sim,Carro,Não,Não
Queda de moto,2013-10-17,00:00,Sul,"-25.461136, -49.284887",Seco / Noite,Seca,Sim,Não,Não,Sim,2,Sim,2,2,2,0,Não,Não realizado,Sim,Ônibus,Não,Não
Queda de moto,2019-07-04,09:30,Oeste,"-25.417698, -49.329260",Seco / Dia,Escorregadia,Sim,Sim,Não,Sim,4,Não,1,2,2,0,Sim,Negativo,Sim,Caminhão,Sim,Não
Colisão,2021-10-19,11:00,Oeste,"-25.426867, -49.317582",Seco / Dia,Escorregadia,Não,Não,Não,Sim,2,Sim,3,2,1,0,Sim,Negativo,Sim,Carro,Não,Não
Colisão,2018-05-22,12:30,Centro,"-25.427062, -49.261058",Chuva / Dia,Molhada,Não,Não,Não,Sim,2,Sim,3,1,1,0,Sim,Negativo,Sim,Ônibus,Não,Não
Queda de moto,2018-03-05,15:00,Norte,"-25.389938, -49.267867",Seco / Dia,Molhada,Não,Sim,Não,Não,1,Não,1,2,2,1,Sim,Negativo,Sim,Carro,Não,Não
Queda de moto,2019-03-25,17:45,Leste,"-25.426733, -49.215707",Seco / Dia,Molhada,Não,Sim,Não,Sim,4,Não,1,1,1,0,Não,Não realizado,Sim,Moto,Não,Não
Queda de moto,2016-04-11,11:00,Sul,"-25.450184, -49.287663",Chuva / Dia,Molhada,Sim,Sim,Não,Sim,4,Sim,4,3,0,0,Não,Não realizado,Sim,Carro,Não,Não
Atropelamento,2023-09-18,22:00,Norte,"-25.380678, -49.286549",Seco / Noite,Molhada,Não,Não,Sim,Não,1,Sim,3,3,0,0,Não,Não realizado,Sim,Carro,Não,Sim
Colisão,2005-08-12,00:30,Sul,"-25.457025, -49.292594",Seco / Noite,Seca,Sim,Não,Sim,Sim,4,Não,1,3,1,0,Sim,Positivo,Sim,Caminhão,Não,Não
Capotamento,2024-10-17,04:30,Leste,"-25.430014, -49.213148",Chuva / Noite,Escorregadia,Sim,Não,Sim,Não,1,Sim,4,2,1,0,Não,Não realizado,Sim,Bicicleta,Sim,Não
Colisão,2017-04-24,08:30,Centro,"-25.415969, -49.277924",Seco / Dia,Seca,Não,Sim,Sim,Sim,2,Não,1,1,1,0,Sim,Negativo,Sim,Moto,Sim,Não
Colisão,2009-07-31,20:15,Centro,"-25.410723, -49.283865",Seco / Noite,Escorregadia,Não,Não,Sim,Sim,2,Não,1,2,0,0,Não,Não realizado,Sim,Bicicleta,Sim,Não
Atropelamento,2023-11-29,00:00,Centro,"-25.430366, -49.288281",Seco / Noite,Molhada,Não,Sim,Não,Sim,3,Sim,2,4,1,0,Não,Não realizado,Sim,Moto,Não,Não
Queda de moto,2011-03-10,07:15,Centro,"-25.431234, -49.289111",Seco / Dia,Escorregadia,Não,Não,Sim,Sim,4,Não,1,2,1,0,Sim,Positivo,Sim,Carro,Sim,Não
Colisão,2021-12-29,16:15,Norte,"-25.408020, -49.266285",Seco / Dia,Escorregadia,Sim,Sim,Sim,Sim,4,Não,1,1,1,0,Não,Não realizado,Sim,Caminhão,Sim,Não
Capotamento,2020-02-16,06:00,Centro,"-25.420047, -49.271177",Chuva / Dia,Escorregadia,Sim,Não,Sim,Não,1,Sim,3,3,3,0,Sim,Positivo,Sim,Ônibus,Não,Não
Capotamento,2013-07-04,08:15,Centro,"-25.416684, -49.283239",Seco / Dia,Seca,Não,Sim,Não,Não,1,Não,1,2,0,0,Não,Não realizado,Sim,Bicicleta,Sim,Não
Queda de moto,2009-08-19,15:15,Sul,"-25.452972, -49.313439",Seco / Dia,Seca,Sim,Sim,Sim,Não,1,Não,1,2,0,0,Não,Não realizado,Sim,Ônibus,Sim,Não
Colisão,2007-07-12,16:15,Norte,"-25.386269, -49.285301",Seco / Dia,Seca,Não,Não,Não,Sim,2,Não,1,1,0,0,Sim,Positivo,Sim,Carro,Sim,Não
Queda de moto,2018-09-10,10:15,Norte,"-25.399693, -49.242103",Chuva / Dia,Escorregadia,Sim,Não,Não,Sim,3,Sim,4,1,1,0,Sim,Positivo,Não,Bicicleta,Sim,Não
Colisão,2023-12-07,13:30,Leste,"-25.433690, -49.221932",Seco / Dia,Escorregadia,Não,Sim,Sim,Não,1,Não,1,1,1,0,Não,Não realizado,Sim,Caminhão,Sim,Sim
Capotamento,2017-12-17,04:45,Oeste,"-25.420924, -49.323500",Seco / Noite,Escorregadia,Não,Não,Sim,Não,1,Não,1,3,1,0,Sim,Positivo,Sim,Ônibus,Sim,Não
Colisão,2023-06-08,01:00,Oeste,"-25.419524, -49.330385",Chuva / Noite,Molhada,Sim,Não,Sim,Não,1,Não,1,5,5,0,Não,Não realizado,Sim,Ônibus,Sim,Não
Colisão,2022-06-23,10:45,Norte,"-25.389628, -49.259199",Chuva / Dia,Molhada,Não,Sim,Não,Não,1,Não,1,1,0,0,Não,Não realizado,Sim,Moto,Sim,Não
Colisão,2006-10-05,17:00,Oeste,"-25.432352, -49.331068",Seco / Dia,Escorregadia,Sim,Sim,Sim,Sim,4,Sim,2,3,0,0,Não,Não realizado,Sim,Carro,Sim,Não
Colisão,2023-02-16,09:15,Oeste,"-25.438001, -49.328652",Seco / Dia,Escorregadia,Não,Não,Não,Não,1,Não,1,1,1,0,Sim,Negativo,Sim,Caminhão,Não,Não
Colisão,2010-03-03,12:45,Oeste,"-25.412224, -49.336008",Seco / Dia,Molhada,Sim,Não,Sim,Sim,3,Sim,3,2,0,0,Não,Não realizado,Sim,Bicicleta,Não,Não
Capotamento,2010-07-05,01:45,Oeste,"-25.431392, -49.334484",Seco / Noite,Molhada,Sim,Sim,Sim,Sim,2,Não,1,3,0,0,Não,Não realizado,Sim,Ônibus,Sim,Não
Atropelamento,2021-03-26,12:00,Centro,"-25.412932, -49.268678",Seco / Dia,Molhada,Não,Sim,Não,Não,1,Não,1,2,1,0,Não,Não realizado,Sim,Caminhão,Não,Não
Atropelamento,2022-01-07,07:45,Sul,"-25.451937, -49.284037",Chuva / Dia,Escorregadia,Sim,Não,Sim,Sim,2,Sim,2,2,1,0,Sim,Negativo,Sim,Bicicleta,Sim,Não
Queda de moto,2020-03-12,16:15,Sul,"-25.472370, -49.282138",Seco / Dia,Seca,Sim,Sim,Sim,Sim,2,Sim,3,2,0,0,Sim,Positivo,Sim,Bicicleta,Não,Não
Atropelamento,2013-09-23,07:45,Oeste,"-25.433289, -49.324531",Seco / Dia,Molhada,Sim,Não,Sim,Não,1,Sim,3,3,0,0,Sim,Negativo,Sim,Bicicleta,Não,Não
Colisão,2022-07-19,22:30,Norte,"-25.391015, -49.247888",Chuva / Noite,Escorregadia,Não,Não,Não,Não,1,Sim,5,1,1,0,Não,Não realizado,Sim,Moto,Sim,Não
Atropelamento,2015-05-19,14:30,Centro,"-25.419655, -49.270487",Seco / Dia,Escorregadia,Sim,Sim,Sim,Sim,4,Não,1,2,2,0,Não,Não realizado,Sim,Ônibus,Não,Não
Queda de moto,2014-06-04,03:45,Leste,"-25.419053, -49.200060",Neblina / Noite,Seca,Sim,Sim,Não,Não,1,Não,1,3,0,0,Sim,Positivo,Sim,Caminhão,Não,Não
Colisão,2012-12-09,06:15,Norte,"-25.392027, -49.259038",Chuva / Dia,Seca,Sim,Não,Não,Sim,2,Não,1,3,2,0,Sim,Positivo,Sim,Caminhão,Sim,Não
Atropelamento,2007-08-10,23:45,Centro,"-25.428159, -49.289515",Seco / Noite,Escorregadia,Sim,Sim,Sim,Não,1,Sim,5,4,4,0,Sim,Positivo,Sim,Moto,Sim,Não
Colisão,2014-09-10,23:30,Oeste,"-25.428604, -49.318236",Chuva / Noite,Molhada,Sim,Não,Sim,Sim,4,Não,1,1,1,0,Sim,Negativo,Sim,Ônibus,Não,Não
Atropelamento,2006-10-01,02:45,Leste,"-25.411690, -49.234423",Seco / Noite,Escorregadia,Sim,Não,Não,Sim,4,Não,1,2,1,0,Sim,Negativo,Sim,Ônibus,Não,Não
Colisão,2016-04-14,10:15,Oeste,"-25.435164, -49.318347",Chuva / Dia,Molhada,Sim,Não,Não,Sim,4,Não,1,4,4,0,Não,Não realizado,Não,Ônibus,Não,Não
Colisão,2016-02-19,18:15,Leste,"-25.431874, -49.234808",Seco / Dia,Molhada,Sim,Não,Não,Sim,4,Sim,4,1,0,0,Não,Não realizado,Sim,Ônibus,Não,Não
Colisão,2007-03-24,00:00,Oeste,"-25.417221, -49.304259",Chuva / Noite,Escorregadia,Não,Sim,Sim,Sim,2,Não,1,5,0,0,Sim,Negativo,Sim,Ônibus,Sim,Não
Colisão,2009-03-04,09:15,Centro,"-25.435222, -49.282835",Seco / Dia,Seca,Não,Sim,Não,Não,1,Sim,4,2,2,0,Sim,Negativo,Não,Carro,Sim,Não
Queda de moto,2015-07-21,20:45,Norte,"-25.407953, -49.289440",Chuva / Noite,Seca,Sim,Não,Sim,Sim,4,Sim,5,1,0,0,Sim,Negativo,Sim,Carro,Não,Não
Colisão,2014-02-11,22:00,Norte,"-25.394801, -49.266452",Seco / Noite,Molhada,Sim,Sim,Sim,Não,1,Sim,2,2,2,0,Não,Não realizado,Sim,Carro,Não,Não
Colisão,2021-09-18,12:45,Sul,"-25.453069, -49.297275",Chuva / Dia,Seca,Não,Não,Sim,Não,1,Não,1,2,1,0,Não,Não realizado,Sim,Caminhão,Não,Não
Capotamento,2007-02-27,01:45,Leste,"-25.433030, -49.201615",Seco / Noite,Seca,Sim,Sim,Não,Sim,3,Não,1,3,3,0,Não,Não realizado,Sim,Bicicleta,Não,Não
Colisão,2020-10-27,13:45,Leste,"-25.417053, -49.238248",Seco / Dia,Escorregadia,Não,Não,Sim,Não,1,Sim,3,3,1,0,Não,Não realizado,Sim,Bicicleta,Não,Não
Atropelamento,2021-07-20,18:30,Centro,"-25.428908, -49.275275",Chuva / Dia,Escorregadia,Sim,Sim,Não,Não,1,Sim,2,4,4,0,Sim,Negativo,Sim,Moto,Não,Não
Atropelamento,2020-12-26,18:00,Centro,"-25.415612, -49.268588",Seco / Dia,Seca,Não,Sim,Não,Não,1,Não,1,3,3,0,Sim,Negativo,Sim,Ônibus,Não,Não
Colisão,2018-01-25,19:15,Sul,"-25.444742, -49.283834",Seco / Noite,Molhada,Não,Não,Não,Não,1,Não,1,2,0,0,Não,Não realizado,Sim,Carro,Sim,Não
Colisão,2011-06-12,03:30,Leste,"-25.429929, -49.225884",Seco / Noite,Molhada,Sim,Não,Sim,Sim,3,Não,1,2,2,0,Sim,Negativo,Sim,Carro,Sim,Não
Colisão,2008-06-16,19:30,Sul,"-25.464609, -49.295618",Seco / Noite,Seca,Sim,Não,Não,Não,1,Sim,3,1,0,0,Não,Não realizado,Sim,Carro,Sim,Não
Queda de moto,2016-01-22,09:45,Sul,"-25.469301, -49.307646",Seco / Dia,Escorregadia,Não,Não,Sim,Não,1,Não,1,3,2,0,Sim,Positivo,Não,Moto,Não,Não
Queda de moto,2022-11-16,10:30,Sul,"-25.475008, -49.287549",Seco / Dia,Seca,Não,Não,Sim,Não,1,Não,1,4,4,0,Não,Não realizado,Sim,Bicicleta,Não,Não
Colisão,2010-12-12,04:45,Leste,"-25.427333, -49.202070",Seco / Noite,Seca,Não,Não,Sim,Sim,3,Sim,2,2,1,0,Não,Não realizado,Sim,Caminhão,Não,Não
Colisão,2011-06-09,10:00,Leste,"-25.434298, -49.244104",Seco / Dia,Seca,Sim,Não,Não,Não,1,Sim,3,1,1,0,Não,Não realizado,Sim,Bicicleta,Não,Não
Colisão,2023-12-06,03:15,Sul,"-25.447688, -49.312615",Neblina / Noite,Molhada,Sim,Sim,Não,Sim,2,Sim,5,3,2,0,Sim,Negativo,Sim,Carro,Sim,Não
Queda de moto,2024-04-13,12:45,Sul,"-25.462506, -49.280366",Chuva / Dia,Escorregadia,Não,Sim,Não,Sim,4,Sim,3,2,1,0,Não,Não realizado,Sim,Caminhão,Não,Não
Atropelamento,2018-09-09,20:15,Oeste,"-25.415184, -49.332917",Seco / Noite,Escorregadia,Não,Sim,Não,Sim,4,Sim,4,3,2,0,Não,Não realizado,Sim,Carro,Não,Não
Queda de moto,2014-02-03,20:15,Centro,"-25.420877, -49.262616",Chuva / Noite,Seca,Sim,Sim,Não,Não,1,Não,1,3,1,0,Não,Não realizado,Sim,Carro,Sim,Não
Colisão,2009-06-05,22:15,Oeste,"-25.418843, -49.312207",Seco / Noite,Molhada,Sim,Não,Não,Sim,4,Sim,2,2,0,0,Não,Não realizado,Sim,Caminhão,Sim,Não
Capotamento,2008-11-01,10:15,Oeste,"-25.436899, -49.328519",Seco / Dia,Escorregadia,Sim,Sim,Não,Sim,3,Não,1,2,0,0,Sim,Negativo,Sim,Carro,Não,Não
Colisão,2014-09-03,01:45,Leste,"-25.421205, -49.246447",Seco / Noite,Seca,Não,Sim,Não,Não,1,Não,1,1,1,0,Não,Não realizado,Sim,Caminhão,Sim,Não
Queda de moto,2020-11-16,06:15,Norte,"-25.400193, -49.241718",Seco / Dia,Escorregadia,Sim,Não,Não,Não,1,Não,1,3,3,0,Não,Não realizado,Não,Bicicleta,Não,Não
Colisão,2006-04-02,07:30,Sul,"-25.477853, -49.304372",Chuva / Dia,Escorregadia,Sim,Não,Sim,Não,1,Sim,3,2,2,0,Não,Não realizado,Sim,Bicicleta,Não,Não
Capotamento,2011-01-07,01:15,Leste,"-25.428714, -49.235078",Neblina / Noite,Escorregadia,Sim,Sim,Sim,Não,1,Não,1,1,1,0,Não,Não realizado,Sim,Carro,Não,Não
Atropelamento,2012-03-17,16:30,Oeste,"-25.431592, -49.324967",Seco / Dia,Escorregadia,Sim,Não,Não,Sim,3,Sim,3,2,2,0,Não,Não realizado,Sim,Carro,Sim,Não
Colisão,2008-08-20,06:15,Sul,"-25.463879, -49.304425",Chuva / Dia,Escorregadia,Não,Sim,Sim,Não,1,Sim,2,1,1,0,Não,Não realizado,Sim,Bicicleta,Sim,Não
Atropelamento,2005-03-01,21:15,Centro,"-25.439248, -49.268951",Neblina / Noite,Escorregadia,Sim,Sim,Sim,Não,1,Não,1,3,2,0,Não,Não realizado,Não,Bicicleta,Sim,Não
Colisão,2023-02-11,05:00,Leste,"-25.435726, -49.244149",Seco / Noite,Molhada,Sim,Sim,Não,Não,1,Não,1,3,3,0,Não,Não realizado,Sim,Moto,Sim,Não
Queda de moto,2007-07-25,22:15,Leste,"-25.418219, -49.239414",Seco / Noite,Molhada,Não,Não,Não,Sim,4,Sim,3,4,0,0,Não,Não realizado,Sim,Caminhão,Sim,Não
Queda de moto,2017-04-14,05:15,Oeste,"-25.422072, -49.313838",Seco / Noite,Seca,Não,Sim,Sim,Sim,3,Não,1,1,1,0,Não,Não realizado,Sim,Moto,Não,Não
Capotamento,2019-08-13,21:45,Centro,"-25.415404, -49.279986",Seco / Noite,Molhada,Sim,Sim,Não,Não,1,Sim,5,1,1,0,Sim,Positivo,Sim,Moto,Não,Não
Colisão,2010-08-14,22:00,Leste,"-25.425008, -49.238356",Seco / Noite,Seca,Não,Sim,Sim,Sim,2,Sim,4,1,1,0,Não,Não realizado,Sim,Caminhão,Sim,Não
Colisão,2010-06-11,16:15,Centro,"-25.438662, -49.272626",Chuva / Dia,Escorregadia,Sim,Não,Não,Sim,4,Não,1,2,1,0,Não,Não realizado,Sim,Carro,Não,Sim
Atropelamento,2019-12-18,00:45,Oeste,"-25.428262, -49.313387",Seco / Noite,Molhada,Não,Sim,Sim,Não,1,Não,1,2,1,0,Sim,Negativo,Sim,Bicicleta,Não,Não
Capotamento,2014-01-01,05:45,Leste,"-25.436257, -49.227135",Seco / Noite,Molhada,Não,Não,Não,Sim,3,Não,1,3,1,0,Não,Não realizado,Não,Moto,Sim,Não
Colisão,2022-12-03,23:45,Centro,"-25.427497, -49.279444",Seco / Noite,Molhada,Sim,Não,Não,Não,1,Não,1,2,0,0,Sim,Negativo,Sim,Carro,Sim,Não
Atropelamento,2024-03-24,10:45,Centro,"-25.438072, -49.275223",Neblina / Dia,Escorregadia,Sim,Sim,Não,Sim,3,Sim,2,4,3,0,Não,Não realizado,Sim,Bicicleta,Sim,Não
Atropelamento,2025-01-18,16:30,Oeste,"-25.429326, -49.326672",Chuva / Dia,Escorregadia,Não,Não,Não,Sim,3,Sim,3,4,0,0,Sim,Positivo,Sim,Carro,Não,Não
Atropelamento,2022-10-22,19:30,Sul,"-25.441966, -49.307326",Seco / Noite,Molhada,Sim,Não,Não,Não,1,Sim,4,4,3,0,Sim,Positivo,Sim,Caminhão,Não,Não
Colisão,2010-11-26,23:15,Sul,"-25.448021, -49.313385",Chuva / Noite,Molhada,Sim,Não,Não,Não,1,Não,1,1,1,0,Não,Não realizado,Sim,Moto,Não,Não
Colisão,2014-07-15,22:15,Leste,"-25.418013, -49.237622",Seco / Noite,Seca,Sim,Não,Sim,Não,1,Sim,3,2,1,0,Não,Não realizado,Sim,Carro,Não,Não
Colisão,2015-03-03,15:00,Sul,"-25.478576, -49.288602",Seco / Dia,Escorregadia,Sim,Sim,Não,Não,1,Não,1,1,0,0,Não,Não realizado,Sim,Caminhão,Não,Não
Queda de moto,2020-09-28,15:15,Norte,"-25.388201, -49.285959",Seco / Dia,Escorregadia,Sim,Não,Sim,Não,1,Sim,5,1,0,0,Sim,Negativo,Sim,Moto,Sim,Não
Colisão,2018-05-26,05:45,Leste,"-25.413035, -49.205546",Seco / Noite,Molhada,Não,Não,Sim,Não,1,Sim,3,2,1,0,Não,Não realizado,Sim,Moto,Sim,Não
Colisão,2013-05-17,09:15,Oeste,"-25.414713, -49.337401",Chuva / Dia,Escorregadia,Sim,Não,Sim,Sim,3,Não,1,4,4,0,Não,Não realizado,Sim,Carro,Não,Não
Colisão,2023-10-10,01:45,Sul,"-25.443970, -49.303494",Seco / Noite,Molhada,Sim,Sim,Não,Não,1,Sim,4,2,0,0,Não,Não realizado,Sim,Bicicleta,Não,Não