TIPO DE ACIDENTE,DATA,HORA,REGIÃO,COORDENADA GEOGRÁFICA,SITUAÇÃO CLIMÁTICA/LUMINOSIDADE,CONDIÇÕES DA SUPERFÍCIE DE ROLAMENTO,POSSUI SINALIZAÇÃO HORIZONTAL,POSSUI SINALIZAÇÃO VERTICAL,PRÓXIMO A EQUIPO ELETRÔNICO,HOUVE OUTROS VEÍCULOS ENVOLVIDOS,QUANTOS VEÍCULOS,HAVIA OUTROS OCUPANTES NO VEÍCULO,QUANTOS OCUPANTES,ENVOLVIDOS,FERIDOS,ÓBITOS,FOI REALIZADO O TESTE DE BAFÔMETRO,QUAL O RESULTADO,POSSUI HABILITAÇÃO,VEÍCULO TIPO,HOUVE DANOS AO PATRIMÔNIO PÚBLICO?,HOUVE DANOS AO MEIO AMBIENTE?
Queda de moto,2019-11-03,05:45,Sul,"-25.456189, -49.295108",Chuva / Noite,Molhada,Sim,Não,Sim,Sim,4,Sim,5,4,0,0,Sim,Positivo,Sim,Bicicleta,Sim,Não
Colisão,2017-05-24,15:45,Centro,"-25.418187, -49.284267",Chuva / Dia,Molhada,Sim,Não,Sim,Sim,4,Não,1,2,0,0,Sim,Positivo,Sim,Bicicleta,Não,Não
Colisão,2025-11-19,21:30,Leste,"-25.425747, -49.247776",Seco / Noite,Molhada,Não,Não,Sim,Sim,3,Não,1,4,2,0,Não,Não realizado,Sim,Carro,Não,Sim
Capotamento,2024-01-12,10:45,Leste,"-25.433520, -49.221142",Seco / Dia,Seca,Sim,Sim,Sim,Não,1,Sim,3,2,0,0,Sim,Positivo,Sim,Bicicleta,Não,Não
Atropelamento,2017-01-25,01:00,Norte,"-25.386778, -49.273671",Seco / Noite,Seca,Sim,Sim,Não,Sim,3,Não,1,3,0,0,Sim,Negativo,Sim,Carro,Não,Não
Atropelamento,2006-11-09,22:00,Leste,"-25.428661, -49.221384",Seco / Noite,Escorregadia,Sim,Não,Sim,Não,1,Não,1,5,0,0,Sim,Negativo,Sim,Ônibus,Não,Não
Atropelamento,2014-05-29,14:15,Leste,"-25.410867, -49.232118",Seco / Dia,Escorregadia,Não,Sim,Sim,Não,1,Não,1,5,0,0,Não,Não realizado,Sim,Caminhão,Não,Não
Colisão,2006-07-07,19:15,Oeste,"-25.422901, -49.308600",Seco / Noite,Molhada,Sim,Sim,Sim,Sim,2,Sim,5,2,2,0,Sim,Negativo,Sim,Caminhão,Não,Sim
Colisão,2024-02-13,15:15,Oeste,"-25.432644, -49.304293",Seco / Dia,Molhada,Não,Sim,Não,Sim,4,Sim,3,3,3,0,Não,Não realizado,Sim,Ônibus,Não,Não
Atropelamento,2012-11-09,21:15,Sul,"-25.450714, -49.285585",Seco / Noite,Seca,Sim,Não,Não,Não,1,Não,1,5,3,0,Sim,Positivo,Sim,Carro,Não,Não
Colisão,2023-02-09,11:45,Sul,"-25.443780, -49.317824",Chuva / Dia,Molhada,Não,Sim,Não,Não,1,Não,1,1,1,0,Não,Não realizado,Sim,Carro,Sim,Não
Colisão,2009-03-31,19:00,Norte,"-25.382898, -49.252936",Seco / Noite,Molhada,Não,Sim,Sim,Não,1,Sim,3,2,2,0,Não,Não realizado,Sim,Caminhão,Não,Não
Queda de moto,2006-02-18,04:30,Leste,"-25.410712, -49.208161",Seco / Noite,Escorregadia,Sim,Não,Não,Não,1,Não,1,2,0,0,Sim,Negativo,Sim,Caminhão,Não,Não
Colisão,2017-02-22,13:00,Sul,"-25.463719, -49.282165",Seco / Dia,Escorregadia,Não,Sim,Não,Sim,3,Não,1,2,0,0,Não,Não realizado,Sim,Bicicleta,Não,Não
Colisão,2018-04-27,05:00,Sul,"-25.460416, -49.288323",Seco / Noite,Molhada,Não,Não,Não,Não,1,Sim,3,1,0,0,Não,Não realizado,Sim,Moto,Sim,Não
Colisão,2022-06-26,01:00,Norte,"-25.407570, -49.242208",Seco / Noite,Escorregadia,Sim,Sim,Não,Não,1,Não,1,1,1,0,Não,Não realizado,Não,Bicicleta,Não,Não
Atropelamento,2010-12-30,11:00,Oeste,"-25.416728, -49.304944",Chuva / Dia,Escorregadia,Sim,Sim,Não,Não,1,Sim,3,3,1,0,Sim,Positivo,Sim,Carro,Não,Não
Colisão,2013-07-29,20:15,Centro,"-25.415974, -49.270187",Seco / Noite,Escorregadia,Não,Não,Não,Não,1,Não,1,1,0,0,Não,Não realizado,Sim,Carro,Sim,Não
Colisão,2024-02-07,22:30,Oeste,"-25.414452, -49.308982",Seco / Noite,Seca,Não,Não,Sim,Não,1,Sim,5,4,0,0,Sim,Positivo,Não,Carro,Não,Não
Colisão,2006-08-28,13:30,Oeste,"-25.417518, -49.319336",Chuva / Dia,Escorregadia,Não,Sim,Não,Sim,4,Sim,2,2,1,0,Não,Não realizado,Sim,Moto,Não,Não
Queda de moto,2016-06-09,14:00,Oeste,"-25.433306, -49.317979",Chuva / Dia,Seca,Não,Sim,Não,Sim,3,Não,1,3,2,0,Sim,Negativo,Sim,Ônibus,Não,Não
Colisão,2015-01-31,23:45,Sul,"-25.466247, -49.297993",Seco / Noite,Escorregadia,Sim,Sim,Não,Não,1,Sim,3,1,1,0,Sim,Positivo,Não,Bicicleta,Sim,Não
Colisão,2010-08-20,05:15,Centro,"-25.434810, -49.273353",Seco / Noite,Escorregadia,Não,Sim,Não,Não,1,Não,1,2,0,0,Não,Não realizado,Não,Caminhão,Não,Não
Colisão,2018-04-12,17:15,Centro,"-25.430164, -49.287233",Chuva / Dia,Seca,Sim,Não,Sim,Não,1,Não,1,3,2,0,Sim,Positivo,Sim,Moto,Sim,Não
Colisão,2025-12-09,00:30,Centro,"-25.421648, -49.267281",Chuva / Noite,Molhada,Sim,Sim,Sim,Sim,3,Não,1,1,1,0,Sim,Positivo,Sim,Ônibus,Não,Não
Colisão,2005-12-15,11:45,Oeste,"-25.420782, -49.317406",Seco / Dia,Molhada,Sim,Não,Não,Não,1,Não,1,1,0,0,Sim,Positivo,Sim,Ônibus,Sim,Sim
Colisão,2008-01-03,10:45,Oeste,"-25.413318, -49.311609",Chuva / Dia,Molhada,Não,Não,Sim,Não,1,Sim,5,2,2,0,Sim,Negativo,Não,Bicicleta,Não,Não
Atropelamento,2018-08-06,12:30,Centro,"-25.422422, -49.260010",Chuva / Dia,Escorregadia,Sim,Não,Não,Não,1,Não,1,5,3,0,Não,Não realizado,Sim,Ônibus,Não,Não
Colisão,2025-10-30,00:15,Centro,"-25.427024, -49.285140",Seco / Noite,Molhada,Não,Não,Não,Sim,4,Sim,2,2,1,0,Não,Não realizado,Sim,Ônibus,Não,Não
Colisão,2024-03-04,12:45,Oeste,"-25.425441, -49.317624",Seco / Dia,Seca,Não,Sim,Não,Não,1,Sim,3,2,1,0,Sim,Negativo,Sim,Caminhão,Não,Não
Colisão,2010-01-11,19:45,Norte,"-25.406893, -49.246628",Seco / Noite,Molhada,Sim,Sim,Sim,Sim,2,Sim,5,1,1,0,Sim,Negativo,Sim,Carro,Não,Sim
Colisão,2025-02-06,01:15,Oeste,"-25.418872, -49.306761",Chuva / Noite,Escorregadia,Sim,Não,Não,Não,1,Sim,4,3,0,0,Não,Não realizado,Sim,Bicicleta,Sim,Não
Queda de moto,2011-07-17,21:00,Oeste,"-25.416197, -49.307347",Chuva / Noite,Molhada,Não,Sim,Sim,Não,1,Sim,3,5,1,0,Não,Não realizado,Sim,Bicicleta,Não,Não
Colisão,2016-10-04,15:45,Norte,"-25.402257, -49.270122",Chuva / Dia,Seca,Sim,Sim,Sim,Não,1,Não,1,3,0,0,Não,Não realizado,Sim,Carro,Não,Não
Queda de moto,2010-03-02,14:00,Norte,"-25.383805, -49.252738",Chuva / Dia,Seca,Sim,Não,Não,Sim,2,Sim,3,1,1,0,Não,Não realizado,Sim,Bicicleta,Não,Não
Colisão,2021-09-13,04:45,Oeste,"-25.421363, -49.329670",Seco / Noite,Escorregadia,Não,Sim,Não,Não,1,Não,1,4,4,0,Não,Não realizado,Sim,Bicicleta,Sim,Não
Colisão,2013-06-08,03:00,Sul,"-25.474840, -49.301655",Seco / Noite,Molhada,Sim,Sim,Não,Não,1,Sim,2,2,1,0,Sim,Negativo,Sim,Moto,Não,Não
Atropelamento,2020-01-04,06:15,Centro,"-25.432036, -49.271489",Seco / Dia,Molhada,Sim,Sim,Não,Não,1,Não,1,5,0,0,Não,Não realizado,Sim,Caminhão,Não,Sim
Queda de moto,2018-03-16,04:15,Centro,"-25.423737, -49.268481",Seco / Noite,Escorregadia,Não,Sim,Não,Não,1,Não,1,1,1,0,Não,Não realizado,Sim,Caminhão,Não,Não
Colisão,2023-01-18,13:15,Leste,"-25.423953, -49.201226",Neblina / Dia,Escorregadia,Sim,Não,Sim,Não,1,Não,1,1,1,0,Não,Não realizado,Sim,Bicicleta,Não,Não
Colisão,2012-02-03,20:30,Sul,"-25.456325, -49.298386",Seco / Noite,Escorregadia,Sim,Sim,Sim,Sim,4,Não,1,3,1,0,Sim,Negativo,Sim,Carro,Não,Não
Colisão,2014-01-25,12:00,Leste,"-25.428563, -49.204225",Chuva / Dia,Escorregadia,Sim,Sim,Não,Sim,4,Sim,5,1,1,0,Sim,Negativo,Sim,Bicicleta,Não,Não
Capotamento,2018-06-21,12:30,Oeste,"-25.423653, -49.312836",Seco / Dia,Seca,Sim,Sim,Sim,Sim,4,Sim,4,1,1,0,Não,Não realizado,Sim,Carro,Não,Não
Capotamento,2011-08-31,20:00,Norte,"-25.392739, -49.287990",Seco / Noite,Seca,Não,Não,Sim,Sim,4,Não,1,1,0,0,Sim,Negativo,Não,Ônibus,Não,Não
Queda de moto,2016-03-09,19:15,Sul,"-25.451285, -49.312664",Chuva / Noite,Molhada,Sim,Sim,Não,Não,1,Não,1,2,2,0,Sim,Negativo,Sim,Ônibus,Sim,Não
Colisão,2015-08-10,06:00,Sul,"-25.475832, -49.289417",Seco / Dia,Molhada,Não,Sim,Não,Não,1,Sim,4,1,0,0,Não,Não realizado,Sim,Caminhão,Não,Não
Colisão,2021-01-23,02:15,Sul,"-25.451203, -49.283152",Chuva / Noite,Seca,Não,Não,Sim,Sim,4,Não,1,2,0,0,Sim,Positivo,Sim,Caminhão,Não,Não
Colisão,2020-11-12,18:30,Leste,"-25.430579, -49.243765",Seco / Dia,Molhada,Sim,Sim,Sim,Não,1,Não,1,2,2,0,Não,Não realizado,Sim,Ônibus,Sim,Não
Colisão,2009-07-13,16:15,Leste,"-25.422971, -49.208004",Seco / Dia,Seca,Sim,Não,Sim,Sim,4,Sim,2,4,0,0,Não,Não realizado,Sim,Caminhão,Sim,Não
Atropelamento,2013-03-08,01:45,Norte,"-25.406042, -49.266192",Chuva / Noite,Molhada,Sim,Não,Sim,Sim,3,Sim,3,3,3,0,Não,Não realizado,Sim,Caminhão,Sim,Não
Colisão,2007-02-10,11:00,Norte,"-25.389722, -49.243814",Chuva / Dia,Seca,Não,Não,Sim,Não,1,Sim,4,2,0,0,Não,Não realizado,Sim,Moto,Não,Não
Colisão,2020-02-06,21:30,Sul,"-25.452534, -49.309363",Chuva / Noite,Molhada,Não,Não,Não,Não,1,Não,1,1,1,0,Não,Não realizado,Sim,Carro,Não,Não
Colisão,2017-03-27,07:15,Oeste,"-25.422151, -49.305678",Seco / Dia,Molhada,Não,Sim,Não,Sim,4,Sim,3,2,0,0,Não,Não realizado,Sim,Bicicleta,Não,Não
Colisão,2022-07-12,23:00,Leste,"-25.414883, -49.245604",Seco / Noite,Molhada,Não,Sim,Sim,Sim,2,Não,1,2,0,0,Não,Não realizado,Sim,Moto,Não,Não
Colisão,2022-03-22,22:15,Norte,"-25.398205, -49.286822",Seco / Noite,Escorregadia,Não,Sim,Sim,Não,1,Não,1,1,1,0,Não,Não realizado,Sim,Moto,Não,Não
Colisão,2018-07-13,11:45,Centro,"-25.435359, -49.278522",Chuva / Dia,Seca,Sim,Sim,Sim,Não,1,Sim,4,3,2,0,Sim,Negativo,Sim,Ônibus,Não,Não
Atropelamento,2012-06-16,08:45,Norte,"-25.398958, -49.253734",Seco / Dia,Seca,Não,Sim,Sim,Sim,4,Sim,4,5,2,0,Sim,Negativo,Sim,Moto,Sim,Não
Colisão,2007-11-17,04:30,Norte,"-25.387710, -49.252226",Chuva / Noite,Escorregadia,Não,Sim,Não,Não,1,Não,1,4,2,0,Não,Não realizado,Sim,Ônibus,Sim,Não
Colisão,2025-04-13,21:15,Norte,"-25.387518, -49.260586",Seco / Noite,Molhada,Sim,Não,Não,Não,1,Sim,5,3,3,0,Não,Não realizado,Sim,Bicicleta,Não,Não
Atropelamento,2023-10-22,04:00,Centro,"-25.417593, -49.260284",Chuva / Noite,Molhada,Sim,Não,Não,Não,1,Não,1,5,5,0,Sim,Positivo,Sim,Bicicleta,Não,Não
Atropelamento,2011-02-11,00:45,Leste,"-25.412702, -49.212160",Seco / Noite,Escorregadia,Sim,Sim,Sim,Sim,2,Não,1,4,4,0,Não,Não realizado,Sim,Moto,Não,Não
Atropelamento,2017-08-10,14:45,Centro,"-25.437751, -49.260519",Chuva / Dia,Seca,Sim,Sim,Não,Não,1,Sim,2,2,0,0,Sim,Negativo,Sim,Bicicleta,Não,Não
Atropelamento,2025-05-23,12:15,Oeste,"-25.424897, -49.325577",Chuva / Dia,Seca,Não,Não,Sim,Sim,4,Não,1,2,1,0,Não,Não realizado,Sim,Caminhão,Não,Não
Capotamento,2008-03-31,15:30,Norte,"-25.386045, -49.245891",Chuva / Dia,Molhada,Não,Sim,Sim,Não,1,Não,1,4,4,0,Não,Não realizado,Sim,Ônibus,Sim,Não
Colisão,2019-04-19,07:45,Centro,"-25.419177, -49.283883",Seco / Dia,Escorregadia,Sim,Sim,Não,Não,1,Sim,4,4,1,0,Não,Não realizado,Não,Bicicleta,Sim,Não
Colisão,2016-02-05,00:00,Oeste,"-25.417517, -49.308040",Seco / Noite,Escorregadia,Sim,Não,Sim,Sim,4,Não,1,2,1,0,Não,Não realizado,Sim,Moto,Sim,Não
Colisão,2010-04-24,21:30,Leste,"-25.416242, -49.216115",Chuva / Noite,Molhada,Sim,Sim,Não,Sim,4,Sim,4,3,2,0,Não,Não realizado,Sim,Bicicleta,Não,Não
Capotamento,2013-12-19,07:45,Sul,"-25.461825, -49.319844",Seco / Dia,Escorregadia,Não,Sim,Sim,Sim,4,Sim,5,2,1,0,Não,Não realizado,Sim,Bicicleta,Sim,Não
Colisão,2024-05-02,20:30,Leste,"-25.427271, -49.208985",Seco / Noite,Escorregadia,Sim,Sim,Sim,Não,1,Não,1,1,0,0,Não,Não realizado,Sim,Bicicleta,Sim,Não
Colisão,2022-06-14,04:00,Centro,"-25.415369, -49.287007",Chuva / Noite,Seca,Sim,Sim,Sim,Não,1,Não,1,1,0,0,Não,Não realizado,Sim,Caminhão,Não,Não
Queda de moto,2019-01-18,23:30,Leste,"-25.419914, -49.203245",Seco / Noite,Seca,Sim,Sim,Não,Sim,3,Sim,3,2,0,0,Não,Não realizado,Sim,Moto,Não,Sim
Queda de moto,2025-12-26,02:45,Norte,"-25.387040, -49.269641",Seco / Noite,Escorregadia,Não,Não,Não,Sim,2,Sim,3,3,0,0,Sim,Negativo,Sim,Ônibus,Sim,Não
Capotamento,2022-02-02,14:30,Oeste,"-25.413446, -49.316279",Chuva / Dia,Molhada,Não,Não,Não,Não,1,Não,1,1,0,0,Não,Não realizado,Não,Ônibus,Não,Sim
Colisão,2023-01-10,19:00,Norte,"-25.406370, -49.257335",Seco / Noite,Escorregadia,Sim,Sim,Sim,Não,1,Não,1,1,1,0,Não,Não realizado,Sim,Carro,Sim,Não
Colisão,2017-04-29,05:45,Sul,"-25.449527, -49.296428",Seco / Noite,Seca,Sim,Sim,Não,Não,1,Não,1,2,0,0,Não,Não realizado,Sim,Moto,Sim,Não
Colisão,2006-06-28,07:30,Norte,"-25.408920, -49.256378",Chuva / Dia,Seca,Não,Não,Sim,Sim,3,Sim,3,1,0,0,Não,Não realizado,Não,Caminhão,Sim,Não
Atropelamento,2018-09-05,04:15,Centro,"-25.429988, -49.264250",Seco / Noite,Molhada,Sim,Sim,Sim,Sim,3,Sim,4,4,3,0,Não,Não realizado,Não,Caminhão,Não,Não
Colisão,2020-09-16,15:15,Oeste,"-25.418967, -49.303897",Seco / Dia,Molhada,Não,Não,Sim,Não,1,Não,1,3,2,0,Não,Não realizado,Sim,Bicicleta,Não,Não
Atropelamento,2018-07-05,14:15,Oeste,"-25.438362, -49.314588",Seco / Dia,Molhada,Não,Não,Sim,Não,1,Não,1,4,0,0,Não,Não realizado,Sim,Caminhão,Sim,Não
Capotamento,2023-10-12,00:00,Oeste,"-25.412217, -49.329960",Seco / Noite,Escorregadia,Sim,Não,Não,Não,1,Sim,4,1,0,0,Não,Não realizado,Sim,Moto,Não,Não
Atropelamento,2006-07-02,22:00,Norte,"-25.383470, -49.256976",Chuva / Noite,Molhada,Sim,Não,Não,Sim,3,Sim,5,5,0,0,Não,Não realizado,Sim,Moto,Sim,Não
Colisão,2025-11-20,23:15,Leste,"-25.410629, -49.249841",Chuva / Noite,Escorregadia,Não,Não,Sim,Sim,2,Não,1,1,0,0,Sim,Positivo,Sim,Ônibus,Sim,Não
Queda de moto,2011-03-02,08:15,Centro,"-25.410763, -49.285866",Chuva / Dia,Molhada,Não,Sim,Sim,Não,1,Não,1,3,0,0,Não,Não realizado,Sim,Ônibus,Sim,Não
Atropelamento,2024-06-29,05:00,Oeste,"-25.435803, -49.338469",Seco / Noite,Molhada,Não,Não,Sim,Não,1,Não,1,4,0,0,Não,Não realizado,Sim,Moto,Sim,Não
Colisão,2005-05-08,13:30,Centro,"-25.429366, -49.286691",Seco / Dia,Molhada,Sim,Sim,Não,Não,1,Não,1,1,1,0,Não,Não realizado,Sim,Caminhão,Não,Não
Queda de moto,2020-01-26,22:45,Leste,"-25.431394, -49.236751",Seco / Noite,Escorregadia,Não,Sim,Sim,Não,1,Não,1,1,0,0,Sim,Negativo,Sim,Bicicleta,Não,Não
Atropelamento,2011-11-28,13:15,Oeste,"-25.438539, -49.317840",Seco / Dia,Escorregadia,Sim,Sim,Não,Sim,3,Não,1,2,0,0,Não,Não realizado,Sim,Caminhão,Não,Não
Colisão,2006-09-08,05:30,Norte,"-25.392398, -49.266705",Seco / Noite,Escorregadia,Sim,Sim,Não,Não,1,Não,1,1,1,0,Não,Não realizado,Sim,Carro,Não,Não
Capotamento,2022-08-02,09:15,Sul,"-25.452293, -49.297749",Seco / Dia,Seca,Não,Não,Sim,Sim,3,Não,1,2,0,0,Não,Não realizado,Sim,Carro,Não,Não
Colisão,2010-01-27,18:00,Oeste,"-25.415869, -49.325612",Seco / Dia,Molhada,Não,Sim,Sim,Sim,3,Não,1,3,3,0,Sim,Positivo,Sim,Ônibus,Sim,Não
Colisão,2008-01-23,22:15,Sul,"-25.474984, -49.303360",Seco / Noite,Seca,Sim,Não,Sim,Sim,2,Não,1,1,0,0,Não,Não realizado,Sim,Ônibus,Não,Não
Queda de moto,2011-12-16,11:00,Norte,"-25.396160, -49.246592",Chuva / Dia,Escorregadia,Sim,Sim,Sim,Não,1,Não,1,1,0,0,Não,Não realizado,Sim,Caminhão,Não,Não
Queda de moto,2007-07-01,21:00,Centro,"-25.421962, -49.286427",Chuva / Noite,Molhada,Sim,Sim,Não,Não,1,Não,1,2,0,0,Não,Não realizado,Sim,Moto,Sim,Sim
Atropelamento,2008-02-15,15:00,Centro,"-25.418113, -49.271958",Seco / Dia,Escorregadia,Não,Não,Não,Sim,2,Não,1,4,4,0,Não,Não realizado,Sim,Bicicleta,Sim,Não
Queda de moto,2023-10-23,04:45,Centro,"-25.433530, -49.285342",Chuva / Noite,Molhada,Sim,Sim,Não,Sim,2,Sim,2,1,1,0,Sim,Negativo,Sim,Bicicleta,Sim,Não
Queda de moto,2021-05-22,03:30,Oeste,"-25.430695, -49.319249",Seco / Noite,Escorregadia,Sim,Sim,Não,Não,1,Sim,3,1,0,0,Não,Não realizado,Sim,Bicicleta,Sim,Não
Colisão,2023-01-20,23:45,Centro,"-25.432044, -49.268313",Chuva / Noite,Seca,Sim,Sim,Sim,Não,1,Sim,2,1,1,0,Não,Não realizado,Sim,Ônibus,Sim,Não
Colisão,2020-07-22,15:30,Sul,"-25.450415, -49.306922",Chuva / Dia,Seca,Não,Não,Não,Não,1,Não,1,3,1,0,Não,Não realizado,Sim,Carro,Não,Não
Queda de moto,2015-03-20,00:00,Centro,"-25.438000, -49.276067",Seco / Noite,Seca,Sim,Sim,Não,Não,1,Não,1,1,1,1,Não,Não realizado,Sim,Ônibus,Sim,Não
Colisão,2009-01-18,20:15,Leste,"-25.430596, -49.203752",Seco / Noite,Seca,Não,Não,Não,Não,1,Sim,5,2,2,0,Não,Não realizado,Sim,Moto,Não,Não
Colisão,2012-10-11,22:45,Norte,"-25.405522, -49.264127",Seco / Noite,Escorregadia,Não,Sim,Sim,Não,1,Não,1,4,4,0,Não,Não realizado,Sim,Moto,Não,Não
Colisão,2022-11-06,09:15,Centro,"-25.411356, -49.275108",Seco / Dia,Escorregadia,Não,Não,Sim,Não,1,Sim,2,2,1,0,Não,Não realizado,Sim,Carro,Sim,Não
Colisão,2011-11-16,02:45,Centro,"-25.419924, -49.279669",Seco / Noite,Escorregadia,Não,Não,Não,Não,1,Sim,5,3,1,0,Não,Não realizado,Sim,Moto,Não,Não
Colisão,2022-09-04,04:30,Oeste,"-25.429265, -49.319576",Chuva / Noite,Molhada,Não,Não,Não,Não,1,Sim,5,3,0,0,Sim,Negativo,Não,Carro,Não,Não
Atropelamento,2008-09-20,16:00,Norte,"-25.395961, -49.266068",Seco / Dia,Molhada,Sim,Sim,Não,Não,1,Sim,4,2,1,0,Não,Não realizado,Não,Bicicleta,Não,Não
Atropelamento,2014-08-02,21:30,Norte,"-25.400640, -49.253981",Chuva / Noite,Seca,Não,Sim,Não,Não,1,Não,1,5,0,0,Não,Não realizado,Sim,Ônibus,Sim,Não
Capotamento,2018-03-16,04:00,Leste,"-25.425420, -49.204019",Seco / Noite,Molhada,Sim,Não,Não,Sim,3,Não,1,2,1,0,Não,Não realizado,Sim,Bicicleta,Sim,Não
Colisão,2009-12-14,03:00,Sul,"-25.442022, -49.291542",Seco / Noite,Seca,Sim,Sim,Não,Sim,4,Sim,4,3,1,0,Não,Não realizado,Sim,Caminhão,Sim,Não
Queda de moto,2020-07-16,08:15,Leste,"-25.437498, -49.226599",Chuva / Dia,Seca,Não,Sim,Sim,Sim,4,Não,1,2,0,0,Não,Não realizado,Sim,Bicicleta,Não,Não
Colisão,2012-02-15,01:30,Leste,"-25.413223, -49.208447",Seco / Noite,Molhada,Não,Não,Sim,Sim,4,Não,1,2,0,0,Não,Não realizado,Não,Carro,Não,Não
Colisão,2010-12-18,09:00,Centro,"-25.413868, -49.276215",Seco / Dia,Seca,Sim,Sim,Não,Sim,2,Sim,3,5,1,0,Sim,Negativo,Sim,Bicicleta,Não,Não
Colisão,2021-08-19,13:00,Sul,"-25.453129, -49.292104",Chuva / Dia,Seca,Sim,Sim,Não,Não,1,Sim,2,1,0,0,Não,Não realizado,Sim,Carro,Sim,Não
Colisão,2006-05-08,08:00,Sul,"-25.443807, -49.281778",Chuva / Dia,Seca,Sim,Não,Não,Não,1,Não,1,3,0,0,Não,Não realizado,Sim,Bicicleta,Não,Não
Colisão,2007-09-21,06:15,Oeste,"-25.410397, -49.309394",Seco / Dia,Molhada,Sim,Sim,Não,Não,1,Não,1,1,0,0,Não,Não realizado,Sim,Caminhão,Não,Não
Colisão,2008-06-14,10:00,Oeste,"-25.428083, -49.319136",Seco / Dia,Escorregadia,Sim,Não,Sim,Não,1,Sim,5,3,0,0,Sim,Positivo,Sim,Ônibus,Não,Não
Colisão,2014-04-27,12:30,Centro,"-25.424864, -49.268432",Seco / Dia,Escorregadia,Sim,Não,Sim,Não,1,Sim,4,1,0,0,Sim,Negativo,Sim,Moto,Sim,Não
Colisão,2007-03-04,07:30,Oeste,"-25.429757, -49.328112",Seco / Dia,Molhada,Sim,Não,Sim,Sim,3,Sim,2,1,1,0,Não,Não realizado,Não,Carro,Não,Não
Colisão,2015-11-13,18:00,Oeste,"-25.421232, -49.320891",Chuva / Dia,Molhada,Não,Não,Sim,Não,1,Não,1,1,1,0,Não,Não realizado,Não,Moto,Não,Não
Colisão,2007-05-20,05:00,Leste,"-25.435080, -49.240404",Seco / Noite,Molhada,Não,Sim,Sim,Sim,4,Sim,2,1,0,0,Sim,Negativo,Sim,Caminhão,Sim,Não
Queda de moto,2014-11-02,06:30,Oeste,"-25.424843, -49.333857",Seco / Dia,Escorregadia,Não,Sim,Sim,Sim,4,Não,1,3,0,0,Não,Não realizado,Sim,Caminhão,Não,Não
Atropelamento,2021-01-24,11:00,Norte,"-25.399133, -49.264120",Neblina / Dia,Seca,Sim,Sim,Não,Sim,4,Não,1,5,1,0,Não,Não realizado,Sim,Bicicleta,Sim,Não
Colisão,2018-06-01,13:30,Centro,"-25.420612, -49.281546",Seco / Dia,Escorregadia,Não,Não,Não,Sim,3,Não,1,3,2,0,Não,Não realizado,Sim,Bicicleta,Sim,Não
Colisão,2010-09-12,00:15,Sul,"-25.462793, -49.294900",Seco / Noite,Seca,Não,Sim,Sim,Não,1,Sim,5,1,1,0,Não,Não realizado,Sim,Moto,Não,Não
Capotamento,2023-03-10,18:15,Centro,"-25.431157, -49.262468",Seco / Dia,Molhada,Não,Sim,Não,Não,1,Não,1,3,2,0,Não,Não realizado,Não,Moto,Sim,Não
Colisão,2011-07-22,03:00,Sul,"-25.476718, -49.302859",Seco / Noite,Escorregadia,Sim,Não,Não,Sim,2,Não,1,2,0,0,Sim,Positivo,Sim,Caminhão,Sim,Não
Colisão,2013-10-24,10:30,Leste,"-25.435360, -49.234801",Seco / Dia,Seca,Sim,Não,Não,Sim,4,Não,1,3,0,0,Sim,Positivo,Sim,Bicicleta,Sim,Sim
Colisão,2016-08-15,05:15,Leste,"-25.416632, -49.216747",Neblina / Noite,Molhada,Sim,Não,Não,Sim,3,Não,1,1,1,0,Não,Não realizado,Sim,Carro,Não,Não
Colisão,2020-12-04,04:15,Leste,"-25.415965, -49.235303",Seco / Noite,Molhada,Sim,Não,Sim,Não,1,Sim,4,1,1,0,Sim,Positivo,Sim,Carro,Sim,Sim
Colisão,2008-04-29,22:00,Centro,"-25.417212, -49.269644",Seco / Noite,Molhada,Sim,Sim,Sim,Sim,4,Não,1,1,0,0,Não,Não realizado,Sim,Caminhão,Não,Não
Capotamento,2021-05-23,20:30,Oeste,"-25.412672, -49.317337",Seco / Noite,Escorregadia,Sim,Não,Não,Sim,4,Sim,3,4,3,0,Sim,Positivo,Sim,Moto,Não,Não
Colisão,2007-09-12,14:15,Oeste,"-25.435122, -49.312033",Seco / Dia,Seca,Não,Sim,Sim,Não,1,Não,1,3,0,0,Não,Não realizado,Sim,Carro,Não,Não
Colisão,2005-05-14,15:15,Norte,"-25.380905, -49.256668",Neblina / Dia,Escorregadia,Não,Sim,Não,Sim,4,Sim,5,3,0,0,Sim,Negativo,Sim,Caminhão,Sim,Não
Colisão,2010-01-11,02:15,Oeste,"-25.427772, -49.326022",Chuva / Noite,Escorregadia,Sim,Sim,Não,Sim,4,Não,1,2,1,0,Sim,Positivo,Não,Moto,Não,Não
Capotamento,2005-11-21,17:45,Centro,"-25.436897, -49.264637",Neblina / Dia,Seca,Sim,Sim,Não,Sim,3,Sim,2,1,1,0,Sim,Positivo,Sim,Caminhão,Sim,Não
Atropelamento,2009-07-25,14:00,Norte,"-25.402223, -49.287184",Seco / Dia,Escorregadia,Não,Não,Não,Não,1,Não,1,5,0,0,Não,Não realizado,Sim,Moto,Sim,Não