TIPO DE ACIDENTE,DATA,HORA,REGIÃO,COORDENADA GEOGRÁFICA,SITUAÇÃO CLIMÁTICA/LUMINOSIDADE,CONDIÇÕES DA SUPERFÍCIE DE ROLAMENTO,POSSUI SINALIZAÇÃO HORIZONTAL,POSSUI SINALIZAÇÃO VERTICAL,PRÓXIMO A EQUIPO ELETRÔNICO,HOUVE OUTROS VEÍCULOS ENVOLVIDOS,QUANTOS VEÍCULOS,HAVIA OUTROS OCUPANTES NO VEÍCULO,QUANTOS OCUPANTES,ENVOLVIDOS,FERIDOS,ÓBITOS,FOI REALIZADO O TESTE DE BAFÔMETRO,QUAL O RESULTADO,POSSUI HABILITAÇÃO,VEÍCULO TIPO,HOUVE DANOS AO PATRIMÔNIO PÚBLICO?,HOUVE DANOS AO MEIO AMBIENTE?
Atropelamento,2005-05-06,05:45,Norte,"-25.405644, -49.277159",Chuva / Noite,Seca,Sim,Sim,Sim,Sim,4,Não,1,3,0,0,Não,Não realizado,Sim,Bicicleta,Não,Não
Capotamento,2015-11-06,08:30,Centro,"-25.429070, -49.269994",Seco / Dia,Molhada,Não,Sim,Sim,Sim,4,Sim,4,2,2,0,Não,Não realizado,Sim,Ônibus,Não,Não
Colisão,2012-02-18,20:30,Oeste,"-25.428553, -49.303241",Chuva / Noite,Escorregadia,Sim,Sim,Sim,Sim,3,Sim,5,2,1,0,Não,Não realizado,Sim,Carro,Sim,Não
Colisão,2020-03-18,16:30,Sul,"-25.473938, -49.304846",Seco / Dia,Seca,Sim,Não,Sim,Não,1,Sim,4,2,1,0,Não,Não realizado,Não,Caminhão,Sim,Não
Atropelamento,2017-06-04,23:45,Sul,"-25.449244, -49.312347",Seco / Noite,Escorregadia,Sim,Não,Sim,Sim,4,Sim,2,5,0,0,Não,Não realizado,Sim,Moto,Sim,Não
Colisão,2017-05-03,17:30,Oeste,"-25.422218, -49.311626",Seco / Dia,Molhada,Não,Não,Sim,Não,1,Não,1,1,0,0,Não,Não realizado,Sim,Bicicleta,Não,Não
Atropelamento,2015-04-09,23:00,Norte,"-25.387811, -49.243817",Seco / Noite,Seca,Sim,Sim,Sim,Sim,3,Não,1,2,0,0,Não,Não realizado,Sim,Carro,Sim,Não
Colisão,2014-07-27,18:45,Sul,"-25.460024, -49.288199",Chuva / Dia,Seca,Não,Sim,Não,Não,1,Não,1,3,1,0,Não,Não realizado,Sim,Bicicleta,Não,Não
Atropelamento,2005-06-12,12:30,Centro,"-25.435067, -49.284373",Seco / Dia,Seca,Não,Não,Sim,Não,1,Sim,2,2,2,0,Sim,Positivo,Sim,Bicicleta,Sim,Não
Colisão,2017-11-28,20:45,Centro,"-25.412393, -49.282494",Seco / Noite,Escorregadia,Não,Sim,Não,Não,1,Não,1,1,1,0,Não,Não realizado,Sim,Moto,Sim,Não
Colisão,2013-06-23,16:00,Norte,"-25.402001, -49.240330",Chuva / Dia,Escorregadia,Sim,Não,Não,Sim,3,Sim,2,2,1,0,Não,Não realizado,Sim,Carro,Sim,Não
Queda de moto,2020-02-07,05:15,Oeste,"-25.436486, -49.339438",Seco / Noite,Molhada,Sim,Não,Sim,Não,1,Sim,3,1,1,0,Não,Não realizado,Sim,Carro,Não,Não
Colisão,2019-10-18,07:00,Oeste,"-25.434049, -49.330390",Chuva / Dia,Escorregadia,Não,Sim,Não,Sim,3,Não,1,2,2,0,Sim,Negativo,Sim,Moto,Sim,Não
Colisão,2010-09-29,19:30,Norte,"-25.409392, -49.289646",Seco / Noite,Escorregadia,Não,Não,Sim,Sim,2,Sim,4,4,2,0,Sim,Negativo,Não,Ônibus,Não,Não
Capotamento,2016-05-12,04:45,Oeste,"-25.413918, -49.324208",Seco / Noite,Molhada,Não,Não,Sim,Sim,4,Sim,3,2,0,0,Sim,Positivo,Sim,Carro,Sim,Não
Queda de moto,2006-03-16,07:15,Sul,"-25.452313, -49.319480",Seco / Dia,Escorregadia,Não,Sim,Sim,Sim,4,Sim,5,1,1,0,Sim,Positivo,Sim,Caminhão,Sim,Não
Queda de moto,2020-12-15,09:00,Centro,"-25.435287, -49.285546",Seco / Dia,Seca,Sim,Não,Sim,Sim,3,Sim,5,2,1,0,Não,Não realizado,Sim,Caminhão,Não,Não
Colisão,2020-02-13,08:15,Norte,"-25.401784, -49.244569",Chuva / Dia,Molhada,Sim,Não,Sim,Não,1,Sim,5,2,1,0,Não,Não realizado,Sim,Caminhão,Sim,Não
Colisão,2016-01-27,08:45,Oeste,"-25.427994, -49.302425",Seco / Dia,Seca,Não,Não,Não,Sim,4,Não,1,1,1,0,Não,Não realizado,Sim,Carro,Não,Não
Colisão,2015-09-26,06:45,Centro,"-25.414029, -49.270039",Chuva / Dia,Molhada,Não,Sim,Não,Não,1,Sim,4,1,0,0,Não,Não realizado,Não,Ônibus,Sim,Não
Capotamento,2013-06-14,03:45,Leste,"-25.436375, -49.230702",Seco / Noite,Escorregadia,Não,Sim,Não,Sim,4,Sim,3,2,1,0,Não,Não realizado,Sim,Caminhão,Sim,Não
Colisão,2005-12-24,18:15,Centro,"-25.416936, -49.267629",Seco / Dia,Molhada,Sim,Sim,Não,Não,1,Sim,2,3,3,0,Não,Não realizado,Sim,Caminhão,Sim,Não
Atropelamento,2013-12-09,16:45,Sul,"-25.468693, -49.311926",Seco / Dia,Seca,Não,Sim,Não,Sim,4,Sim,4,3,0,0,Não,Não realizado,Sim,Carro,Sim,Não
Colisão,2020-12-23,14:45,Sul,"-25.477737, -49.308924",Seco / Dia,Seca,Não,Sim,Não,Sim,2,Sim,3,1,0,0,Sim,Positivo,Sim,Bicicleta,Não,Não
Colisão,2024-04-05,00:00,Centro,"-25.428658, -49.267399",Seco / Noite,Molhada,Sim,Não,Não,Sim,2,Sim,4,4,0,0,Não,Não realizado,Não,Bicicleta,Não,Não
Queda de moto,2014-01-29,22:45,Norte,"-25.393931, -49.276821",Seco / Noite,Seca,Sim,Não,Sim,Não,1,Sim,2,1,1,0,Sim,Negativo,Sim,Bicicleta,Sim,Sim
Queda de moto,2013-06-04,23:30,Oeste,"-25.425594, -49.325832",Chuva / Noite,Molhada,Não,Não,Sim,Sim,2,Não,1,1,0,0,Não,Não realizado,Sim,Ônibus,Não,Não
Capotamento,2022-08-21,05:15,Sul,"-25.456814, -49.319004",Seco / Noite,Molhada,Sim,Sim,Não,Sim,3,Sim,3,1,1,0,Não,Não realizado,Sim,Bicicleta,Sim,Não
Colisão,2008-09-30,14:00,Norte,"-25.401126, -49.283105",Chuva / Dia,Seca,Sim,Sim,Sim,Sim,2,Não,1,2,1,0,Não,Não realizado,Não,Moto,Sim,Não
Colisão,2011-09-15,23:15,Sul,"-25.455584, -49.281650",Seco / Noite,Seca,Sim,Não,Não,Sim,3,Não,1,1,1,0,Não,Não realizado,Sim,Bicicleta,Não,Não
Atropelamento,2005-04-30,20:30,Leste,"-25.437164, -49.202370",Seco / Noite,Escorregadia,Sim,Sim,Sim,Não,1,Não,1,5,3,0,Não,Não realizado,Sim,Caminhão,Sim,Não
Capotamento,2019-06-04,11:00,Leste,"-25.425843, -49.201826",Seco / Dia,Molhada,Sim,Sim,Não,Sim,4,Não,1,1,1,0,Sim,Negativo,Sim,Carro,Não,Não
Capotamento,2007-05-07,06:30,Centro,"-25.420914, -49.275772",Seco / Dia,Escorregadia,Não,Não,Sim,Sim,2,Sim,4,3,2,0,Não,Não realizado,Sim,Ônibus,Não,Não
Colisão,2005-07-12,05:00,Oeste,"-25.420983, -49.323535",Seco / Noite,Seca,Sim,Sim,Sim,Não,1,Não,1,1,1,0,Sim,Positivo,Sim,Caminhão,Não,Não
Atropelamento,2018-12-19,12:00,Centro,"-25.432819, -49.282428",Chuva / Dia,Seca,Sim,Não,Não,Não,1,Sim,2,4,3,0,Não,Não realizado,Sim,Ônibus,Sim,Não
Colisão,2022-03-29,08:00,Oeste,"-25.436727, -49.301898",Chuva / Dia,Molhada,Não,Não,Não,Não,1,Não,1,5,5,0,Sim,Positivo,Sim,Caminhão,Sim,Não
Colisão,2020-04-27,18:30,Oeste,"-25.426790, -49.317310",Seco / Dia,Seca,Sim,Não,Sim,Não,1,Sim,3,2,2,0,Sim,Positivo,Sim,Ônibus,Sim,Não
Colisão,2012-03-13,10:30,Centro,"-25.411494, -49.264934",Seco / Dia,Escorregadia,Sim,Não,Não,Sim,4,Sim,4,3,2,0,Não,Não realizado,Sim,Carro,Sim,Não
Colisão,2022-10-25,01:30,Centro,"-25.421164, -49.265175",Seco / Noite,Molhada,Não,Não,Não,Sim,4,Não,1,1,1,0,Sim,Positivo,Sim,Moto,Sim,Não
Colisão,2024-02-24,21:45,Sul,"-25.449684, -49.294022",Seco / Noite,Seca,Sim,Sim,Sim,Não,1,Não,1,1,1,0,Não,Não realizado,Sim,Carro,Sim,Não
Queda de moto,2020-03-08,16:15,Oeste,"-25.430065, -49.305392",Chuva / Dia,Escorregadia,Não,Não,Não,Sim,4,Sim,4,2,2,0,Não,Não realizado,Sim,Ônibus,Sim,Não
Capotamento,2015-10-20,16:15,Sul,"-25.452732, -49.299029",Seco / Dia,Molhada,Sim,Sim,Sim,Não,1,Sim,2,1,1,0,Sim,Negativo,Sim,Ônibus,Não,Não
Colisão,2016-08-23,08:30,Leste,"-25.418601, -49.241862",Seco / Dia,Molhada,Sim,Sim,Não,Sim,3,Sim,4,1,0,0,Sim,Negativo,Sim,Carro,Sim,Não
Colisão,2013-01-18,21:00,Sul,"-25.444735, -49.297309",Seco / Noite,Molhada,Sim,Não,Não,Sim,2,Não,1,3,1,0,Não,Não realizado,Sim,Caminhão,Não,Não
Atropelamento,2017-11-20,13:45,Centro,"-25.439516, -49.262675",Seco / Dia,Seca,Sim,Sim,Não,Não,1,Sim,4,2,0,0,Não,Não realizado,Sim,Bicicleta,Sim,Não
Colisão,2019-05-04,22:45,Norte,"-25.406416, -49.248982",Chuva / Noite,Escorregadia,Sim,Sim,Não,Não,1,Sim,2,2,1,0,Sim,Negativo,Sim,Carro,Não,Não
Colisão,2010-10-18,21:30,Norte,"-25.403591, -49.254903",Seco / Noite,Molhada,Sim,Não,Não,Sim,4,Sim,2,1,1,0,Sim,Positivo,Sim,Carro,Sim,Não
Capotamento,2021-10-19,12:00,Norte,"-25.391355, -49.266453",Seco / Dia,Seca,Sim,Não,Sim,Sim,2,Sim,4,1,1,0,Não,Não realizado,Sim,Bicicleta,Sim,Sim
Capotamento,2010-10-08,15:45,Norte,"-25.401357, -49.276849",Seco / Dia,Seca,Não,Sim,Não,Não,1,Não,1,3,0,0,Não,Não realizado,Sim,Bicicleta,Sim,Não
Capotamento,2019-04-13,21:45,Sul,"-25.477553, -49.311529",Chuva / Noite,Escorregadia,Sim,Sim,Sim,Não,1,Não,1,1,1,0,Não,Não realizado,Sim,Carro,Sim,Sim
Colisão,2019-10-01,21:45,Centro,"-25.417123, -49.269772",Chuva / Noite,Seca,Não,Não,Não,Sim,4,Não,1,1,0,0,Não,Não realizado,Sim,Carro,Sim,Não
Capotamento,2021-10-21,21:30,Centro,"-25.424375, -49.277572",Seco / Noite,Molhada,Não,Não,Sim,Sim,4,Não,1,3,1,0,Não,Não realizado,Sim,Bicicleta,Não,Não
Queda de moto,2011-03-17,07:00,Norte,"-25.401337, -49.281322",Neblina / Dia,Seca,Sim,Sim,Sim,Sim,2,Sim,5,1,1,0,Não,Não realizado,Sim,Ônibus,Sim,Não
Colisão,2014-12-14,23:15,Centro,"-25.424873, -49.287084",Seco / Noite,Escorregadia,Sim,Não,Não,Sim,4,Sim,5,3,3,0,Sim,Positivo,Sim,Moto,Não,Não
Colisão,2006-02-17,09:30,Centro,"-25.411076, -49.271339",Seco / Dia,Escorregadia,Sim,Sim,Sim,Sim,4,Sim,2,4,0,0,Não,Não realizado,Sim,Bicicleta,Sim,Não
Queda de moto,2015-04-23,17:45,Sul,"-25.468343, -49.300267",Seco / Dia,Escorregadia,Não,Não,Não,Sim,2,Sim,2,1,1,0,Sim,Positivo,Sim,Caminhão,Não,Não
Queda de moto,2021-03-02,07:15,Sul,"-25.464679, -49.311671",Seco / Dia,Seca,Não,Sim,Sim,Sim,3,Sim,2,1,0,0,Não,Não realizado,Sim,Moto,Não,Não
Capotamento,2019-05-16,17:30,Oeste,"-25.431020, -49.314072",Seco / Dia,Escorregadia,Sim,Sim,Sim,Sim,2,Não,1,3,3,0,Não,Não realizado,Sim,Caminhão,Sim,Não
Colisão,2018-01-04,15:30,Oeste,"-25.428630, -49.318130",Seco / Dia,Seca,Sim,Não,Sim,Não,1,Não,1,2,2,0,Não,Não realizado,Sim,Ônibus,Não,Não
Colisão,2009-01-07,00:45,Centro,"-25.435886, -49.272296",Seco / Noite,Seca,Não,Sim,Sim,Não,1,Sim,4,1,1,0,Sim,Positivo,Sim,Bicicleta,Não,Não
Colisão,2014-10-08,17:15,Leste,"-25.412374, -49.242692",Neblina / Dia,Escorregadia,Não,Sim,Não,Não,1,Não,1,1,1,0,Não,Não realizado,Sim,Caminhão,Sim,Não
Capotamento,2016-10-17,15:45,Oeste,"-25.420227, -49.302796",Seco / Dia,Molhada,Não,Sim,Não,Sim,4,Não,1,1,0,0,Sim,Negativo,Sim,Caminhão,Sim,Não
Atropelamento,2009-09-14,23:30,Norte,"-25.391120, -49.260196",Seco / Noite,Seca,Não,Sim,Sim,Não,1,Não,1,2,0,0,Não,Não realizado,Sim,Ônibus,Sim,Não
Colisão,2024-03-28,09:30,Leste,"-25.438712, -49.240585",Seco / Dia,Seca,Não,Não,Sim,Sim,4,Não,1,1,1,0,Não,Não realizado,Sim,Bicicleta,Sim,Não
Colisão,2014-07-16,02:30,Centro,"-25.419164, -49.263649",Seco / Noite,Molhada,Sim,Não,Sim,Sim,4,Sim,5,2,0,0,Não,Não realizado,Sim,Carro,Sim,Sim
Queda de moto,2021-07-11,10:00,Oeste,"-25.428965, -49.322966",Seco / Dia,Molhada,Não,Não,Não,Sim,2,Sim,3,2,2,0,Não,Não realizado,Sim,Ônibus,Não,Não
Queda de moto,2012-04-18,00:15,Leste,"-25.415257, -49.214465",Seco / Noite,Molhada,Sim,Sim,Sim,Não,1,Não,1,2,2,0,Não,Não realizado,Sim,Carro,Sim,Não
Colisão,2024-11-01,09:15,Sul,"-25.475891, -49.301852",Chuva / Dia,Molhada,Sim,Não,Sim,Sim,2,Não,1,1,1,0,Não,Não realizado,Sim,Ônibus,Não,Não
Atropelamento,2021-06-16,15:30,Leste,"-25.411903, -49.224564",Seco / Dia,Escorregadia,Não,Sim,Sim,Sim,2,Não,1,3,3,0,Não,Não realizado,Sim,Moto,Não,Não
Colisão,2015-12-17,21:30,Centro,"-25.438787, -49.261984",Seco / Noite,Escorregadia,Não,Sim,Não,Não,1,Sim,3,3,0,0,Não,Não realizado,Sim,Carro,Sim,Não
Colisão,2025-09-29,13:30,Norte,"-25.387547, -49.289423",Chuva / Dia,Escorregadia,Sim,Não,Não,Sim,2,Sim,3,2,0,0,Não,Não realizado,Sim,Moto,Sim,Não
Colisão,2011-11-15,10:30,Oeste,"-25.437202, -49.316340",Chuva / Dia,Escorregadia,Sim,Sim,Não,Sim,3,Sim,4,3,0,0,Sim,Positivo,Sim,Bicicleta,Não,Não
Atropelamento,2017-08-31,12:00,Norte,"-25.380496, -49.279738",Chuva / Dia,Escorregadia,Sim,Sim,Sim,Não,1,Não,1,4,2,0,Sim,Positivo,Sim,Caminhão,Sim,Não
Colisão,2022-10-06,10:45,Leste,"-25.424366, -49.210664",Seco / Dia,Escorregadia,Não,Sim,Sim,Sim,3,Sim,3,3,2,0,Sim,Positivo,Sim,Ônibus,Não,Não
Colisão,2016-07-31,12:15,Centro,"-25.414778, -49.285094",Seco / Dia,Seca,Não,Sim,Sim,Não,1,Não,1,1,0,0,Não,Não realizado,Sim,Caminhão,Não,Não
Atropelamento,2006-12-30,07:45,Centro,"-25.420488, -49.271295",Seco / Dia,Seca,Sim,Não,Sim,Não,1,Sim,2,4,2,0,Não,Não realizado,Sim,Bicicleta,Não,Não
Atropelamento,2021-01-08,18:15,Norte,"-25.399143, -49.242355",Chuva / Dia,Seca,Não,Não,Sim,Não,1,Sim,4,3,2,0,Não,Não realizado,Não,Ônibus,Sim,Não
Capotamento,2022-06-04,19:30,Leste,"-25.435639, -49.228180",Seco / Noite,Seca,Sim,Sim,Sim,Sim,3,Não,1,1,0,0,Sim,Positivo,Sim,Ônibus,Sim,Não
Colisão,2010-09-24,20:30,Oeste,"-25.432474, -49.333365",Chuva / Noite,Molhada,Sim,Sim,Sim,Não,1,Não,1,3,1,0,Não,Não realizado,Sim,Bicicleta,Não,Não
Colisão,2013-06-24,22:15,Centro,"-25.432370, -49.265355",Seco / Noite,Escorregadia,Não,Sim,Sim,Não,1,Não,1,1,1,0,Não,Não realizado,Não,Carro,Sim,Não
Queda de moto,2013-06-17,23:00,Oeste,"-25.434575, -49.315337",Seco / Noite,Escorregadia,Sim,Não,Não,Sim,4,Não,1,3,1,0,Não,Não realizado,Sim,Caminhão,Não,Não
Atropelamento,2011-05-06,21:15,Leste,"-25.423226, -49.247093",Seco / Noite,Seca,Sim,Sim,Sim,Não,1,Sim,2,3,2,0,Não,Não realizado,Sim,Moto,Não,Não
Capotamento,2018-02-15,11:45,Norte,"-25.391171, -49.264844",Chuva / Dia,Molhada,Não,Não,Sim,Não,1,Sim,2,3,3,0,Não,Não realizado,Não,Caminhão,Não,Não
Capotamento,2017-04-08,08:30,Norte,"-25.381475, -49.253960",Chuva / Dia,Seca,Sim,Sim,Não,Não,1,Sim,3,1,1,0,Não,Não realizado,Sim,Moto,Sim,Não
Colisão,2021-05-06,17:00,Leste,"-25.415503, -49.234743",Seco / Dia,Escorregadia,Sim,Sim,Não,Não,1,Não,1,1,1,0,Sim,Negativo,Sim,Bicicleta,Não,Não
Queda de moto,2015-03-13,11:15,Centro,"-25.415083, -49.272443",Chuva / Dia,Escorregadia,Não,Sim,Sim,Sim,2,Não,1,2,1,0,Não,Não realizado,Não,Ônibus,Sim,Não
Atropelamento,2014-03-27,21:30,Norte,"-25.392055, -49.266499",Seco / Noite,Seca,Sim,Não,Não,Não,1,Sim,5,3,2,0,Não,Não realizado,Não,Ônibus,Sim,Não
Colisão,2011-08-09,02:00,Leste,"-25.436549, -49.246070",Seco / Noite,Molhada,Não,Sim,Não,Sim,2,Sim,4,2,0,0,Não,Não realizado,Sim,Moto,Não,Não
Queda de moto,2015-07-30,15:30,Centro,"-25.431405, -49.286186",Chuva / Dia,Molhada,Sim,Sim,Sim,Não,1,Não,1,5,4,0,Não,Não realizado,Sim,Ônibus,Não,Não
Colisão,2021-05-25,09:30,Norte,"-25.397406, -49.265178",Neblina / Dia,Escorregadia,Não,Sim,Não,Não,1,Não,1,2,1,0,Não,Não realizado,Sim,Ônibus,Não,Não
Colisão,2009-01-04,05:15,Oeste,"-25.433016, -49.316476",Chuva / Noite,Escorregadia,Não,Não,Não,Sim,4,Não,1,3,3,0,Sim,Negativo,Sim,Caminhão,Não,Não
Queda de moto,2015-08-05,15:30,Centro,"-25.433241, -49.264691",Seco / Dia,Escorregadia,Sim,Não,Não,Sim,4,Não,1,1,1,0,Não,Não realizado,Sim,Ônibus,Sim,Não
Capotamento,2018-08-03,15:30,Sul,"-25.455817, -49.291541",Chuva / Dia,Escorregadia,Não,Sim,Sim,Não,1,Não,1,1,0,0,Não,Não realizado,Sim,Bicicleta,Não,Não
Colisão,2016-05-26,08:45,Oeste,"-25.431018, -49.324270",Seco / Dia,Molhada,Não,Sim,Sim,Sim,4,Sim,4,2,2,0,Sim,Positivo,Sim,Bicicleta,Sim,Não
Atropelamento,2007-04-08,02:45,Centro,"-25.429264, -49.272899",Seco / Noite,Escorregadia,Não,Não,Não,Sim,3,Sim,2,4,3,0,Sim,Negativo,Sim,Caminhão,Sim,Não
Atropelamento,2014-11-08,08:30,Centro,"-25.424507, -49.284624",Chuva / Dia,Molhada,Não,Sim,Não,Sim,2,Não,1,5,3,0,Não,Não realizado,Sim,Caminhão,Não,Não
Colisão,2006-12-13,18:45,Norte,"-25.397416, -49.286256",Seco / Dia,Escorregadia,Sim,Não,Não,Não,1,Sim,2,1,0,0,Sim,Positivo,Sim,Moto,Sim,Não
Atropelamento,2015-09-15,10:00,Leste,"-25.411551, -49.208719",Seco / Dia,Seca,Sim,Sim,Sim,Não,1,Sim,3,4,3,0,Não,Não realizado,Sim,Moto,Não,Não
Capotamento,2012-04-21,23:30,Norte,"-25.406205, -49.245884",Chuva / Noite,Escorregadia,Não,Sim,Sim,Sim,3,Não,1,1,0,0,Não,Não realizado,Sim,Bicicleta,Sim,Sim
Colisão,2012-10-24,17:00,Norte,"-25.408604, -49.289427",Seco / Dia,Seca,Não,Sim,Sim,Sim,3,Sim,4,1,0,0,Não,Não realizado,Sim,Carro,Sim,Não
Colisão,2019-08-13,15:45,Norte,"-25.386132, -49.264148",Seco / Dia,Molhada,Não,Sim,Sim,Sim,4,Sim,5,1,1,0,Não,Não realizado,Sim,Caminhão,Não,Não
Colisão,2021-12-27,13:45,Norte,"-25.400248, -49.242977",Seco / Dia,Seca,Não,Sim,Sim,Sim,2,Sim,5,2,0,0,Sim,Negativo,Sim,Caminhão,Sim,Não
Colisão,2019-12-16,06:00,Sul,"-25.446413, -49.318109",Chuva / Dia,Escorregadia,Sim,Sim,Não,Sim,3,Não,1,2,1,0,Sim,Negativo,Sim,Moto,Não,Não
Queda de moto,2025-09-17,07:00,Norte,"-25.388795, -49.251350",Seco / Dia,Molhada,Não,Não,Não,Sim,2,Sim,5,1,0,0,Sim,Negativo,Sim,Ônibus,Não,Não
Colisão,2021-05-16,21:30,Norte,"-25.405126, -49.269201",Chuva / Noite,Seca,Não,Sim,Sim,Sim,2,Não,1,2,0,0,Sim,Positivo,Sim,Caminhão,Não,Não
Capotamento,2012-08-30,08:45,Norte,"-25.398155, -49.245961",Seco / Dia,Molhada,Não,Sim,Sim,Não,1,Sim,4,2,2,0,Sim,Positivo,Sim,Bicicleta,Não,Não
Colisão,2011-04-13,04:30,Oeste,"-25.415690, -49.321622",Seco / Noite,Escorregadia,Sim,Não,Não,Não,1,Sim,5,1,0,0,Não,Não realizado,Sim,Moto,Sim,Não
Colisão,2012-05-03,11:45,Norte,"-25.382743, -49.254686",Seco / Dia,Seca,Não,Sim,Não,Sim,2,Sim,2,1,1,0,Sim,Negativo,Sim,Bicicleta,Sim,Não
Colisão,2025-01-01,03:30,Centro,"-25.434186, -49.274055",Seco / Noite,Escorregadia,Sim,Não,Sim,Não,1,Não,1,3,0,0,Não,Não realizado,Sim,Caminhão,Sim,Não
Atropelamento,2005-08-13,01:30,Sul,"-25.452745, -49.294658",Seco / Noite,Escorregadia,Não,Não,Sim,Sim,4,Não,1,5,0,0,Sim,Positivo,Sim,Moto,Não,Não
Queda de moto,2006-02-06,16:15,Leste,"-25.419280, -49.230658",Seco / Dia,Escorregadia,Não,Não,Sim,Não,1,Sim,4,2,2,0,Não,Não realizado,Sim,Bicicleta,Não,Não
Colisão,2025-09-26,19:15,Oeste,"-25.436178, -49.312972",Seco / Noite,Molhada,Sim,Não,Não,Sim,3,Não,1,1,0,0,Não,Não realizado,Sim,Caminhão,Sim,Não
Capotamento,2022-12-15,09:45,Centro,"-25.427547, -49.282971",Seco / Dia,Molhada,Não,Sim,Não,Não,1,Não,1,2,1,0,Não,Não realizado,Sim,Ônibus,Não,Não
Capotamento,2010-12-31,15:15,Norte,"-25.386190, -49.269485",Chuva / Dia,Seca,Sim,Não,Sim,Sim,3,Sim,5,2,2,0,Sim,Positivo,Sim,Ônibus,Não,Não
Colisão,2024-02-16,10:45,Leste,"-25.431993, -49.235358",Seco / Dia,Molhada,Não,Não,Não,Sim,2,Sim,2,1,0,0,Não,Não realizado,Sim,Caminhão,Sim,Não
Atropelamento,2022-04-02,08:15,Centro,"-25.439717, -49.272447",Seco / Dia,Seca,Sim,Não,Não,Sim,3,Não,1,3,2,0,Não,Não realizado,Sim,Carro,Sim,Sim
Colisão,2006-12-12,05:15,Leste,"-25.432758, -49.239413",Seco / Noite,Molhada,Não,Não,Sim,Não,1,Não,1,1,0,0,Não,Não realizado,Sim,Caminhão,Não,Não
Queda de moto,2014-07-11,18:30,Sul,"-25.457277, -49.313972",Neblina / Dia,Molhada,Não,Sim,Não,Não,1,Sim,4,1,0,0,Não,Não realizado,Não,Carro,Não,Não
Colisão,2017-09-21,01:00,Leste,"-25.434435, -49.238052",Seco / Noite,Molhada,Não,Não,Não,Sim,3,Não,1,4,0,0,Sim,Positivo,Sim,Moto,Sim,Não
Colisão,2010-11-15,17:30,Oeste,"-25.417163, -49.329951",Seco / Dia,Seca,Não,Sim,Sim,Sim,2,Não,1,2,0,0,Não,Não realizado,Sim,Moto,Sim,Não
Queda de moto,2025-08-03,06:45,Norte,"-25.393805, -49.258901",Neblina / Dia,Escorregadia,Sim,Não,Sim,Sim,4,Não,1,2,2,0,Não,Não realizado,Sim,Bicicleta,Não,Não
Colisão,2007-10-14,00:15,Sul,"-25.467055, -49.287160",Chuva / Noite,Molhada,Não,Sim,Não,Sim,2,Não,1,1,1,1,Sim,Positivo,Sim,Ônibus,Não,Não
Atropelamento,2023-04-02,08:45,Sul,"-25.478210, -49.295958",Seco / Dia,Molhada,Não,Sim,Não,Não,1,Sim,2,5,3,0,Sim,Positivo,Sim,Moto,Não,Não
Capotamento,2019-10-30,23:45,Oeste,"-25.427401, -49.308649",Chuva / Noite,Molhada,Sim,Não,Não,Sim,4,Sim,3,2,1,0,Não,Não realizado,Sim,Moto,Não,Não
Capotamento,2010-04-23,10:15,Sul,"-25.441437, -49.283938",Seco / Dia,Escorregadia,Não,Sim,Não,Não,1,Não,1,5,0,0,Não,Não realizado,Não,Caminhão,Não,Sim
Atropelamento,2009-05-04,10:45,Centro,"-25.438860, -49.283708",Seco / Dia,Escorregadia,Sim,Não,Não,Não,1,Não,1,4,0,0,Não,Não realizado,Sim,Caminhão,Sim,Não
Colisão,2006-08-06,12:30,Oeste,"-25.413224, -49.305188",Seco / Dia,Escorregadia,Sim,Sim,Não,Sim,2,Sim,2,1,1,0,Não,Não realizado,Sim,Moto,Sim,Não
Capotamento,2011-11-03,18:15,Oeste,"-25.414963, -49.304334",Chuva / Dia,Seca,Sim,Não,Sim,Sim,2,Sim,5,3,3,0,Sim,Positivo,Sim,Bicicleta,Não,Não
Atropelamento,2012-07-04,03:15,Leste,"-25.421764, -49.200722",Chuva / Noite,Molhada,Sim,Não,Não,Não,1,Sim,4,5,3,0,Não,Não realizado,Sim,Ônibus,Sim,Não
Colisão,2021-07-16,07:45,Centro,"-25.439674, -49.266048",Seco / Dia,Molhada,Sim,Não,Sim,Sim,4,Sim,4,2,1,0,Sim,Negativo,Sim,Caminhão,Sim,Não
Colisão,2006-12-15,01:00,Centro,"-25.425540, -49.289011",Seco / Noite,Seca,Sim,Sim,Sim,Sim,4,Não,1,1,1,0,Não,Não realizado,Sim,Caminhão,Não,Sim
Colisão,2006-02-23,05:30,Oeste,"-25.421874, -49.338332",Seco / Noite,Seca,Não,Sim,Não,Sim,3,Sim,2,1,1,0,Não,Não realizado,Sim,Moto,Não,Não
Capotamento,2019-09-15,06:00,Norte,"-25.409247, -49.285854",Seco / Dia,Seca,Sim,Não,Sim,Sim,4,Não,1,1,1,0,Sim,Positivo,Sim,Ônibus,Sim,Não
Colisão,2010-07-07,13:15,Centro,"-25.431337, -49.287565",Seco / Dia,Seca,Não,Sim,Não,Sim,3,Sim,3,3,2,0,Não,Não realizado,Sim,Ônibus,Não,Não
Atropelamento,2009-03-25,00:45,Oeste,"-25.410747, -49.329437",Chuva / Noite,Seca,Sim,Sim,Não,Não,1,Não,1,2,1,0,Não,Não realizado,Sim,Ônibus,Sim,Não