TIPO DE ACIDENTE,DATA,HORA,REGIÃO,COORDENADA GEOGRÁFICA,SITUAÇÃO CLIMÁTICA/LUMINOSIDADE,CONDIÇÕES DA SUPERFÍCIE DE ROLAMENTO,POSSUI SINALIZAÇÃO HORIZONTAL,POSSUI SINALIZAÇÃO VERTICAL,PRÓXIMO A EQUIPO ELETRÔNICO,HOUVE OUTROS VEÍCULOS ENVOLVIDOS,QUANTOS VEÍCULOS,HAVIA OUTROS OCUPANTES NO VEÍCULO,QUANTOS OCUPANTES,ENVOLVIDOS,FERIDOS,ÓBITOS,FOI REALIZADO O TESTE DE BAFÔMETRO,QUAL O RESULTADO,POSSUI HABILITAÇÃO,VEÍCULO TIPO,HOUVE DANOS AO PATRIMÔNIO PÚBLICO?,HOUVE DANOS AO MEIO AMBIENTE?
Colisão,2017-09-07,11:30,Sul,"-25.440011, -49.310382",Seco / Dia,Seca,Não,Sim,Sim,Não,1,Sim,5,2,1,0,Não,Não realizado,Sim,Moto,Sim,Não
Queda de moto,2007-04-06,21:45,Sul,"-25.450546, -49.304065",Seco / Noite,Seca,Não,Sim,Sim,Sim,4,Não,1,1,0,0,Não,Não realizado,Sim,Ônibus,Sim,Não
Colisão,2016-02-05,17:00,Leste,"-25.431057, -49.228349",Chuva / Dia,Escorregadia,Não,Não,Sim,Sim,2,Não,1,1,1,0,Sim,Positivo,Sim,Caminhão,Sim,Não
Capotamento,2005-06-13,19:30,Sul,"-25.476529, -49.302849",Seco / Noite,Seca,Não,Não,Sim,Sim,4,Sim,2,5,5,0,Não,Não realizado,Sim,Ônibus,Sim,Não
Capotamento,2020-05-15,13:00,Sul,"-25.440949, -49.297751",Chuva / Dia,Escorregadia,Sim,Não,Não,Sim,4,Não,1,4,2,0,Não,Não realizado,Sim,Caminhão,Não,Não
Atropelamento,2018-12-21,09:00,Oeste,"-25.420628, -49.303167",Seco / Dia,Seca,Não,Sim,Não,Sim,3,Sim,3,2,1,0,Não,Não realizado,Sim,Carro,Não,Não
Colisão,2024-02-24,07:30,Norte,"-25.381554, -49.273044",Neblina / Dia,Seca,Sim,Sim,Sim,Sim,3,Sim,2,2,1,0,Não,Não realizado,Sim,Carro,Sim,Sim
Queda de moto,2021-08-27,11:30,Centro,"-25.420271, -49.266459",Seco / Dia,Escorregadia,Sim,Não,Sim,Não,1,Não,1,4,2,0,Sim,Negativo,Sim,Ônibus,Sim,Não
Colisão,2024-12-22,12:00,Norte,"-25.381226, -49.280052",Chuva / Dia,Escorregadia,Sim,Sim,Sim,Sim,2,Sim,4,3,3,0,Sim,Negativo,Sim,Moto,Não,Não
Colisão,2010-04-07,09:15,Sul,"-25.459083, -49.287771",Seco / Dia,Seca,Sim,Não,Sim,Sim,4,Não,1,3,1,0,Não,Não realizado,Sim,Ônibus,Sim,Não
Colisão,2015-03-25,13:45,Sul,"-25.476765, -49.290627",Chuva / Dia,Molhada,Sim,Não,Não,Sim,3,Sim,3,2,0,0,Não,Não realizado,Sim,Caminhão,Sim,Não
Colisão,2018-12-15,07:15,Sul,"-25.449620, -49.318740",Seco / Dia,Seca,Não,Sim,Sim,Sim,3,Não,1,1,0,0,Sim,Positivo,Não,Moto,Não,Não
Atropelamento,2020-02-24,10:00,Norte,"-25.403379, -49.285342",Seco / Dia,Molhada,Sim,Sim,Sim,Não,1,Não,1,5,0,0,Não,Não realizado,Não,Moto,Sim,Sim
Colisão,2015-01-04,23:15,Oeste,"-25.412463, -49.300498",Seco / Noite,Molhada,Não,Não,Não,Sim,3,Não,1,1,0,0,Não,Não realizado,Sim,Carro,Não,Não
Queda de moto,2008-07-21,13:30,Leste,"-25.437590, -49.218840",Seco / Dia,Molhada,Não,Sim,Não,Não,1,Não,1,2,0,0,Não,Não realizado,Sim,Carro,Sim,Não
Colisão,2019-04-15,11:45,Leste,"-25.430647, -49.219266",Seco / Dia,Molhada,Não,Sim,Não,Não,1,Sim,4,1,0,0,Sim,Positivo,Sim,Bicicleta,Não,Não
Capotamento,2022-06-16,21:15,Norte,"-25.390183, -49.265611",Seco / Noite,Seca,Sim,Não,Sim,Sim,2,Sim,3,2,0,0,Não,Não realizado,Sim,Carro,Não,Não
Colisão,2007-06-27,07:00,Leste,"-25.423056, -49.239904",Seco / Dia,Escorregadia,Não,Não,Sim,Sim,2,Não,1,5,5,0,Não,Não realizado,Não,Moto,Sim,Não
Colisão,2007-07-23,03:45,Centro,"-25.436249, -49.281976",Seco / Noite,Escorregadia,Sim,Não,Sim,Sim,4,Sim,5,5,4,0,Não,Não realizado,Não,Caminhão,Não,Não
Colisão,2006-03-07,09:00,Sul,"-25.457672, -49.300444",Chuva / Dia,Molhada,Sim,Sim,Não,Sim,3,Sim,5,1,0,0,Não,Não realizado,Sim,Bicicleta,Sim,Não
Atropelamento,2013-01-24,05:45,Oeste,"-25.423286, -49.337978",Seco / Noite,Seca,Sim,Sim,Sim,Sim,4,Sim,4,4,3,0,Sim,Negativo,Não,Caminhão,Não,Sim
Colisão,2005-11-28,10:15,Norte,"-25.381088, -49.285292",Seco / Dia,Seca,Não,Sim,Sim,Não,1,Sim,5,5,2,0,Sim,Positivo,Sim,Bicicleta,Sim,Sim
Colisão,2015-10-06,06:45,Centro,"-25.427074, -49.287280",Seco / Dia,Escorregadia,Sim,Não,Não,Não,1,Não,1,3,0,0,Não,Não realizado,Sim,Moto,Não,Não
Queda de moto,2006-10-20,06:30,Sul,"-25.445629, -49.309938",Seco / Dia,Escorregadia,Não,Sim,Não,Não,1,Não,1,2,0,0,Não,Não realizado,Sim,Carro,Sim,Não
Capotamento,2022-08-18,12:30,Norte,"-25.389151, -49.240600",Seco / Dia,Seca,Não,Não,Não,Sim,3,Não,1,1,1,0,Não,Não realizado,Sim,Ônibus,Não,Não
Colisão,2025-08-01,06:15,Norte,"-25.402196, -49.248282",Chuva / Dia,Escorregadia,Não,Não,Não,Não,1,Sim,5,3,0,0,Sim,Positivo,Sim,Bicicleta,Não,Não
Atropelamento,2009-09-08,13:45,Centro,"-25.435684, -49.264583",Neblina / Dia,Escorregadia,Não,Sim,Sim,Não,1,Não,1,3,3,0,Não,Não realizado,Sim,Caminhão,Sim,Não
Colisão,2022-06-10,06:00,Sul,"-25.466705, -49.281081",Seco / Dia,Escorregadia,Não,Não,Sim,Sim,2,Não,1,1,1,0,Não,Não realizado,Sim,Carro,Não,Não
Queda de moto,2006-02-27,21:45,Centro,"-25.431753, -49.267788",Chuva / Noite,Escorregadia,Não,Sim,Sim,Sim,3,Sim,4,1,1,0,Não,Não realizado,Sim,Ônibus,Sim,Não
Colisão,2012-07-27,13:30,Oeste,"-25.411614, -49.304922",Chuva / Dia,Seca,Sim,Não,Não,Não,1,Não,1,3,0,0,Não,Não realizado,Sim,Bicicleta,Não,Não
Colisão,2014-05-30,11:00,Oeste,"-25.414108, -49.314795",Chuva / Dia,Molhada,Não,Sim,Não,Não,1,Sim,5,2,2,0,Não,Não realizado,Sim,Bicicleta,Não,Não
Queda de moto,2019-07-13,08:30,Centro,"-25.423305, -49.264694",Chuva / Dia,Escorregadia,Sim,Sim,Sim,Não,1,Não,1,2,0,0,Não,Não realizado,Sim,Moto,Sim,Não
Atropelamento,2012-10-22,03:45,Norte,"-25.390850, -49.279307",Seco / Noite,Molhada,Sim,Não,Sim,Sim,3,Sim,4,4,4,0,Sim,Positivo,Sim,Moto,Não,Não
Queda de moto,2006-02-22,02:30,Sul,"-25.461961, -49.308160",Neblina / Noite,Molhada,Não,Sim,Sim,Não,1,Sim,4,2,0,0,Não,Não realizado,Sim,Ônibus,Não,Sim
Colisão,2022-04-27,01:15,Centro,"-25.433450, -49.263563",Seco / Noite,Molhada,Não,Sim,Não,Sim,4,Não,1,3,3,0,Não,Não realizado,Sim,Carro,Não,Não
Colisão,2022-02-18,14:15,Centro,"-25.411568, -49.260778",Seco / Dia,Escorregadia,Não,Sim,Sim,Não,1,Não,1,4,4,0,Não,Não realizado,Sim,Ônibus,Não,Não
Colisão,2006-12-17,04:00,Oeste,"-25.429862, -49.331667",Seco / Noite,Escorregadia,Sim,Sim,Sim,Sim,4,Não,1,1,0,0,Sim,Positivo,Sim,Ônibus,Não,Não
Atropelamento,2023-07-09,06:00,Norte,"-25.398227, -49.261306",Neblina / Dia,Escorregadia,Sim,Não,Não,Sim,3,Sim,4,5,5,0,Não,Não realizado,Sim,Caminhão,Não,Não
Colisão,2010-04-10,00:15,Leste,"-25.416666, -49.211065",Neblina / Noite,Molhada,Não,Sim,Sim,Sim,4,Sim,3,2,1,0,Não,Não realizado,Sim,Ônibus,Sim,Não
Capotamento,2021-08-17,13:15,Norte,"-25.405468, -49.246286",Neblina / Dia,Escorregadia,Não,Sim,Não,Sim,4,Não,1,4,2,0,Não,Não realizado,Sim,Carro,Não,Não
Atropelamento,2025-10-07,00:00,Centro,"-25.432925, -49.286205",Chuva / Noite,Molhada,Não,Sim,Não,Não,1,Não,1,2,2,0,Sim,Negativo,Sim,Moto,Sim,Não
Colisão,2010-10-19,06:30,Norte,"-25.396254, -49.274706",Seco / Dia,Seca,Não,Sim,Não,Sim,4,Sim,5,2,2,1,Não,Não realizado,Sim,Moto,Sim,Não
Atropelamento,2007-08-10,14:00,Norte,"-25.394554, -49.240554",Seco / Dia,Seca,Não,Não,Não,Não,1,Não,1,5,1,0,Sim,Negativo,Sim,Bicicleta,Sim,Não
Colisão,2011-03-19,14:15,Norte,"-25.407077, -49.259128",Seco / Dia,Escorregadia,Sim,Não,Não,Sim,4,Sim,5,1,0,0,Não,Não realizado,Sim,Ônibus,Não,Não
Queda de moto,2007-03-06,00:15,Oeste,"-25.435944, -49.321246",Seco / Noite,Molhada,Sim,Não,Sim,Não,1,Sim,2,3,2,0,Não,Não realizado,Sim,Bicicleta,Não,Não
Colisão,2024-03-19,05:30,Oeste,"-25.427011, -49.310640",Seco / Noite,Molhada,Sim,Não,Sim,Sim,2,Sim,5,3,0,0,Sim,Negativo,Sim,Bicicleta,Sim,Não
Colisão,2025-03-19,20:15,Leste,"-25.412102, -49.244296",Seco / Noite,Escorregadia,Sim,Sim,Não,Não,1,Não,1,2,1,0,Sim,Positivo,Sim,Carro,Sim,Não
Queda de moto,2025-07-16,06:00,Leste,"-25.425333, -49.247950",Neblina / Dia,Seca,Sim,Sim,Não,Sim,4,Não,1,2,1,0,Não,Não realizado,Sim,Bicicleta,Não,Não
Capotamento,2014-09-13,19:30,Oeste,"-25.430159, -49.339790",Seco / Noite,Molhada,Não,Sim,Sim,Não,1,Não,1,2,2,0,Não,Não realizado,Sim,Moto,Sim,Não
Atropelamento,2017-12-18,15:30,Oeste,"-25.421752, -49.334768",Seco / Dia,Seca,Sim,Não,Não,Não,1,Não,1,2,0,0,Não,Não realizado,Sim,Caminhão,Não,Não
Colisão,2011-10-30,04:15,Leste,"-25.435939, -49.231974",Chuva / Noite,Seca,Sim,Sim,Não,Sim,3,Não,1,2,0,0,Não,Não realizado,Sim,Moto,Sim,Não
Colisão,2020-01-25,04:00,Sul,"-25.448514, -49.308431",Chuva / Noite,Molhada,Não,Sim,Sim,Sim,4,Sim,2,1,1,0,Não,Não realizado,Sim,Moto,Sim,Não
Colisão,2008-02-13,16:00,Centro,"-25.436120, -49.273831",Seco / Dia,Seca,Sim,Sim,Não,Sim,2,Sim,2,3,3,0,Não,Não realizado,Sim,Ônibus,Não,Não
Atropelamento,2021-01-22,14:30,Oeste,"-25.423810, -49.322603",Seco / Dia,Molhada,Sim,Sim,Não,Sim,4,Não,1,4,4,0,Não,Não realizado,Não,Carro,Não,Não
Atropelamento,2013-11-20,04:15,Oeste,"-25.424128, -49.316391",Seco / Noite,Molhada,Não,Sim,Sim,Não,1,Sim,5,3,1,0,Não,Não realizado,Sim,Moto,Sim,Não
Queda de moto,2015-08-15,20:00,Leste,"-25.414654, -49.200714",Seco / Noite,Escorregadia,Não,Não,Não,Não,1,Não,1,3,3,0,Não,Não realizado,Sim,Carro,Não,Não
Queda de moto,2013-12-04,02:15,Sul,"-25.471595, -49.286223",Seco / Noite,Seca,Não,Não,Sim,Não,1,Não,1,2,1,0,Sim,Positivo,Sim,Caminhão,Sim,Não
Atropelamento,2011-11-08,04:45,Norte,"-25.390979, -49.251180",Seco / Noite,Seca,Sim,Não,Não,Sim,2,Sim,3,3,3,0,Não,Não realizado,Sim,Caminhão,Não,Não
Capotamento,2020-05-13,13:45,Sul,"-25.474697, -49.309823",Seco / Dia,Seca,Sim,Não,Não,Sim,2,Sim,3,3,3,0,Não,Não realizado,Sim,Ônibus,Não,Sim
Colisão,2015-01-19,13:45,Centro,"-25.410360, -49.284235",Chuva / Dia,Seca,Não,Não,Não,Sim,3,Não,1,2,0,0,Não,Não realizado,Sim,Moto,Não,Não
Colisão,2006-11-30,20:00,Norte,"-25.396427, -49.259193",Chuva / Noite,Molhada,Sim,Sim,Sim,Não,1,Não,1,5,0,0,Não,Não realizado,Sim,Moto,Não,Não
Capotamento,2016-07-18,11:30,Norte,"-25.408567, -49.272918",Seco / Dia,Escorregadia,Sim,Não,Sim,Sim,2,Sim,5,1,1,0,Sim,Negativo,Sim,Moto,Não,Não
Colisão,2009-02-23,03:45,Leste,"-25.438588, -49.217734",Chuva / Noite,Seca,Sim,Sim,Sim,Não,1,Sim,4,4,0,0,Não,Não realizado,Sim,Ônibus,Não,Não
Queda de moto,2024-02-08,21:00,Oeste,"-25.437750, -49.327140",Seco / Noite,Escorregadia,Não,Não,Sim,Sim,3,Não,1,1,0,0,Não,Não realizado,Não,Caminhão,Não,Não
Colisão,2015-02-11,04:45,Leste,"-25.410805, -49.217157",Chuva / Noite,Molhada,Sim,Não,Não,Não,1,Sim,2,1,0,0,Não,Não realizado,Não,Moto,Não,Não
Colisão,2009-08-23,08:30,Sul,"-25.449579, -49.283769",Seco / Dia,Molhada,Não,Não,Não,Sim,4,Sim,5,2,1,0,Não,Não realizado,Sim,Ônibus,Não,Não
Colisão,2010-09-23,01:00,Centro,"-25.438414, -49.289922",Chuva / Noite,Seca,Sim,Sim,Sim,Sim,4,Não,1,2,0,0,Sim,Negativo,Sim,Moto,Não,Não
Atropelamento,2017-09-14,03:30,Centro,"-25.421843, -49.263355",Seco / Noite,Molhada,Não,Sim,Não,Não,1,Sim,4,3,0,0,Não,Não realizado,Sim,Moto,Não,Não
Atropelamento,2021-10-25,03:45,Leste,"-25.415522, -49.206581",Seco / Noite,Seca,Sim,Sim,Sim,Sim,4,Não,1,3,3,1,Não,Não realizado,Sim,Ônibus,Sim,Não
Colisão,2017-06-24,09:15,Norte,"-25.393451, -49.283195",Seco / Dia,Escorregadia,Sim,Não,Não,Sim,3,Sim,5,1,1,0,Sim,Positivo,Sim,Moto,Não,Não
Colisão,2013-04-28,09:15,Sul,"-25.453043, -49.307090",Chuva / Dia,Seca,Sim,Sim,Não,Não,1,Sim,5,1,1,0,Não,Não realizado,Não,Ônibus,Sim,Não
Colisão,2016-11-08,18:30,Centro,"-25.439237, -49.267279",Seco / Dia,Seca,Não,Sim,Sim,Sim,3,Sim,5,1,0,0,Não,Não realizado,Sim,Carro,Não,Não
Colisão,2021-11-12,02:30,Leste,"-25.432378, -49.244666",Neblina / Noite,Seca,Não,Não,Sim,Sim,2,Não,1,1,1,0,Sim,Positivo,Sim,Caminhão,Não,Não
Colisão,2013-06-29,07:00,Sul,"-25.454650, -49.312899",Seco / Dia,Seca,Não,Não,Não,Sim,3,Não,1,1,0,0,Sim,Positivo,Sim,Bicicleta,Sim,Não
Colisão,2016-11-02,20:15,Sul,"-25.440853, -49.288250",Neblina / Noite,Molhada,Sim,Não,Sim,Não,1,Sim,5,2,0,0,Sim,Positivo,Sim,Carro,Sim,Não
Colisão,2011-05-11,14:00,Centro,"-25.421317, -49.284278",Chuva / Dia,Molhada,Sim,Sim,Sim,Não,1,Não,1,1,1,0,Não,Não realizado,Sim,Caminhão,Sim,Não
Colisão,2021-11-11,09:15,Leste,"-25.429251, -49.210332",Chuva / Dia,Escorregadia,Não,Não,Sim,Não,1,Sim,2,1,1,0,Sim,Positivo,Sim,Bicicleta,Não,Não
Colisão,2011-11-11,16:45,Leste,"-25.438632, -49.229300",Seco / Dia,Escorregadia,Sim,Não,Sim,Sim,4,Não,1,5,4,0,Não,Não realizado,Sim,Moto,Sim,Não
Atropelamento,2023-09-24,13:00,Centro,"-25.432820, -49.275633",Seco / Dia,Molhada,Não,Sim,Não,Não,1,Não,1,2,0,0,Não,Não realizado,Sim,Bicicleta,Não,Não
Colisão,2015-04-01,21:45,Centro,"-25.434135, -49.260220",Seco / Noite,Molhada,Não,Não,Não,Não,1,Sim,3,4,1,0,Não,Não realizado,Sim,Bicicleta,Não,Não
Colisão,2009-05-30,18:15,Oeste,"-25.434973, -49.334881",Neblina / Dia,Escorregadia,Sim,Sim,Não,Sim,2,Sim,4,1,0,0,Sim,Positivo,Sim,Caminhão,Sim,Não
Colisão,2024-04-18,13:15,Leste,"-25.423735, -49.209393",Seco / Dia,Molhada,Sim,Sim,Sim,Não,1,Sim,4,1,0,0,Não,Não realizado,Sim,Ônibus,Sim,Não
Colisão,2011-06-27,22:00,Norte,"-25.383148, -49.247335",Seco / Noite,Escorregadia,Sim,Não,Sim,Não,1,Não,1,3,0,0,Não,Não realizado,Sim,Ônibus,Não,Não
Queda de moto,2020-01-03,04:30,Oeste,"-25.418475, -49.316665",Chuva / Noite,Seca,Não,Sim,Não,Sim,4,Não,1,2,2,0,Sim,Negativo,Sim,Bicicleta,Sim,Não
Atropelamento,2023-12-03,12:15,Sul,"-25.459072, -49.306150",Seco / Dia,Seca,Sim,Não,Não,Não,1,Sim,3,4,0,0,Não,Não realizado,Sim,Ônibus,Não,Não
Colisão,2022-02-09,14:15,Norte,"-25.390132, -49.252277",Seco / Dia,Seca,Sim,Sim,Sim,Não,1,Sim,4,5,0,0,Sim,Positivo,Sim,Moto,Não,Não
Colisão,2010-07-24,04:00,Oeste,"-25.425157, -49.323846",Chuva / Noite,Molhada,Sim,Não,Sim,Sim,3,Não,1,1,0,0,Não,Não realizado,Sim,Caminhão,Não,Não
Queda de moto,2009-04-03,21:15,Centro,"-25.431009, -49.271571",Seco / Noite,Molhada,Não,Não,Não,Não,1,Sim,4,1,0,0,Não,Não realizado,Sim,Moto,Sim,Não
Queda de moto,2019-03-26,14:15,Centro,"-25.410164, -49.284878",Chuva / Dia,Seca,Sim,Sim,Sim,Não,1,Sim,3,1,1,0,Sim,Positivo,Sim,Moto,Não,Não
Colisão,2012-02-25,18:30,Norte,"-25.394493, -49.285300",Seco / Dia,Escorregadia,Não,Sim,Não,Sim,3,Sim,2,2,0,0,Sim,Negativo,Sim,Caminhão,Não,Não
Colisão,2005-02-14,22:30,Centro,"-25.425765, -49.265210",Seco / Noite,Molhada,Não,Sim,Sim,Não,1,Sim,5,1,0,0,Não,Não realizado,Sim,Caminhão,Não,Não
Atropelamento,2024-08-04,18:30,Oeste,"-25.421988, -49.331168",Seco / Dia,Molhada,Sim,Sim,Sim,Não,1,Sim,3,3,2,0,Não,Não realizado,Sim,Moto,Não,Não
Colisão,2014-07-08,21:00,Oeste,"-25.419172, -49.316589",Seco / Noite,Seca,Sim,Não,Não,Sim,3,Não,1,3,3,0,Não,Não realizado,Sim,Caminhão,Não,Não
Queda de moto,2009-11-20,23:30,Centro,"-25.413763, -49.285753",Seco / Noite,Molhada,Sim,Não,Não,Sim,2,Sim,5,1,1,0,Sim,Negativo,Sim,Bicicleta,Não,Não
Colisão,2024-03-21,06:30,Norte,"-25.385923, -49.261406",Seco / Dia,Molhada,Sim,Não,Não,Não,1,Sim,4,2,2,0,Sim,Positivo,Sim,Caminhão,Sim,Sim
Colisão,2010-08-25,22:45,Norte,"-25.403511, -49.281356",Seco / Noite,Molhada,Sim,Não,Sim,Sim,4,Sim,3,1,0,0,Não,Não realizado,Não,Moto,Sim,Não
Atropelamento,2012-08-08,22:30,Norte,"-25.395723, -49.263972",Seco / Noite,Escorregadia,Sim,Sim,Não,Não,1,Sim,2,5,0,0,Sim,Positivo,Sim,Bicicleta,Sim,Não
Capotamento,2005-06-23,13:00,Sul,"-25.454236, -49.300321",Seco / Dia,Molhada,Não,Não,Sim,Sim,3,Sim,2,1,1,0,Não,Não realizado,Sim,Ônibus,Sim,Não
Atropelamento,2009-10-25,22:15,Oeste,"-25.429974, -49.323937",Seco / Noite,Molhada,Sim,Sim,Sim,Sim,3,Sim,2,4,2,0,Sim,Negativo,Sim,Carro,Sim,Não
Queda de moto,2012-02-19,07:45,Sul,"-25.472789, -49.315148",Seco / Dia,Escorregadia,Sim,Sim,Sim,Sim,3,Sim,3,1,1,0,Não,Não realizado,Sim,Ônibus,Não,Não
Colisão,2018-10-17,17:30,Sul,"-25.459917, -49.290930",Chuva / Dia,Molhada,Sim,Sim,Não,Sim,3,Sim,5,2,1,0,Não,Não realizado,Sim,Caminhão,Não,Sim
Colisão,2006-02-02,21:30,Norte,"-25.385491, -49.276734",Seco / Noite,Seca,Não,Não,Não,Não,1,Sim,3,2,2,0,Não,Não realizado,Sim,Bicicleta,Sim,Não
Colisão,2015-07-18,14:30,Leste,"-25.432024, -49.235579",Chuva / Dia,Seca,Sim,Não,Não,Não,1,Sim,3,2,0,0,Não,Não realizado,Sim,Bicicleta,Sim,Não
Queda de moto,2020-03-08,10:45,Oeste,"-25.418837, -49.324912",Seco / Dia,Seca,Sim,Não,Sim,Não,1,Não,1,2,0,0,Não,Não realizado,Sim,Carro,Não,Não
Colisão,2017-04-07,23:15,Norte,"-25.393029, -49.247969",Seco / Noite,Seca,Sim,Sim,Não,Não,1,Não,1,2,0,0,Não,Não realizado,Sim,Ônibus,Não,Não
Queda de moto,2015-12-16,10:00,Centro,"-25.427562, -49.280112",Chuva / Dia,Escorregadia,Não,Sim,Sim,Sim,4,Não,1,3,3,0,Não,Não realizado,Sim,Caminhão,Não,Não
Atropelamento,2016-02-08,23:00,Leste,"-25.422271, -49.210863",Seco / Noite,Molhada,Não,Sim,Não,Não,1,Sim,2,5,0,0,Sim,Negativo,Sim,Ônibus,Sim,Não
Capotamento,2023-06-09,01:15,Sul,"-25.472730, -49.296199",Seco / Noite,Escorregadia,Sim,Sim,Sim,Sim,3,Não,1,2,0,0,Não,Não realizado,Sim,Carro,Não,Não
Colisão,2009-01-09,05:45,Centro,"-25.433369, -49.269304",Seco / Noite,Molhada,Sim,Não,Sim,Sim,4,Não,1,4,1,0,Não,Não realizado,Sim,Ônibus,Não,Sim
Colisão,2019-09-05,17:30,Centro,"-25.435571, -49.275720",Seco / Dia,Seca,Não,Sim,Sim,Não,1,Sim,2,1,1,0,Não,Não realizado,Sim,Ônibus,Sim,Não
Queda de moto,2007-03-19,10:00,Norte,"-25.408309, -49.273435",Chuva / Dia,Seca,Não,Sim,Sim,Sim,3,Não,1,1,0,0,Não,Não realizado,Sim,Carro,Sim,Não
Colisão,2012-07-02,15:45,Leste,"-25.422807, -49.216922",Seco / Dia,Escorregadia,Não,Não,Não,Sim,3,Sim,4,4,0,0,Não,Não realizado,Sim,Moto,Não,Não
Colisão,2022-09-07,06:30,Norte,"-25.403046, -49.243887",Seco / Dia,Molhada,Não,Não,Não,Não,1,Sim,4,2,1,0,Não,Não realizado,Sim,Ônibus,Não,Não
Capotamento,2011-12-04,14:15,Sul,"-25.474801, -49.290688",Seco / Dia,Escorregadia,Sim,Sim,Sim,Não,1,Não,1,2,2,0,Sim,Positivo,Sim,Moto,Não,Não
Queda de moto,2007-09-12,00:30,Oeste,"-25.425460, -49.311510",Seco / Noite,Seca,Não,Não,Não,Sim,2,Não,1,5,0,0,Sim,Negativo,Sim,Bicicleta,Não,Não
Colisão,2023-11-16,18:45,Oeste,"-25.415192, -49.310151",Chuva / Dia,Escorregadia,Não,Não,Não,Não,1,Sim,4,4,0,0,Não,Não realizado,Sim,Ônibus,Sim,Não
Colisão,2018-08-05,03:00,Leste,"-25.411667, -49.234249",Seco / Noite,Seca,Não,Não,Sim,Sim,2,Não,1,1,1,0,Sim,Negativo,Sim,Ônibus,Sim,Não
Colisão,2024-02-28,08:30,Sul,"-25.451399, -49.291831",Seco / Dia,Seca,Sim,Não,Sim,Não,1,Não,1,3,0,0,Não,Não realizado,Sim,Caminhão,Sim,Não
Atropelamento,2013-08-25,15:45,Oeste,"-25.431424, -49.320201",Seco / Dia,Escorregadia,Não,Sim,Não,Não,1,Não,1,2,2,0,Não,Não realizado,Sim,Carro,Não,Não
Colisão,2016-06-11,05:15,Oeste,"-25.425325, -49.338853",Chuva / Noite,Seca,Não,Sim,Não,Não,1,Não,1,2,2,0,Não,Não realizado,Sim,Bicicleta,Sim,Não
Colisão,2008-07-30,06:15,Leste,"-25.424455, -49.246141",Seco / Dia,Molhada,Não,Sim,Não,Não,1,Não,1,1,1,0,Sim,Positivo,Sim,Bicicleta,Não,Não
Atropelamento,2023-05-15,07:30,Norte,"-25.393981, -49.269994",Seco / Dia,Seca,Sim,Não,Não,Sim,4,Sim,3,5,0,0,Não,Não realizado,Sim,Bicicleta,Não,Não
Atropelamento,2023-07-25,20:45,Sul,"-25.450997, -49.286878",Seco / Noite,Molhada,Não,Não,Sim,Sim,4,Não,1,3,0,0,Não,Não realizado,Sim,Caminhão,Sim,Não
Atropelamento,2011-06-25,18:00,Centro,"-25.415941, -49.262637",Seco / Dia,Seca,Não,Sim,Sim,Sim,4,Sim,5,4,4,0,Sim,Negativo,Sim,Bicicleta,Sim,Não
Colisão,2020-04-23,23:30,Norte,"-25.382738, -49.258561",Seco / Noite,Seca,Não,Não,Não,Sim,3,Sim,2,4,2,0,Não,Não realizado,Sim,Bicicleta,Não,Não
Atropelamento,2014-06-08,02:45,Norte,"-25.392232, -49.275101",Chuva / Noite,Escorregadia,Sim,Sim,Não,Não,1,Sim,5,4,0,0,Não,Não realizado,Não,Ônibus,Sim,Não
Capotamento,2022-12-09,03:15,Centro,"-25.429920, -49.279843",Chuva / Noite,Molhada,Não,Não,Não,Sim,2,Não,1,2,0,0,Não,Não realizado,Sim,Carro,Não,Não
Colisão,2010-05-02,11:45,Centro,"-25.433714, -49.289841",Seco / Dia,Escorregadia,Sim,Não,Sim,Não,1,Sim,2,1,1,0,Não,Não realizado,Não,Bicicleta,Não,Não
Colisão,2012-10-25,23:15,Leste,"-25.411333, -49.245821",Chuva / Noite,Escorregadia,Não,Não,Sim,Sim,3,Não,1,2,2,0,Sim,Positivo,Sim,Carro,Não,Não
Capotamento,2008-12-30,14:15,Oeste,"-25.436765, -49.335822",Seco / Dia,Molhada,Sim,Não,Não,Não,1,Sim,4,2,2,0,Não,Não realizado,Sim,Carro,Não,Não
Queda de moto,2020-01-29,14:15,Norte,"-25.381959, -49.281042",Seco / Dia,Escorregadia,Não,Não,Sim,Sim,3,Sim,5,1,1,0,Não,Não realizado,Sim,Bicicleta,Sim,Não
Atropelamento,2025-08-19,09:15,Oeste,"-25.436319, -49.326273",Seco / Dia,Molhada,Sim,Não,Sim,Não,1,Sim,4,4,2,0,Não,Não realizado,Sim,Carro,Não,Não
Colisão,2005-02-13,16:15,Centro,"-25.435817, -49.284803",Seco / Dia,Seca,Não,Sim,Sim,Sim,3,Não,1,3,1,0,Não,Não realizado,Sim,Bicicleta,Não,Não
Colisão,2005-05-03,02:45,Leste,"-25.410888, -49.234301",Neblina / Noite,Molhada,Não,Sim,Não,Não,1,Sim,4,1,0,0,Sim,Positivo,Sim,Carro,Não,Não
Colisão,2013-08-05,23:30,Centro,"-25.425962, -49.282958",Chuva / Noite,Escorregadia,Sim,Não,Não,Sim,3,Não,1,1,1,0,Sim,Positivo,Sim,Carro,Sim,Não