TIPO DE ACIDENTE,DATA,HORA,REGIÃO,COORDENADA GEOGRÁFICA,SITUAÇÃO CLIMÁTICA/LUMINOSIDADE,CONDIÇÕES DA SUPERFÍCIE DE ROLAMENTO,POSSUI SINALIZAÇÃO HORIZONTAL,POSSUI SINALIZAÇÃO VERTICAL,PRÓXIMO A EQUIPO ELETRÔNICO,HOUVE OUTROS VEÍCULOS ENVOLVIDOS,QUANTOS VEÍCULOS,HAVIA OUTROS OCUPANTES NO VEÍCULO,QUANTOS OCUPANTES,ENVOLVIDOS,FERIDOS,ÓBITOS,FOI REALIZADO O TESTE DE BAFÔMETRO,QUAL O RESULTADO,POSSUI HABILITAÇÃO,VEÍCULO TIPO,HOUVE DANOS AO PATRIMÔNIO PÚBLICO?,HOUVE DANOS AO MEIO AMBIENTE?
Atropelamento,2008-05-12,22:30,Leste,"-25.425609, -49.226786",Seco / Noite,Seca,Sim,Não,Não,Sim,3,Não,1,4,4,0,Sim,Positivo,Sim,Ônibus,Sim,Não
Colisão,2016-04-12,06:00,Leste,"-25.422809, -49.235822",Seco / Dia,Escorregadia,Não,Sim,Não,Não,1,Não,1,1,1,0,Não,Não realizado,Sim,Carro,Não,Não
Colisão,2019-04-07,14:15,Leste,"-25.413884, -49.233028",Chuva / Dia,Escorregadia,Sim,Não,Sim,Sim,3,Não,1,1,0,0,Não,Não realizado,Sim,Moto,Não,Não
Queda de moto,2016-06-22,18:00,Leste,"-25.410993, -49.201083",Seco / Dia,Seca,Sim,Sim,Sim,Sim,2,Sim,3,2,0,0,Sim,Negativo,Não,Ônibus,Sim,Não
Colisão,2017-02-14,09:15,Norte,"-25.390886, -49.247587",Seco / Dia,Escorregadia,Não,Não,Não,Não,1,Não,1,1,0,0,Não,Não realizado,Sim,Ônibus,Não,Não
Atropelamento,2016-01-11,08:30,Leste,"-25.436672, -49.236462",Chuva / Dia,Seca,Sim,Sim,Sim,Sim,3,Sim,3,4,4,0,Não,Não realizado,Sim,Moto,Sim,Não
Capotamento,2019-04-19,13:30,Norte,"-25.384790, -49.247711",Seco / Dia,Molhada,Sim,Sim,Não,Não,1,Sim,2,1,1,0,Sim,Negativo,Sim,Carro,Não,Não
Colisão,2014-08-29,17:30,Centro,"-25.436393, -49.280683",Seco / Dia,Seca,Sim,Sim,Não,Não,1,Sim,5,4,1,0,Não,Não realizado,Sim,Ônibus,Não,Não
Colisão,2011-04-08,20:15,Norte,"-25.402172, -49.284236",Seco / Noite,Escorregadia,Não,Não,Sim,Sim,2,Sim,2,2,0,0,Não,Não realizado,Sim,Ônibus,Sim,Não
Colisão,2008-11-12,15:45,Centro,"-25.427663, -49.275710",Seco / Dia,Seca,Não,Sim,Sim,Sim,4,Não,1,2,1,0,Não,Não realizado,Sim,Ônibus,Não,Não
Colisão,2008-02-22,11:00,Leste,"-25.428597, -49.229224",Seco / Dia,Seca,Sim,Sim,Sim,Não,1,Sim,4,1,0,0,Não,Não realizado,Sim,Moto,Não,Não
Atropelamento,2011-07-09,21:00,Centro,"-25.428359, -49.288333",Seco / Noite,Molhada,Não,Sim,Não,Sim,4,Sim,4,5,4,0,Não,Não realizado,Não,Bicicleta,Sim,Não
Atropelamento,2025-11-19,11:00,Centro,"-25.436025, -49.283601",Chuva / Dia,Molhada,Sim,Não,Sim,Sim,2,Não,1,2,0,0,Não,Não realizado,Sim,Bicicleta,Não,Não
Atropelamento,2022-12-06,06:30,Oeste,"-25.432192, -49.305866",Chuva / Dia,Escorregadia,Não,Não,Não,Não,1,Sim,5,5,0,0,Não,Não realizado,Sim,Caminhão,Não,Não
Capotamento,2012-08-09,07:45,Centro,"-25.424658, -49.261900",Neblina / Dia,Escorregadia,Sim,Não,Não,Sim,4,Não,1,3,0,0,Não,Não realizado,Não,Moto,Sim,Não
Capotamento,2007-10-10,16:45,Sul,"-25.450249, -49.299634",Seco / Dia,Escorregadia,Não,Não,Sim,Sim,4,Não,1,2,0,0,Não,Não realizado,Sim,Carro,Não,Não
Atropelamento,2024-11-25,09:15,Sul,"-25.462461, -49.319366",Seco / Dia,Escorregadia,Não,Não,Não,Não,1,Sim,3,2,2,0,Não,Não realizado,Sim,Moto,Sim,Não
Colisão,2025-11-08,13:00,Centro,"-25.423620, -49.267363",Seco / Dia,Molhada,Sim,Não,Sim,Sim,3,Não,1,2,2,2,Não,Não realizado,Sim,Caminhão,Não,Não
Atropelamento,2023-03-13,22:00,Sul,"-25.473949, -49.310480",Seco / Noite,Molhada,Sim,Sim,Sim,Não,1,Sim,2,5,0,0,Não,Não realizado,Sim,Ônibus,Não,Não
Colisão,2010-06-04,15:00,Leste,"-25.428961, -49.229795",Seco / Dia,Seca,Não,Não,Sim,Sim,3,Sim,3,1,1,0,Não,Não realizado,Sim,Caminhão,Não,Não
Queda de moto,2017-07-29,01:45,Oeste,"-25.438630, -49.333626",Seco / Noite,Escorregadia,Sim,Sim,Sim,Sim,4,Não,1,2,1,0,Sim,Negativo,Sim,Carro,Sim,Não
Colisão,2022-12-27,07:45,Oeste,"-25.415632, -49.312963",Chuva / Dia,Molhada,Sim,Não,Sim,Sim,4,Sim,4,3,3,0,Não,Não realizado,Sim,Ônibus,Sim,Não
Atropelamento,2006-09-04,11:30,Sul,"-25.456878, -49.309860",Chuva / Dia,Molhada,Não,Sim,Não,Sim,3,Não,1,5,5,0,Sim,Negativo,Sim,Moto,Sim,Não
Atropelamento,2009-08-17,12:15,Oeste,"-25.410914, -49.324395",Seco / Dia,Escorregadia,Sim,Sim,Sim,Não,1,Sim,2,5,0,0,Não,Não realizado,Sim,Caminhão,Não,Sim
Colisão,2017-03-28,18:15,Leste,"-25.413136, -49.218610",Seco / Dia,Escorregadia,Não,Não,Não,Sim,4,Sim,4,2,1,0,Não,Não realizado,Sim,Carro,Sim,Não
Colisão,2014-09-20,19:00,Sul,"-25.443494, -49.302117",Seco / Noite,Escorregadia,Não,Não,Não,Sim,2,Sim,2,3,0,0,Não,Não realizado,Sim,Ônibus,Não,Não
Queda de moto,2024-11-26,17:00,Oeste,"-25.436132, -49.310536",Chuva / Dia,Escorregadia,Não,Sim,Não,Não,1,Não,1,1,1,0,Não,Não realizado,Sim,Moto,Sim,Não
Colisão,2006-04-23,10:00,Leste,"-25.420372, -49.239850",Neblina / Dia,Escorregadia,Sim,Não,Não,Sim,4,Sim,4,1,1,0,Não,Não realizado,Sim,Caminhão,Não,Não
Colisão,2009-03-16,04:45,Leste,"-25.427004, -49.249862",Chuva / Noite,Seca,Sim,Sim,Sim,Não,1,Não,1,4,0,0,Não,Não realizado,Sim,Ônibus,Não,Não
Colisão,2018-12-10,00:45,Sul,"-25.455154, -49.282079",Seco / Noite,Seca,Sim,Sim,Sim,Não,1,Não,1,3,0,0,Não,Não realizado,Sim,Ônibus,Sim,Não
Colisão,2020-03-30,10:30,Norte,"-25.395723, -49.263317",Seco / Dia,Escorregadia,Não,Não,Sim,Não,1,Sim,5,2,1,0,Sim,Negativo,Sim,Moto,Não,Não
Colisão,2021-07-13,20:15,Norte,"-25.394299, -49.268077",Seco / Noite,Molhada,Sim,Sim,Sim,Não,1,Não,1,1,1,0,Não,Não realizado,Sim,Ônibus,Sim,Não
Colisão,2010-09-10,12:00,Leste,"-25.438568, -49.229250",Seco / Dia,Molhada,Não,Não,Sim,Sim,2,Não,1,3,3,0,Não,Não realizado,Sim,Ônibus,Sim,Não
Atropelamento,2022-07-03,12:00,Sul,"-25.452476, -49.319850",Seco / Dia,Molhada,Sim,Sim,Não,Sim,2,Sim,3,3,0,0,Sim,Negativo,Sim,Ônibus,Não,Não
Capotamento,2006-11-28,02:15,Leste,"-25.410236, -49.216473",Chuva / Noite,Molhada,Não,Sim,Não,Sim,4,Sim,3,1,1,0,Não,Não realizado,Sim,Carro,Sim,Não
Colisão,2024-07-01,18:15,Centro,"-25.416595, -49.285370",Chuva / Dia,Escorregadia,Não,Sim,Não,Não,1,Sim,3,2,0,0,Não,Não realizado,Sim,Ônibus,Sim,Não
Colisão,2025-03-23,18:45,Oeste,"-25.412800, -49.308138",Seco / Dia,Seca,Não,Não,Não,Sim,3,Não,1,3,2,0,Não,Não realizado,Não,Bicicleta,Não,Não
Queda de moto,2011-08-17,17:45,Centro,"-25.433438, -49.272476",Seco / Dia,Seca,Não,Não,Não,Não,1,Sim,5,2,0,0,Sim,Positivo,Sim,Bicicleta,Sim,Não
Colisão,2023-05-14,22:30,Oeste,"-25.420900, -49.302789",Seco / Noite,Seca,Sim,Não,Sim,Não,1,Não,1,1,1,0,Não,Não realizado,Sim,Moto,Sim,Não
Atropelamento,2011-02-22,09:15,Oeste,"-25.429395, -49.332159",Chuva / Dia,Molhada,Não,Sim,Não,Não,1,Sim,4,3,1,0,Sim,Positivo,Sim,Moto,Não,Sim
Colisão,2018-08-27,04:45,Norte,"-25.402209, -49.241555",Seco / Noite,Molhada,Sim,Sim,Não,Não,1,Não,1,1,1,0,Não,Não realizado,Sim,Bicicleta,Sim,Não
Colisão,2015-04-23,18:30,Sul,"-25.440370, -49.281414",Chuva / Dia,Escorregadia,Não,Sim,Não,Sim,4,Não,1,1,1,0,Sim,Negativo,Sim,Moto,Sim,Não
Colisão,2008-08-05,10:15,Sul,"-25.440958, -49.314812",Seco / Dia,Escorregadia,Não,Sim,Sim,Não,1,Sim,5,1,1,0,Não,Não realizado,Não,Moto,Não,Não
Colisão,2022-04-22,01:15,Norte,"-25.391241, -49.272682",Chuva / Noite,Seca,Sim,Não,Sim,Não,1,Não,1,3,0,0,Não,Não realizado,Sim,Ônibus,Não,Não
Atropelamento,2021-08-11,22:00,Leste,"-25.437706, -49.242090",Seco / Noite,Molhada,Sim,Sim,Sim,Não,1,Sim,3,5,4,0,Sim,Negativo,Não,Ônibus,Não,Não
Colisão,2012-09-01,02:00,Leste,"-25.424663, -49.243031",Seco / Noite,Seca,Não,Não,Sim,Sim,2,Sim,3,1,0,0,Não,Não realizado,Sim,Carro,Sim,Não
Colisão,2023-09-12,01:30,Norte,"-25.389306, -49.277840",Seco / Noite,Molhada,Sim,Não,Não,Não,1,Não,1,3,2,0,Não,Não realizado,Sim,Moto,Sim,Não
Colisão,2022-12-01,09:00,Leste,"-25.422924, -49.234877",Chuva / Dia,Seca,Não,Não,Sim,Não,1,Sim,3,2,1,0,Não,Não realizado,Sim,Carro,Não,Não
Capotamento,2025-06-07,10:30,Norte,"-25.380609, -49.288935",Seco / Dia,Escorregadia,Não,Sim,Não,Sim,3,Sim,2,2,0,0,Não,Não realizado,Sim,Caminhão,Sim,Não
Colisão,2021-08-18,12:15,Oeste,"-25.439393, -49.311404",Chuva / Dia,Molhada,Sim,Sim,Não,Não,1,Não,1,1,0,0,Não,Não realizado,Sim,Moto,Sim,Não
Colisão,2013-04-22,00:15,Oeste,"-25.424195, -49.312289",Chuva / Noite,Molhada,Sim,Não,Não,Não,1,Sim,4,2,0,0,Sim,Positivo,Sim,Caminhão,Sim,Não
Queda de moto,2016-05-09,02:45,Centro,"-25.427015, -49.267875",Chuva / Noite,Escorregadia,Não,Sim,Não,Não,1,Sim,4,2,2,0,Não,Não realizado,Sim,Bicicleta,Não,Não
Colisão,2024-02-23,08:00,Leste,"-25.429440, -49.245561",Chuva / Dia,Molhada,Sim,Sim,Sim,Não,1,Sim,5,1,1,0,Sim,Negativo,Sim,Bicicleta,Sim,Não
Queda de moto,2006-12-09,08:15,Oeste,"-25.430688, -49.337525",Seco / Dia,Molhada,Não,Não,Não,Sim,3,Não,1,2,0,0,Sim,Negativo,Sim,Moto,Não,Não
Colisão,2023-10-08,16:45,Norte,"-25.401154, -49.281992",Neblina / Dia,Seca,Sim,Não,Sim,Não,1,Sim,3,3,3,0,Não,Não realizado,Sim,Bicicleta,Não,Não
Queda de moto,2016-07-07,13:15,Sul,"-25.460679, -49.317126",Chuva / Dia,Seca,Sim,Não,Não,Sim,2,Não,1,1,0,0,Não,Não realizado,Sim,Bicicleta,Não,Não
Atropelamento,2016-12-09,21:45,Centro,"-25.438963, -49.274702",Chuva / Noite,Seca,Sim,Sim,Não,Sim,3,Sim,3,4,3,0,Sim,Positivo,Sim,Moto,Sim,Não
Colisão,2011-05-16,00:30,Centro,"-25.410959, -49.260743",Chuva / Noite,Molhada,Não,Sim,Sim,Não,1,Não,1,3,0,0,Não,Não realizado,Sim,Moto,Não,Não
Colisão,2010-11-23,20:30,Centro,"-25.415488, -49.272485",Chuva / Noite,Escorregadia,Sim,Não,Não,Sim,4,Não,1,4,3,0,Não,Não realizado,Sim,Bicicleta,Sim,Não
Colisão,2025-10-26,14:00,Sul,"-25.474756, -49.295473",Chuva / Dia,Molhada,Sim,Não,Não,Sim,3,Não,1,2,1,0,Sim,Positivo,Sim,Caminhão,Não,Não
Colisão,2008-02-26,00:00,Norte,"-25.386449, -49.278234",Chuva / Noite,Escorregadia,Sim,Não,Não,Sim,2,Sim,5,1,1,0,Sim,Negativo,Sim,Moto,Sim,Não
Atropelamento,2011-08-26,07:45,Centro,"-25.430221, -49.274867",Seco / Dia,Seca,Não,Não,Sim,Sim,3,Sim,3,4,3,0,Sim,Negativo,Não,Carro,Sim,Não
Colisão,2012-10-24,10:45,Norte,"-25.406335, -49.253510",Seco / Dia,Escorregadia,Sim,Não,Não,Não,1,Não,1,1,1,0,Não,Não realizado,Sim,Ônibus,Sim,Não
Queda de moto,2007-09-22,13:30,Sul,"-25.446539, -49.315004",Chuva / Dia,Molhada,Sim,Sim,Sim,Não,1,Não,1,3,2,0,Não,Não realizado,Sim,Caminhão,Sim,Não
Colisão,2023-08-23,01:15,Norte,"-25.385585, -49.247255",Seco / Noite,Seca,Sim,Não,Sim,Sim,4,Sim,4,3,0,0,Não,Não realizado,Sim,Carro,Sim,Não
Colisão,2006-03-04,00:00,Sul,"-25.478893, -49.299721",Seco / Noite,Molhada,Sim,Não,Não,Não,1,Sim,2,4,0,0,Sim,Negativo,Sim,Carro,Não,Não
Colisão,2008-11-25,06:45,Centro,"-25.436646, -49.288885",Seco / Dia,Escorregadia,Sim,Não,Sim,Não,1,Sim,4,3,2,0,Não,Não realizado,Sim,Bicicleta,Sim,Não
Colisão,2021-07-16,17:30,Leste,"-25.429741, -49.241358",Seco / Dia,Escorregadia,Sim,Sim,Não,Sim,2,Sim,2,3,1,0,Não,Não realizado,Sim,Moto,Sim,Não
Colisão,2014-09-03,02:30,Oeste,"-25.429305, -49.333289",Chuva / Noite,Escorregadia,Sim,Sim,Sim,Sim,4,Sim,3,2,1,0,Não,Não realizado,Sim,Moto,Sim,Não
Colisão,2009-12-10,08:30,Centro,"-25.431791, -49.260448",Seco / Dia,Molhada,Sim,Não,Sim,Sim,3,Não,1,1,1,0,Sim,Negativo,Sim,Caminhão,Não,Não
Colisão,2007-02-14,06:45,Leste,"-25.427005, -49.245949",Chuva / Dia,Escorregadia,Não,Sim,Não,Sim,3,Não,1,2,1,0,Não,Não realizado,Sim,Ônibus,Não,Não
Colisão,2009-04-01,07:45,Norte,"-25.384481, -49.268650",Seco / Dia,Escorregadia,Sim,Sim,Não,Não,1,Não,1,1,1,0,Não,Não realizado,Sim,Carro,Sim,Não
Colisão,2023-09-17,12:30,Oeste,"-25.428669, -49.310914",Neblina / Dia,Escorregadia,Sim,Sim,Sim,Sim,2,Não,1,1,1,0,Sim,Negativo,Sim,Caminhão,Sim,Não
Colisão,2012-07-20,10:45,Oeste,"-25.434850, -49.315175",Neblina / Dia,Molhada,Não,Sim,Não,Não,1,Sim,4,1,1,1,Sim,Positivo,Sim,Carro,Sim,Não
Atropelamento,2022-02-25,02:45,Leste,"-25.414159, -49.201376",Seco / Noite,Molhada,Não,Não,Não,Sim,4,Não,1,3,2,0,Sim,Negativo,Sim,Moto,Sim,Não
Colisão,2024-06-19,16:15,Centro,"-25.410408, -49.268135",Chuva / Dia,Molhada,Sim,Sim,Não,Não,1,Sim,4,1,0,0,Sim,Positivo,Sim,Ônibus,Sim,Não
Queda de moto,2014-04-27,09:00,Centro,"-25.416582, -49.262642",Seco / Dia,Molhada,Não,Sim,Não,Não,1,Não,1,4,1,0,Sim,Negativo,Sim,Moto,Não,Não
Colisão,2008-01-17,17:30,Sul,"-25.453841, -49.310768",Chuva / Dia,Seca,Sim,Sim,Sim,Não,1,Não,1,1,1,0,Não,Não realizado,Sim,Bicicleta,Não,Não
Atropelamento,2012-05-26,03:00,Leste,"-25.419173, -49.217127",Chuva / Noite,Escorregadia,Não,Não,Não,Não,1,Não,1,3,2,0,Não,Não realizado,Sim,Moto,Sim,Sim
Colisão,2005-09-26,00:30,Oeste,"-25.425481, -49.320012",Seco / Noite,Molhada,Não,Sim,Sim,Sim,3,Sim,2,3,1,0,Não,Não realizado,Sim,Ônibus,Sim,Não
Queda de moto,2012-07-01,22:30,Centro,"-25.425766, -49.285408",Seco / Noite,Seca,Não,Não,Não,Não,1,Não,1,1,0,0,Sim,Positivo,Sim,Ônibus,Sim,Não
Atropelamento,2025-02-08,16:30,Norte,"-25.402128, -49.250829",Chuva / Dia,Molhada,Não,Não,Não,Sim,2,Não,1,3,1,0,Não,Não realizado,Sim,Moto,Sim,Não
Colisão,2025-11-02,05:30,Centro,"-25.433542, -49.263940",Seco / Noite,Molhada,Sim,Sim,Sim,Sim,4,Sim,2,1,0,0,Não,Não realizado,Sim,Bicicleta,Não,Não
Colisão,2014-11-20,14:15,Norte,"-25.384515, -49.282840",Seco / Dia,Molhada,Não,Não,Não,Não,1,Não,1,3,0,0,Não,Não realizado,Sim,Bicicleta,Sim,Não
Colisão,2020-10-22,04:00,Centro,"-25.411369, -49.260622",Chuva / Noite,Molhada,Sim,Não,Não,Sim,2,Sim,2,3,3,0,Não,Não realizado,Sim,Caminhão,Não,Não
Capotamento,2011-02-01,04:30,Norte,"-25.390924, -49.283143",Seco / Noite,Seca,Não,Não,Não,Sim,2,Sim,5,3,2,0,Não,Não realizado,Sim,Ônibus,Não,Não
Colisão,2005-10-06,09:45,Leste,"-25.418263, -49.211010",Seco / Dia,Molhada,Sim,Não,Sim,Não,1,Sim,2,1,1,0,Não,Não realizado,Sim,Bicicleta,Sim,Não
Colisão,2016-06-23,17:30,Leste,"-25.432715, -49.222881",Chuva / Dia,Escorregadia,Não,Sim,Sim,Não,1,Sim,3,1,1,0,Não,Não realizado,Sim,Moto,Não,Não
Atropelamento,2025-04-07,03:00,Sul,"-25.452521, -49.290568",Chuva / Noite,Escorregadia,Não,Sim,Sim,Sim,4,Não,1,3,0,0,Não,Não realizado,Sim,Bicicleta,Não,Não
Queda de moto,2010-06-25,12:30,Oeste,"-25.422671, -49.337627",Chuva / Dia,Escorregadia,Sim,Não,Sim,Não,1,Sim,4,1,1,0,Não,Não realizado,Sim,Caminhão,Não,Não
Queda de moto,2024-12-25,20:00,Sul,"-25.451473, -49.315827",Seco / Noite,Escorregadia,Não,Não,Não,Não,1,Sim,2,1,1,0,Não,Não realizado,Sim,Carro,Sim,Não
Colisão,2013-12-28,11:00,Sul,"-25.460243, -49.282362",Seco / Dia,Escorregadia,Sim,Não,Sim,Sim,2,Sim,3,3,0,0,Não,Não realizado,Sim,Carro,Não,Não
Colisão,2005-09-30,23:30,Centro,"-25.414214, -49.282677",Seco / Noite,Seca,Não,Sim,Não,Sim,3,Não,1,3,2,0,Sim,Positivo,Sim,Caminhão,Não,Não
Colisão,2024-02-19,01:15,Centro,"-25.410620, -49.262333",Chuva / Noite,Seca,Sim,Não,Não,Sim,2,Sim,2,1,1,0,Não,Não realizado,Sim,Caminhão,Não,Não
Queda de moto,2014-09-07,17:00,Oeste,"-25.427693, -49.317168",Chuva / Dia,Molhada,Não,Sim,Sim,Sim,3,Sim,2,1,1,0,Não,Não realizado,Sim,Carro,Não,Não
Colisão,2011-04-18,08:00,Norte,"-25.404321, -49.241993",Chuva / Dia,Molhada,Não,Sim,Não,Sim,3,Sim,2,2,0,0,Não,Não realizado,Sim,Moto,Não,Não
Capotamento,2010-05-25,11:15,Centro,"-25.410073, -49.280483",Seco / Dia,Molhada,Não,Não,Não,Sim,3,Sim,5,2,1,0,Não,Não realizado,Sim,Ônibus,Não,Não
Atropelamento,2016-05-21,21:15,Oeste,"-25.421947, -49.312680",Chuva / Noite,Molhada,Não,Sim,Sim,Não,1,Não,1,2,1,0,Não,Não realizado,Sim,Bicicleta,Não,Não
Colisão,2022-09-03,07:00,Sul,"-25.464185, -49.310608",Chuva / Dia,Molhada,Sim,Sim,Sim,Não,1,Não,1,2,1,0,Não,Não realizado,Não,Moto,Não,Não
Capotamento,2021-01-31,15:30,Oeste,"-25.410941, -49.310470",Chuva / Dia,Seca,Não,Sim,Sim,Não,1,Não,1,4,3,0,Não,Não realizado,Sim,Moto,Não,Não
Colisão,2019-11-03,00:00,Leste,"-25.418966, -49.213254",Chuva / Noite,Seca,Não,Não,Não,Não,1,Sim,4,2,1,0,Não,Não realizado,Sim,Ônibus,Sim,Não
Queda de moto,2018-05-17,06:15,Norte,"-25.385012, -49.270600",Seco / Dia,Molhada,Sim,Não,Não,Sim,2,Não,1,2,1,0,Sim,Negativo,Sim,Carro,Sim,Não
Atropelamento,2013-11-23,13:30,Norte,"-25.390982, -49.264761",Seco / Dia,Seca,Sim,Não,Sim,Sim,4,Sim,2,5,3,0,Não,Não realizado,Sim,Ônibus,Sim,Não
Colisão,2016-11-26,12:15,Centro,"-25.426432, -49.262963",Chuva / Dia,Escorregadia,Não,Sim,Não,Sim,2,Não,1,5,3,0,Não,Não realizado,Sim,Carro,Sim,Não
Colisão,2008-09-11,02:45,Centro,"-25.418239, -49.261949",Seco / Noite,Seca,Sim,Sim,Não,Sim,4,Sim,3,2,2,0,Sim,Positivo,Sim,Moto,Não,Não
Queda de moto,2013-10-27,11:00,Sul,"-25.453522, -49.299954",Neblina / Dia,Escorregadia,Sim,Não,Sim,Sim,2,Não,1,3,1,0,Não,Não realizado,Sim,Ônibus,Sim,Não
Colisão,2012-03-15,05:00,Centro,"-25.432573, -49.283628",Chuva / Noite,Molhada,Sim,Não,Sim,Não,1,Sim,4,1,0,0,Sim,Positivo,Sim,Ônibus,Não,Não
Atropelamento,2008-05-06,06:15,Centro,"-25.436324, -49.276751",Seco / Dia,Molhada,Não,Sim,Sim,Não,1,Não,1,2,1,0,Não,Não realizado,Sim,Bicicleta,Sim,Não
Colisão,2022-01-02,23:00,Leste,"-25.423049, -49.234495",Seco / Noite,Molhada,Não,Sim,Não,Não,1,Não,1,2,1,0,Sim,Negativo,Sim,Ônibus,Sim,Não
Colisão,2018-06-08,05:30,Centro,"-25.433111, -49.283668",Chuva / Noite,Seca,Não,Não,Sim,Sim,2,Não,1,1,1,0,Não,Não realizado,Sim,Caminhão,Sim,Não
Colisão,2007-11-06,01:30,Leste,"-25.422202, -49.230577",Chuva / Noite,Molhada,Não,Sim,Sim,Não,1,Não,1,1,1,0,Sim,Positivo,Sim,Carro,Não,Não
Colisão,2024-04-13,22:00,Centro,"-25.414275, -49.284694",Chuva / Noite,Molhada,Sim,Sim,Sim,Sim,4,Sim,3,3,1,0,Sim,Positivo,Sim,Carro,Sim,Não
Colisão,2012-05-04,09:00,Sul,"-25.443606, -49.295481",Chuva / Dia,Molhada,Não,Sim,Sim,Sim,3,Sim,3,2,2,0,Não,Não realizado,Sim,Caminhão,Sim,Não
Colisão,2024-12-23,06:15,Sul,"-25.467190, -49.306083",Seco / Dia,Seca,Sim,Não,Sim,Sim,3,Não,1,1,0,0,Não,Não realizado,Sim,Bicicleta,Sim,Não
Colisão,2025-10-21,00:45,Centro,"-25.437283, -49.274148",Seco / Noite,Molhada,Não,Não,Sim,Sim,4,Não,1,3,3,0,Não,Não realizado,Sim,Ônibus,Não,Não
Colisão,2014-08-15,17:00,Sul,"-25.447455, -49.299717",Seco / Dia,Seca,Sim,Sim,Não,Sim,4,Não,1,3,0,0,Não,Não realizado,Sim,Caminhão,Sim,Não
Capotamento,2022-08-29,21:45,Sul,"-25.450313, -49.303088",Neblina / Noite,Escorregadia,Não,Sim,Sim,Sim,2,Sim,3,2,0,0,Não,Não realizado,Sim,Moto,Não,Sim
Colisão,2013-06-05,02:15,Sul,"-25.477330, -49.301093",Seco / Noite,Escorregadia,Sim,Sim,Sim,Não,1,Não,1,1,1,0,Não,Não realizado,Sim,Ônibus,Sim,Não
Colisão,2024-08-16,11:15,Oeste,"-25.426615, -49.332749",Seco / Dia,Seca,Não,Sim,Sim,Sim,2,Não,1,2,1,0,Não,Não realizado,Sim,Carro,Sim,Não
Queda de moto,2016-11-11,15:15,Leste,"-25.412856, -49.240786",Chuva / Dia,Molhada,Não,Sim,Não,Sim,2,Não,1,1,1,0,Sim,Positivo,Sim,Moto,Não,Não
Colisão,2017-08-24,22:15,Sul,"-25.444864, -49.304774",Seco / Noite,Molhada,Sim,Não,Sim,Sim,4,Sim,5,3,2,0,Sim,Negativo,Sim,Ônibus,Não,Não
Queda de moto,2012-08-07,15:00,Sul,"-25.450896, -49.285900",Chuva / Dia,Seca,Sim,Sim,Sim,Sim,2,Não,1,2,1,0,Não,Não realizado,Sim,Carro,Sim,Não
Colisão,2023-09-28,20:15,Centro,"-25.437381, -49.288217",Chuva / Noite,Seca,Não,Sim,Não,Não,1,Sim,5,1,1,0,Não,Não realizado,Não,Bicicleta,Não,Não
Colisão,2025-12-17,04:45,Norte,"-25.394622, -49.267916",Neblina / Noite,Escorregadia,Sim,Não,Não,Não,1,Não,1,1,1,0,Sim,Negativo,Sim,Bicicleta,Não,Não
Capotamento,2023-02-12,11:45,Oeste,"-25.424759, -49.334931",Seco / Dia,Escorregadia,Sim,Não,Sim,Não,1,Não,1,2,0,0,Não,Não realizado,Sim,Carro,Não,Não
Colisão,2012-06-13,06:15,Oeste,"-25.439081, -49.316852",Neblina / Dia,Molhada,Sim,Não,Sim,Sim,4,Sim,4,1,0,0,Sim,Negativo,Sim,Bicicleta,Sim,Não
Queda de moto,2009-08-26,23:00,Leste,"-25.414788, -49.202986",Chuva / Noite,Molhada,Não,Não,Não,Não,1,Não,1,3,1,0,Sim,Negativo,Sim,Moto,Sim,Não
Atropelamento,2016-06-16,14:45,Leste,"-25.415988, -49.239734",Seco / Dia,Seca,Sim,Sim,Sim,Não,1,Sim,2,2,1,0,Não,Não realizado,Sim,Caminhão,Não,Não
Colisão,2018-07-27,11:00,Leste,"-25.434161, -49.235311",Chuva / Dia,Escorregadia,Não,Sim,Sim,Não,1,Sim,3,3,2,0,Não,Não realizado,Sim,Caminhão,Sim,Não
Queda de moto,2021-11-19,19:45,Sul,"-25.461223, -49.311468",Seco / Noite,Escorregadia,Sim,Sim,Não,Não,1,Não,1,1,1,0,Não,Não realizado,Sim,Ônibus,Não,Não
Colisão,2018-08-17,19:45,Norte,"-25.404225, -49.270206",Seco / Noite,Escorregadia,Não,Sim,Não,Sim,2,Não,1,3,0,0,Sim,Positivo,Sim,Ônibus,Não,Não
Atropelamento,2013-09-24,20:00,Centro,"-25.416443, -49.271605",Seco / Noite,Molhada,Não,Sim,Não,Não,1,Não,1,2,1,0,Sim,Negativo,Sim,Ônibus,Não,Não
Colisão,2018-02-27,05:00,Centro,"-25.433999, -49.271385",Seco / Noite,Molhada,Não,Não,Sim,Sim,3,Não,1,1,1,0,Não,Não realizado,Sim,Ônibus,Sim,Não
Queda de moto,2015-08-12,17:15,Oeste,"-25.437460, -49.329298",Neblina / Dia,Escorregadia,Não,Sim,Sim,Sim,2,Não,1,2,0,0,Sim,Positivo,Não,Bicicleta,Não,Não
Atropelamento,2012-12-22,05:30,Oeste,"-25.413090, -49.338688",Seco / Noite,Molhada,Sim,Não,Não,Sim,4,Sim,5,4,4,0,Sim,Positivo,Sim,Bicicleta,Sim,Não