TIPO DE ACIDENTE,DATA,HORA,REGIÃO,COORDENADA GEOGRÁFICA,SITUAÇÃO CLIMÁTICA/LUMINOSIDADE,CONDIÇÕES DA SUPERFÍCIE DE ROLAMENTO,POSSUI SINALIZAÇÃO HORIZONTAL,POSSUI SINALIZAÇÃO VERTICAL,PRÓXIMO A EQUIPO ELETRÔNICO,HOUVE OUTROS VEÍCULOS ENVOLVIDOS,QUANTOS VEÍCULOS,HAVIA OUTROS OCUPANTES NO VEÍCULO,QUANTOS OCUPANTES,ENVOLVIDOS,FERIDOS,ÓBITOS,FOI REALIZADO O TESTE DE BAFÔMETRO,QUAL O RESULTADO,POSSUI HABILITAÇÃO,VEÍCULO TIPO,HOUVE DANOS AO PATRIMÔNIO PÚBLICO?,HOUVE DANOS AO MEIO AMBIENTE?
Queda de moto,2005-06-24,16:00,Norte,"-25.385674, -49.271970",Seco / Dia,Escorregadia,Sim,Não,Sim,Não,1,Não,1,2,1,0,Não,Não realizado,Sim,Caminhão,Sim,Não
Atropelamento,2016-10-04,20:00,Oeste,"-25.421964, -49.311533",Chuva / Noite,Escorregadia,Sim,Não,Não,Sim,3,Não,1,5,5,0,Sim,Positivo,Sim,Bicicleta,Sim,Não
Atropelamento,2012-09-17,18:15,Leste,"-25.414340, -49.244149",Seco / Dia,Seca,Sim,Não,Sim,Não,1,Sim,3,2,1,0,Não,Não realizado,Sim,Caminhão,Sim,Não
Colisão,2015-03-16,15:00,Leste,"-25.416573, -49.224398",Chuva / Dia,Seca,Sim,Não,Sim,Sim,3,Sim,4,4,0,0,Não,Não realizado,Sim,Bicicleta,Não,Não
Colisão,2014-07-21,11:00,Oeste,"-25.429441, -49.319197",Chuva / Dia,Seca,Não,Não,Não,Não,1,Não,1,1,0,0,Sim,Positivo,Sim,Bicicleta,Sim,Não
Atropelamento,2009-09-20,11:30,Norte,"-25.382656, -49.255560",Chuva / Dia,Molhada,Sim,Sim,Sim,Sim,3,Não,1,5,5,0,Não,Não realizado,Sim,Caminhão,Sim,Não
Atropelamento,2014-10-28,14:30,Sul,"-25.476746, -49.317889",Seco / Dia,Molhada,Não,Não,Não,Sim,4,Sim,5,5,0,0,Não,Não realizado,Sim,Bicicleta,Não,Não
Atropelamento,2015-09-11,17:15,Sul,"-25.454869, -49.318440",Chuva / Dia,Molhada,Não,Não,Sim,Não,1,Não,1,3,0,0,Não,Não realizado,Sim,Ônibus,Não,Não
Atropelamento,2023-10-26,04:00,Sul,"-25.459745, -49.293599",Chuva / Noite,Seca,Sim,Sim,Sim,Não,1,Sim,2,5,4,0,Sim,Positivo,Sim,Ônibus,Não,Não
Colisão,2007-06-05,16:30,Centro,"-25.418872, -49.268853",Chuva / Dia,Molhada,Sim,Não,Sim,Não,1,Sim,3,2,2,0,Não,Não realizado,Não,Carro,Sim,Não
Atropelamento,2019-06-11,09:15,Oeste,"-25.439570, -49.324011",Chuva / Dia,Seca,Não,Sim,Não,Sim,3,Sim,2,5,3,0,Não,Não realizado,Sim,Moto,Sim,Não
Atropelamento,2011-04-09,19:15,Sul,"-25.478004, -49.303562",Chuva / Noite,Molhada,Sim,Sim,Sim,Sim,3,Sim,4,3,3,0,Não,Não realizado,Sim,Moto,Não,Não
Atropelamento,2014-09-29,01:45,Norte,"-25.406171, -49.261021",Chuva / Noite,Escorregadia,Sim,Sim,Sim,Não,1,Sim,3,2,1,0,Sim,Negativo,Sim,Carro,Sim,Não
Atropelamento,2019-01-19,23:15,Sul,"-25.464975, -49.302866",Neblina / Noite,Escorregadia,Não,Não,Não,Não,1,Não,1,4,2,0,Sim,Negativo,Sim,Moto,Não,Não
Colisão,2014-03-27,05:45,Oeste,"-25.419012, -49.325562",Seco / Noite,Escorregadia,Não,Não,Não,Não,1,Não,1,2,1,0,Não,Não realizado,Não,Ônibus,Sim,Não
Atropelamento,2007-04-24,15:30,Sul,"-25.468088, -49.313900",Seco / Dia,Escorregadia,Não,Sim,Sim,Não,1,Sim,5,4,4,0,Não,Não realizado,Sim,Caminhão,Não,Não
Queda de moto,2007-09-12,05:15,Centro,"-25.431842, -49.289639",Chuva / Noite,Molhada,Não,Não,Sim,Não,1,Não,1,3,3,0,Sim,Negativo,Sim,Moto,Não,Não
Queda de moto,2006-01-07,19:15,Sul,"-25.450747, -49.309929",Seco / Noite,Molhada,Não,Sim,Não,Sim,3,Não,1,1,1,0,Não,Não realizado,Sim,Moto,Não,Não
Atropelamento,2012-02-21,14:45,Oeste,"-25.431660, -49.325932",Seco / Dia,Escorregadia,Não,Não,Não,Não,1,Sim,4,5,2,0,Sim,Positivo,Não,Ônibus,Não,Sim
Colisão,2014-04-21,18:00,Centro,"-25.424625, -49.267573",Seco / Dia,Escorregadia,Sim,Sim,Não,Sim,3,Não,1,1,1,0,Sim,Negativo,Sim,Bicicleta,Sim,Não
Colisão,2024-10-10,13:30,Centro,"-25.434310, -49.280959",Neblina / Dia,Escorregadia,Sim,Não,Não,Sim,3,Não,1,1,1,0,Sim,Positivo,Sim,Ônibus,Não,Não
Colisão,2008-01-16,02:00,Norte,"-25.405232, -49.266326",Chuva / Noite,Escorregadia,Sim,Sim,Sim,Não,1,Sim,5,1,1,0,Sim,Positivo,Sim,Bicicleta,Não,Não
Colisão,2024-11-12,15:30,Norte,"-25.400156, -49.269964",Seco / Dia,Molhada,Sim,Sim,Sim,Sim,3,Não,1,5,1,0,Não,Não realizado,Sim,Ônibus,Não,Não
Capotamento,2009-12-22,23:00,Norte,"-25.381105, -49.256843",Chuva / Noite,Molhada,Sim,Sim,Não,Sim,2,Sim,4,4,2,0,Sim,Negativo,Sim,Carro,Não,Não
Queda de moto,2005-04-13,22:30,Centro,"-25.430114, -49.274642",Seco / Noite,Seca,Sim,Sim,Sim,Não,1,Sim,3,1,0,0,Não,Não realizado,Sim,Moto,Sim,Não
Colisão,2008-08-19,01:45,Sul,"-25.469197, -49.310062",Seco / Noite,Molhada,Não,Sim,Não,Não,1,Não,1,3,1,0,Não,Não realizado,Sim,Bicicleta,Não,Não
Colisão,2009-08-06,23:30,Leste,"-25.412242, -49.228493",Seco / Noite,Molhada,Não,Não,Sim,Não,1,Sim,4,3,2,1,Sim,Positivo,Sim,Carro,Sim,Não
Colisão,2016-04-02,09:00,Oeste,"-25.412150, -49.333447",Chuva / Dia,Molhada,Sim,Não,Sim,Sim,4,Não,1,1,1,0,Não,Não realizado,Sim,Moto,Sim,Não
Queda de moto,2017-07-16,17:30,Oeste,"-25.427292, -49.329862",Seco / Dia,Seca,Não,Sim,Não,Não,1,Sim,3,1,1,0,Sim,Negativo,Sim,Bicicleta,Sim,Não
Capotamento,2006-07-08,09:30,Sul,"-25.442646, -49.319840",Seco / Dia,Seca,Não,Sim,Sim,Sim,3,Sim,5,1,1,0,Não,Não realizado,Sim,Carro,Sim,Não
Colisão,2010-09-24,08:45,Oeste,"-25.436310, -49.316589",Chuva / Dia,Seca,Não,Sim,Não,Não,1,Sim,4,2,2,0,Sim,Negativo,Sim,Carro,Sim,Não
Colisão,2009-04-26,04:30,Sul,"-25.471893, -49.306333",Seco / Noite,Escorregadia,Sim,Não,Não,Sim,4,Não,1,1,1,0,Sim,Positivo,Sim,Carro,Não,Não
Capotamento,2015-01-20,23:45,Centro,"-25.421770, -49.260569",Seco / Noite,Escorregadia,Sim,Não,Não,Sim,2,Sim,4,3,0,0,Não,Não realizado,Sim,Moto,Não,Não
Queda de moto,2008-04-26,08:15,Sul,"-25.444806, -49.294280",Seco / Dia,Seca,Não,Sim,Sim,Não,1,Não,1,1,1,0,Sim,Positivo,Sim,Caminhão,Sim,Não
Atropelamento,2012-08-17,03:15,Oeste,"-25.415354, -49.317754",Seco / Noite,Escorregadia,Não,Sim,Não,Não,1,Sim,2,2,0,0,Não,Não realizado,Sim,Bicicleta,Sim,Não
Colisão,2017-01-27,20:15,Norte,"-25.407458, -49.269236",Chuva / Noite,Escorregadia,Sim,Sim,Não,Sim,4,Não,1,3,3,0,Sim,Negativo,Sim,Moto,Não,Não
Capotamento,2007-11-17,15:00,Norte,"-25.406627, -49.279153",Seco / Dia,Seca,Não,Sim,Sim,Não,1,Sim,2,1,0,0,Sim,Negativo,Sim,Bicicleta,Não,Não
Colisão,2019-10-25,14:00,Oeste,"-25.431968, -49.305396",Seco / Dia,Molhada,Sim,Sim,Não,Não,1,Sim,5,3,0,0,Não,Não realizado,Sim,Ônibus,Não,Não
Colisão,2012-06-26,14:30,Oeste,"-25.410768, -49.311285",Seco / Dia,Seca,Sim,Não,Não,Sim,2,Sim,4,1,1,0,Não,Não realizado,Sim,Caminhão,Sim,Não
Colisão,2012-04-07,00:00,Norte,"-25.399081, -49.284032",Seco / Noite,Escorregadia,Não,Sim,Não,Sim,3,Não,1,2,0,0,Não,Não realizado,Não,Ônibus,Não,Não
Queda de moto,2014-04-26,11:30,Leste,"-25.410283, -49.218214",Seco / Dia,Seca,Sim,Não,Não,Não,1,Sim,2,3,0,0,Não,Não realizado,Sim,Carro,Sim,Não
Colisão,2022-05-06,16:00,Oeste,"-25.439043, -49.308821",Seco / Dia,Escorregadia,Não,Não,Não,Sim,3,Sim,3,3,1,0,Sim,Negativo,Sim,Caminhão,Sim,Não
Colisão,2018-11-10,21:45,Oeste,"-25.434911, -49.317537",Chuva / Noite,Escorregadia,Não,Sim,Sim,Não,1,Sim,3,3,2,0,Sim,Negativo,Sim,Carro,Sim,Não
Colisão,2025-01-07,09:45,Oeste,"-25.417170, -49.307498",Chuva / Dia,Seca,Não,Sim,Sim,Não,1,Não,1,2,2,0,Não,Não realizado,Sim,Moto,Não,Não
Queda de moto,2015-04-03,15:45,Centro,"-25.412830, -49.286694",Seco / Dia,Molhada,Não,Não,Sim,Não,1,Sim,4,4,1,0,Sim,Negativo,Não,Carro,Sim,Não
Atropelamento,2007-10-24,02:15,Centro,"-25.431303, -49.281638",Chuva / Noite,Seca,Sim,Não,Sim,Sim,4,Sim,4,3,0,0,Sim,Positivo,Sim,Ônibus,Sim,Não
Colisão,2025-07-20,01:30,Norte,"-25.409325, -49.284099",Seco / Noite,Escorregadia,Não,Não,Sim,Não,1,Não,1,2,1,1,Não,Não realizado,Sim,Ônibus,Sim,Não
Colisão,2009-07-13,07:45,Oeste,"-25.421525, -49.310347",Seco / Dia,Molhada,Não,Sim,Não,Sim,2,Sim,3,2,0,0,Sim,Positivo,Sim,Ônibus,Não,Não
Colisão,2007-07-21,03:45,Centro,"-25.424092, -49.284656",Seco / Noite,Molhada,Sim,Sim,Sim,Sim,2,Não,1,2,0,0,Não,Não realizado,Sim,Carro,Sim,Não
Atropelamento,2007-08-16,04:30,Sul,"-25.447738, -49.315717",Chuva / Noite,Escorregadia,Sim,Não,Sim,Sim,3,Não,1,2,1,0,Não,Não realizado,Sim,Bicicleta,Sim,Não
Colisão,2016-09-26,16:00,Leste,"-25.423604, -49.229972",Seco / Dia,Seca,Sim,Não,Não,Não,1,Sim,5,1,1,0,Não,Não realizado,Não,Bicicleta,Não,Não
Colisão,2008-03-13,08:15,Sul,"-25.474974, -49.301058",Seco / Dia,Molhada,Sim,Sim,Não,Sim,2,Sim,3,3,0,0,Não,Não realizado,Sim,Caminhão,Sim,Não
Colisão,2007-03-26,01:15,Oeste,"-25.424374, -49.301339",Chuva / Noite,Molhada,Sim,Não,Sim,Não,1,Sim,3,2,2,0,Não,Não realizado,Sim,Moto,Sim,Não
Colisão,2009-06-20,17:45,Oeste,"-25.436869, -49.319945",Seco / Dia,Seca,Sim,Não,Não,Sim,4,Não,1,3,0,0,Não,Não realizado,Sim,Ônibus,Sim,Não
Colisão,2008-11-25,02:15,Centro,"-25.434492, -49.284266",Chuva / Noite,Escorregadia,Sim,Sim,Sim,Não,1,Não,1,1,1,0,Não,Não realizado,Sim,Moto,Sim,Não
Atropelamento,2020-03-21,04:15,Oeste,"-25.421693, -49.312745",Seco / Noite,Escorregadia,Sim,Não,Sim,Sim,4,Sim,5,4,3,0,Não,Não realizado,Sim,Ônibus,Não,Não
Queda de moto,2017-09-26,00:30,Leste,"-25.431898, -49.202376",Seco / Noite,Molhada,Não,Não,Sim,Não,1,Não,1,4,2,0,Não,Não realizado,Sim,Bicicleta,Sim,Não
Capotamento,2012-03-19,02:00,Norte,"-25.405561, -49.287955",Seco / Noite,Escorregadia,Não,Não,Sim,Não,1,Sim,4,1,1,1,Não,Não realizado,Sim,Carro,Sim,Não
Atropelamento,2019-09-24,17:30,Norte,"-25.381502, -49.280883",Chuva / Dia,Molhada,Sim,Sim,Sim,Não,1,Não,1,4,0,0,Não,Não realizado,Sim,Moto,Sim,Não
Colisão,2007-09-14,23:45,Sul,"-25.471535, -49.288243",Seco / Noite,Seca,Não,Sim,Sim,Não,1,Não,1,3,1,0,Não,Não realizado,Não,Bicicleta,Sim,Não
Queda de moto,2024-03-22,10:00,Oeste,"-25.439279, -49.301249",Seco / Dia,Molhada,Não,Sim,Não,Sim,2,Sim,3,3,3,0,Sim,Positivo,Sim,Bicicleta,Sim,Não
Queda de moto,2009-02-04,21:45,Oeste,"-25.411216, -49.327776",Neblina / Noite,Escorregadia,Não,Não,Não,Não,1,Não,1,5,1,0,Não,Não realizado,Sim,Moto,Sim,Não
Colisão,2006-07-01,17:45,Sul,"-25.453683, -49.292233",Seco / Dia,Seca,Não,Sim,Não,Não,1,Sim,4,2,0,0,Sim,Negativo,Sim,Moto,Não,Não
Atropelamento,2006-11-23,09:45,Norte,"-25.391429, -49.279108",Seco / Dia,Molhada,Sim,Não,Sim,Não,1,Sim,5,4,4,0,Não,Não realizado,Sim,Moto,Não,Não
Colisão,2014-03-20,18:00,Sul,"-25.474882, -49.296185",Chuva / Dia,Escorregadia,Não,Não,Não,Sim,4,Sim,2,1,1,0,Não,Não realizado,Sim,Moto,Não,Não
Colisão,2009-12-17,06:45,Oeste,"-25.435420, -49.304391",Seco / Dia,Escorregadia,Sim,Sim,Não,Sim,3,Sim,4,3,0,0,Não,Não realizado,Sim,Ônibus,Sim,Não
Queda de moto,2017-11-26,01:00,Sul,"-25.456018, -49.295925",Chuva / Noite,Molhada,Não,Sim,Sim,Sim,4,Sim,2,2,0,0,Sim,Positivo,Sim,Carro,Sim,Não
Colisão,2011-09-09,07:00,Sul,"-25.475775, -49.290246",Seco / Dia,Molhada,Sim,Sim,Sim,Sim,2,Não,1,2,1,0,Sim,Negativo,Sim,Caminhão,Não,Não
Atropelamento,2012-04-05,20:30,Norte,"-25.400247, -49.242692",Seco / Noite,Molhada,Não,Sim,Sim,Sim,2,Sim,2,3,2,0,Sim,Negativo,Sim,Ônibus,Sim,Não
Colisão,2019-11-19,17:30,Centro,"-25.439604, -49.261295",Seco / Dia,Escorregadia,Sim,Não,Não,Não,1,Sim,5,5,3,0,Não,Não realizado,Não,Caminhão,Sim,Não
Capotamento,2025-06-25,11:15,Sul,"-25.467956, -49.281011",Seco / Dia,Molhada,Não,Não,Não,Sim,4,Sim,2,2,0,0,Não,Não realizado,Sim,Carro,Não,Não
Atropelamento,2023-10-30,17:15,Oeste,"-25.432636, -49.301060",Seco / Dia,Escorregadia,Sim,Não,Não,Não,1,Sim,5,3,2,0,Sim,Negativo,Sim,Carro,Sim,Não
Colisão,2018-05-19,10:45,Sul,"-25.479494, -49.300329",Chuva / Dia,Molhada,Sim,Sim,Não,Sim,4,Sim,3,1,1,0,Sim,Negativo,Sim,Moto,Sim,Não
Capotamento,2008-10-07,21:00,Norte,"-25.403613, -49.262520",Seco / Noite,Escorregadia,Sim,Sim,Não,Não,1,Sim,4,3,0,0,Não,Não realizado,Sim,Bicicleta,Sim,Não
Queda de moto,2025-06-05,04:00,Oeste,"-25.433234, -49.327414",Seco / Noite,Molhada,Sim,Não,Não,Sim,2,Sim,4,1,1,0,Sim,Negativo,Sim,Caminhão,Sim,Não
Colisão,2022-06-07,01:30,Oeste,"-25.436074, -49.320959",Seco / Noite,Escorregadia,Sim,Sim,Não,Sim,4,Sim,4,2,0,0,Não,Não realizado,Sim,Ônibus,Sim,Não
Atropelamento,2006-06-17,07:15,Leste,"-25.413879, -49.231315",Seco / Dia,Escorregadia,Sim,Não,Sim,Não,1,Não,1,5,2,0,Não,Não realizado,Sim,Moto,Sim,Não
Colisão,2005-07-05,15:00,Leste,"-25.432538, -49.240923",Seco / Dia,Molhada,Sim,Sim,Sim,Não,1,Sim,2,1,1,0,Não,Não realizado,Sim,Carro,Não,Não
Colisão,2021-10-18,23:30,Sul,"-25.458750, -49.282127",Seco / Noite,Escorregadia,Sim,Não,Não,Sim,2,Sim,2,1,1,0,Sim,Negativo,Sim,Caminhão,Não,Sim
Colisão,2019-06-01,05:00,Leste,"-25.433759, -49.204002",Seco / Noite,Molhada,Não,Não,Sim,Sim,3,Sim,3,3,1,0,Sim,Positivo,Sim,Moto,Não,Não
Colisão,2013-08-20,06:15,Oeste,"-25.410503, -49.333048",Seco / Dia,Molhada,Não,Não,Sim,Sim,4,Não,1,1,0,0,Sim,Positivo,Sim,Caminhão,Sim,Não
Colisão,2007-07-08,21:00,Centro,"-25.422874, -49.266212",Seco / Noite,Escorregadia,Sim,Não,Não,Não,1,Sim,4,3,3,0,Sim,Positivo,Sim,Caminhão,Não,Não
Colisão,2009-06-22,00:15,Leste,"-25.420429, -49.222164",Seco / Noite,Molhada,Sim,Não,Sim,Sim,2,Sim,3,4,1,0,Sim,Positivo,Sim,Caminhão,Sim,Não
Capotamento,2015-11-13,00:45,Centro,"-25.419944, -49.271958",Seco / Noite,Seca,Não,Sim,Sim,Sim,4,Sim,4,1,1,0,Sim,Negativo,Sim,Carro,Não,Não
Queda de moto,2015-12-21,12:45,Oeste,"-25.426675, -49.323880",Chuva / Dia,Escorregadia,Sim,Não,Sim,Não,1,Sim,2,3,2,0,Sim,Positivo,Sim,Caminhão,Não,Não
Colisão,2010-09-18,18:30,Oeste,"-25.424228, -49.318197",Seco / Dia,Escorregadia,Não,Sim,Sim,Sim,3,Sim,5,1,1,0,Não,Não realizado,Sim,Ônibus,Não,Não
Queda de moto,2021-05-31,04:15,Sul,"-25.455463, -49.287325",Seco / Noite,Seca,Sim,Sim,Sim,Não,1,Não,1,5,2,0,Não,Não realizado,Sim,Carro,Não,Não
Colisão,2015-11-27,22:00,Norte,"-25.408434, -49.288051",Seco / Noite,Seca,Sim,Não,Não,Não,1,Não,1,1,0,0,Não,Não realizado,Sim,Bicicleta,Sim,Não
Capotamento,2007-03-13,08:30,Sul,"-25.440933, -49.280444",Chuva / Dia,Escorregadia,Sim,Sim,Não,Sim,2,Não,1,1,1,0,Sim,Negativo,Sim,Caminhão,Não,Não
Colisão,2018-06-13,07:45,Oeste,"-25.427451, -49.324502",Chuva / Dia,Escorregadia,Não,Sim,Não,Sim,3,Sim,3,1,0,0,Não,Não realizado,Sim,Caminhão,Sim,Não
Colisão,2009-06-12,11:45,Leste,"-25.429876, -49.215817",Seco / Dia,Molhada,Não,Não,Sim,Sim,2,Sim,2,2,2,0,Não,Não realizado,Sim,Moto,Não,Não
Atropelamento,2013-05-24,14:30,Centro,"-25.439080, -49.276368",Seco / Dia,Escorregadia,Sim,Não,Sim,Não,1,Não,1,5,0,0,Não,Não realizado,Sim,Moto,Não,Não
Atropelamento,2022-07-14,18:15,Leste,"-25.418166, -49.238461",Seco / Dia,Escorregadia,Não,Não,Sim,Não,1,Sim,3,3,0,0,Não,Não realizado,Sim,Bicicleta,Não,Não
Queda de moto,2012-02-21,18:00,Leste,"-25.420993, -49.209720",Chuva / Dia,Molhada,Não,Sim,Não,Não,1,Sim,4,1,1,0,Sim,Positivo,Sim,Bicicleta,Sim,Sim
Capotamento,2022-11-28,13:00,Centro,"-25.417160, -49.278268",Seco / Dia,Molhada,Sim,Não,Não,Sim,2,Sim,5,3,0,0,Não,Não realizado,Sim,Ônibus,Sim,Não
Queda de moto,2005-06-22,14:30,Sul,"-25.445043, -49.286788",Seco / Dia,Escorregadia,Não,Sim,Sim,Não,1,Não,1,1,0,0,Não,Não realizado,Sim,Bicicleta,Sim,Não
Colisão,2009-10-21,05:15,Centro,"-25.429818, -49.273316",Seco / Noite,Escorregadia,Não,Sim,Sim,Sim,4,Sim,2,3,0,0,Sim,Positivo,Sim,Caminhão,Sim,Não
Colisão,2013-08-09,13:00,Sul,"-25.453446, -49.310313",Chuva / Dia,Seca,Não,Sim,Não,Não,1,Sim,4,1,1,0,Não,Não realizado,Sim,Carro,Sim,Não
Queda de moto,2012-12-12,18:45,Centro,"-25.419709, -49.289943",Seco / Dia,Molhada,Não,Sim,Não,Não,1,Sim,4,2,1,1,Não,Não realizado,Sim,Caminhão,Não,Não
Colisão,2020-08-25,18:45,Centro,"-25.419017, -49.267149",Seco / Dia,Seca,Não,Sim,Não,Sim,4,Sim,2,4,2,0,Sim,Negativo,Não,Moto,Não,Não
Colisão,2022-07-27,06:30,Leste,"-25.432134, -49.243360",Chuva / Dia,Seca,Não,Não,Sim,Não,1,Sim,3,1,1,0,Não,Não realizado,Sim,Carro,Sim,Não
Colisão,2023-08-09,19:30,Norte,"-25.393923, -49.280303",Chuva / Noite,Molhada,Sim,Sim,Não,Sim,2,Não,1,2,1,0,Não,Não realizado,Sim,Moto,Sim,Não
Colisão,2017-01-25,23:30,Sul,"-25.464814, -49.300249",Chuva / Noite,Molhada,Não,Sim,Não,Sim,2,Não,1,1,1,0,Sim,Negativo,Sim,Ônibus,Não,Não
Queda de moto,2011-12-17,21:45,Norte,"-25.409378, -49.242071",Seco / Noite,Escorregadia,Sim,Não,Sim,Sim,3,Não,1,1,1,0,Não,Não realizado,Sim,Moto,Não,Não
Queda de moto,2016-08-02,14:45,Norte,"-25.403812, -49.246819",Seco / Dia,Seca,Não,Não,Não,Sim,4,Sim,2,3,2,0,Sim,Negativo,Sim,Moto,Sim,Não
Colisão,2010-12-01,06:30,Sul,"-25.478554, -49.294959",Seco / Dia,Seca,Sim,Não,Não,Não,1,Não,1,3,0,0,Não,Não realizado,Sim,Moto,Não,Não
Atropelamento,2017-07-28,12:15,Norte,"-25.389517, -49.254661",Seco / Dia,Seca,Não,Não,Não,Sim,2,Não,1,4,0,0,Não,Não realizado,Sim,Caminhão,Sim,Não
Atropelamento,2012-01-13,12:45,Sul,"-25.445257, -49.295114",Chuva / Dia,Molhada,Não,Sim,Não,Sim,2,Não,1,5,5,0,Não,Não realizado,Sim,Ônibus,Não,Não
Colisão,2014-05-02,00:45,Norte,"-25.387957, -49.284828",Neblina / Noite,Escorregadia,Não,Não,Não,Não,1,Sim,5,1,1,0,Sim,Negativo,Não,Moto,Não,Não
Colisão,2016-04-12,10:45,Leste,"-25.433120, -49.202989",Seco / Dia,Seca,Não,Sim,Sim,Sim,3,Sim,3,5,0,0,Não,Não realizado,Sim,Caminhão,Sim,Não
Colisão,2008-01-04,11:45,Leste,"-25.411086, -49.204441",Seco / Dia,Seca,Sim,Sim,Sim,Sim,2,Não,1,2,1,0,Sim,Negativo,Sim,Moto,Não,Não
Colisão,2011-10-26,22:45,Sul,"-25.461317, -49.284000",Seco / Noite,Seca,Não,Não,Sim,Sim,3,Sim,3,2,0,0,Não,Não realizado,Sim,Carro,Sim,Não
Colisão,2024-04-06,05:30,Oeste,"-25.411677, -49.305205",Seco / Noite,Escorregadia,Sim,Não,Sim,Sim,2,Sim,2,1,0,0,Não,Não realizado,Não,Caminhão,Sim,Não
Atropelamento,2021-12-03,18:00,Leste,"-25.437472, -49.213424",Chuva / Dia,Escorregadia,Sim,Não,Não,Sim,4,Não,1,5,3,0,Não,Não realizado,Não,Carro,Sim,Não
Queda de moto,2009-08-06,06:00,Norte,"-25.385017, -49.285708",Seco / Dia,Seca,Sim,Sim,Sim,Não,1,Sim,2,1,0,0,Não,Não realizado,Sim,Ônibus,Sim,Não
Colisão,2024-09-10,14:00,Centro,"-25.417870, -49.264105",Seco / Dia,Escorregadia,Sim,Não,Não,Sim,4,Não,1,2,1,0,Sim,Positivo,Não,Bicicleta,Sim,Não
Colisão,2011-06-22,16:00,Oeste,"-25.418841, -49.300160",Neblina / Dia,Seca,Não,Não,Não,Sim,4,Sim,2,4,4,0,Sim,Negativo,Sim,Carro,Não,Não
Atropelamento,2017-12-11,16:30,Leste,"-25.422534, -49.217889",Chuva / Dia,Molhada,Sim,Sim,Sim,Sim,3,Sim,4,2,1,0,Sim,Negativo,Sim,Carro,Sim,Não
Atropelamento,2009-02-05,17:00,Leste,"-25.412248, -49.218776",Seco / Dia,Molhada,Não,Sim,Não,Sim,4,Não,1,4,2,0,Não,Não realizado,Sim,Moto,Sim,Não
Colisão,2021-12-19,08:00,Centro,"-25.421501, -49.264125",Seco / Dia,Escorregadia,Sim,Sim,Não,Não,1,Sim,2,4,0,0,Não,Não realizado,Sim,Caminhão,Sim,Não
Colisão,2008-09-24,21:15,Centro,"-25.411270, -49.279798",Seco / Noite,Seca,Não,Não,Não,Não,1,Sim,2,2,2,0,Sim,Positivo,Sim,Carro,Sim,Não
Colisão,2005-06-03,02:00,Oeste,"-25.439550, -49.333598",Seco / Noite,Molhada,Não,Não,Não,Não,1,Sim,2,1,1,0,Não,Não realizado,Sim,Caminhão,Sim,Não
Atropelamento,2024-02-14,22:45,Leste,"-25.433051, -49.222569",Seco / Noite,Seca,Sim,Não,Sim,Não,1,Não,1,2,2,0,Não,Não realizado,Sim,Ônibus,Não,Não
Queda de moto,2020-11-25,23:15,Oeste,"-25.434088, -49.310258",Chuva / Noite,Molhada,Não,Sim,Não,Sim,4,Não,1,1,1,0,Não,Não realizado,Sim,Carro,Não,Não
Colisão,2021-08-12,01:15,Leste,"-25.411219, -49.219234",Seco / Noite,Molhada,Sim,Não,Não,Não,1,Não,1,2,0,0,Não,Não realizado,Sim,Ônibus,Não,Não
Colisão,2016-02-29,19:30,Norte,"-25.387912, -49.263978",Seco / Noite,Escorregadia,Sim,Não,Não,Não,1,Não,1,1,1,0,Sim,Positivo,Sim,Bicicleta,Não,Não
Capotamento,2005-11-17,03:45,Oeste,"-25.417700, -49.307659",Seco / Noite,Molhada,Sim,Sim,Sim,Sim,3,Sim,5,1,1,0,Sim,Negativo,Sim,Bicicleta,Não,Não
Queda de moto,2005-07-12,13:30,Centro,"-25.435000, -49.266069",Seco / Dia,Molhada,Não,Sim,Não,Sim,4,Sim,4,2,0,0,Não,Não realizado,Não,Bicicleta,Não,Não
Colisão,2020-06-10,08:45,Leste,"-25.434107, -49.221034",Seco / Dia,Molhada,Não,Não,Sim,Sim,2,Não,1,1,1,0,Não,Não realizado,Sim,Bicicleta,Não,Não
Capotamento,2022-02-16,22:15,Sul,"-25.476335, -49.312162",Seco / Noite,Seca,Sim,Sim,Não,Não,1,Sim,5,2,0,0,Não,Não realizado,Sim,Moto,Sim,Não
Queda de moto,2024-11-06,22:45,Sul,"-25.470156, -49.311107",Seco / Noite,Seca,Sim,Não,Sim,Não,1,Não,1,2,2,0,Não,Não realizado,Sim,Moto,Não,Não
Colisão,2021-09-16,19:30,Norte,"-25.383718, -49.271516",Chuva / Noite,Escorregadia,Não,Sim,Sim,Não,1,Sim,4,2,2,0,Sim,Positivo,Sim,Moto,Sim,Não
Atropelamento,2012-09-26,01:00,Centro,"-25.417165, -49.272749",Seco / Noite,Escorregadia,Sim,Sim,Sim,Não,1,Não,1,2,0,0,Não,Não realizado,Sim,Moto,Sim,Não
Colisão,2020-02-13,09:15,Oeste,"-25.417773, -49.307681",Seco / Dia,Molhada,Sim,Sim,Não,Não,1,Sim,5,1,1,0,Não,Não realizado,Sim,Moto,Não,Não
Colisão,2016-04-03,02:15,Centro,"-25.432128, -49.286360",Seco / Noite,Molhada,Não,Não,Sim,Não,1,Sim,4,5,3,0,Não,Não realizado,Sim,Carro,Sim,Não