TIPO DE ACIDENTE,DATA,HORA,REGIÃO,COORDENADA GEOGRÁFICA,SITUAÇÃO CLIMÁTICA/LUMINOSIDADE,CONDIÇÕES DA SUPERFÍCIE DE ROLAMENTO,POSSUI SINALIZAÇÃO HORIZONTAL,POSSUI SINALIZAÇÃO VERTICAL,PRÓXIMO A EQUIPO ELETRÔNICO,HOUVE OUTROS VEÍCULOS ENVOLVIDOS,QUANTOS VEÍCULOS,HAVIA OUTROS OCUPANTES NO VEÍCULO,QUANTOS OCUPANTES,ENVOLVIDOS,FERIDOS,ÓBITOS,FOI REALIZADO O TESTE DE BAFÔMETRO,QUAL O RESULTADO,POSSUI HABILITAÇÃO,VEÍCULO TIPO,HOUVE DANOS AO PATRIMÔNIO PÚBLICO?,HOUVE DANOS AO MEIO AMBIENTE?
Colisão,2024-06-30,12:00,Norte,"-25.406930, -49.289604",Seco / Dia,Escorregadia,Sim,Sim,Não,Sim,3,Não,1,1,1,0,Sim,Positivo,Sim,Carro,Sim,Não
Atropelamento,2016-01-01,16:45,Centro,"-25.425814, -49.261159",Seco / Dia,Molhada,Sim,Não,Sim,Não,1,Não,1,4,2,0,Sim,Negativo,Sim,Ônibus,Não,Não
Colisão,2013-10-19,09:15,Centro,"-25.436500, -49.283034",Seco / Dia,Seca,Não,Sim,Sim,Não,1,Não,1,3,2,0,Sim,Negativo,Sim,Caminhão,Sim,Não
Atropelamento,2010-10-27,18:00,Norte,"-25.407380, -49.272939",Seco / Dia,Seca,Não,Não,Não,Sim,2,Não,1,2,1,0,Não,Não realizado,Sim,Ônibus,Não,Não
Queda de moto,2019-11-05,11:15,Norte,"-25.405121, -49.273434",Chuva / Dia,Escorregadia,Não,Não,Sim,Não,1,Não,1,3,2,1,Não,Não realizado,Não,Carro,Não,Não
Colisão,2013-04-14,04:45,Oeste,"-25.434496, -49.325059",Seco / Noite,Molhada,Não,Não,Não,Sim,2,Não,1,1,1,0,Não,Não realizado,Sim,Ônibus,Não,Não
Colisão,2013-04-17,00:30,Oeste,"-25.415774, -49.322133",Chuva / Noite,Molhada,Não,Não,Não,Não,1,Sim,5,2,0,0,Sim,Negativo,Sim,Carro,Não,Sim
Queda de moto,2016-05-28,01:00,Leste,"-25.438177, -49.232299",Chuva / Noite,Escorregadia,Sim,Não,Não,Sim,4,Não,1,1,0,0,Sim,Positivo,Sim,Moto,Sim,Não
Atropelamento,2018-07-01,19:00,Oeste,"-25.422583, -49.315755",Seco / Noite,Seca,Não,Sim,Sim,Não,1,Não,1,4,3,0,Não,Não realizado,Sim,Ônibus,Sim,Não
Atropelamento,2017-05-15,01:30,Oeste,"-25.437282, -49.307973",Chuva / Noite,Seca,Sim,Sim,Sim,Sim,3,Não,1,5,2,0,Não,Não realizado,Sim,Caminhão,Não,Não
Colisão,2024-01-12,07:00,Sul,"-25.442619, -49.301208",Chuva / Dia,Seca,Sim,Sim,Não,Sim,2,Sim,3,3,1,0,Não,Não realizado,Sim,Caminhão,Não,Não
Atropelamento,2025-04-24,06:30,Oeste,"-25.424323, -49.309551",Seco / Dia,Molhada,Sim,Sim,Não,Não,1,Sim,3,2,2,0,Não,Não realizado,Sim,Moto,Sim,Não
Atropelamento,2022-07-27,11:00,Oeste,"-25.436282, -49.330427",Chuva / Dia,Escorregadia,Não,Não,Sim,Sim,4,Sim,2,2,0,0,Sim,Negativo,Sim,Ônibus,Não,Não
Colisão,2020-07-04,02:30,Norte,"-25.396739, -49.282249",Neblina / Noite,Seca,Sim,Não,Não,Não,1,Não,1,5,5,0,Sim,Negativo,Sim,Moto,Não,Não
Atropelamento,2009-11-17,04:45,Norte,"-25.402958, -49.262553",Seco / Noite,Escorregadia,Não,Não,Sim,Não,1,Sim,2,3,1,0,Sim,Positivo,Sim,Ônibus,Não,Não
Colisão,2025-03-12,22:30,Leste,"-25.414306, -49.242151",Seco / Noite,Molhada,Sim,Não,Não,Sim,2,Não,1,3,0,0,Não,Não realizado,Sim,Bicicleta,Não,Não
Colisão,2017-01-27,13:15,Norte,"-25.386960, -49.268921",Seco / Dia,Escorregadia,Não,Sim,Não,Sim,2,Não,1,1,1,0,Sim,Positivo,Sim,Moto,Sim,Não
Colisão,2016-12-19,20:00,Centro,"-25.414144, -49.267127",Seco / Noite,Molhada,Sim,Sim,Não,Não,1,Não,1,2,1,0,Sim,Positivo,Sim,Ônibus,Sim,Não
Colisão,2023-04-26,00:45,Sul,"-25.461467, -49.294949",Chuva / Noite,Escorregadia,Sim,Sim,Não,Não,1,Sim,2,2,2,0,Não,Não realizado,Sim,Caminhão,Não,Não
Queda de moto,2022-10-29,12:45,Leste,"-25.419990, -49.243372",Seco / Dia,Molhada,Não,Não,Não,Sim,4,Não,1,2,0,0,Sim,Negativo,Sim,Bicicleta,Sim,Não
Colisão,2020-07-18,18:00,Sul,"-25.460969, -49.285221",Chuva / Dia,Seca,Sim,Sim,Sim,Sim,4,Sim,4,4,0,0,Não,Não realizado,Sim,Moto,Sim,Não
Colisão,2010-10-10,16:00,Leste,"-25.417954, -49.245618",Chuva / Dia,Escorregadia,Sim,Não,Sim,Sim,3,Sim,2,1,1,0,Não,Não realizado,Sim,Bicicleta,Não,Não
Colisão,2009-05-10,23:30,Leste,"-25.427686, -49.234021",Seco / Noite,Escorregadia,Não,Não,Não,Não,1,Não,1,1,1,0,Não,Não realizado,Sim,Moto,Sim,Não
Queda de moto,2017-01-23,23:30,Sul,"-25.468810, -49.318704",Seco / Noite,Escorregadia,Não,Não,Não,Sim,2,Não,1,1,1,0,Não,Não realizado,Não,Ônibus,Sim,Não
Colisão,2014-05-13,19:30,Norte,"-25.389051, -49.276419",Seco / Noite,Escorregadia,Sim,Sim,Não,Sim,4,Não,1,1,1,0,Não,Não realizado,Sim,Ônibus,Sim,Não
Colisão,2024-02-04,23:30,Centro,"-25.415919, -49.262288",Chuva / Noite,Seca,Não,Não,Não,Sim,4,Sim,2,2,1,0,Não,Não realizado,Sim,Carro,Sim,Não
Colisão,2023-03-20,07:45,Centro,"-25.419543, -49.268079",Seco / Dia,Molhada,Sim,Sim,Não,Não,1,Não,1,2,1,0,Sim,Positivo,Sim,Ônibus,Não,Não
Queda de moto,2011-08-23,19:15,Centro,"-25.428478, -49.283224",Chuva / Noite,Seca,Não,Não,Sim,Não,1,Não,1,2,1,0,Não,Não realizado,Sim,Carro,Não,Não
Atropelamento,2016-07-27,07:15,Sul,"-25.455601, -49.299365",Chuva / Dia,Escorregadia,Não,Sim,Não,Sim,2,Não,1,5,2,0,Não,Não realizado,Sim,Caminhão,Não,Não
Colisão,2006-03-03,02:30,Oeste,"-25.417313, -49.335460",Seco / Noite,Seca,Não,Não,Não,Sim,2,Não,1,3,0,0,Não,Não realizado,Sim,Moto,Não,Não
Colisão,2021-06-03,17:45,Norte,"-25.389445, -49.247424",Seco / Dia,Molhada,Sim,Sim,Sim,Sim,3,Não,1,1,0,0,Não,Não realizado,Sim,Bicicleta,Não,Não
Queda de moto,2012-10-23,01:15,Sul,"-25.454911, -49.301584",Chuva / Noite,Escorregadia,Não,Não,Sim,Sim,2,Sim,4,3,3,0,Sim,Negativo,Sim,Moto,Sim,Não
Colisão,2006-02-16,00:30,Leste,"-25.427385, -49.249612",Seco / Noite,Molhada,Sim,Sim,Não,Sim,4,Sim,3,2,1,0,Sim,Negativo,Sim,Moto,Não,Não
Colisão,2021-06-11,05:30,Sul,"-25.445962, -49.280005",Chuva / Noite,Molhada,Não,Sim,Não,Sim,4,Sim,4,3,1,0,Não,Não realizado,Sim,Bicicleta,Não,Não
Colisão,2019-02-06,17:30,Norte,"-25.389476, -49.272375",Seco / Dia,Seca,Sim,Não,Sim,Sim,2,Não,1,2,1,0,Sim,Negativo,Sim,Carro,Sim,Não
Colisão,2014-11-08,01:00,Sul,"-25.445138, -49.302768",Seco / Noite,Escorregadia,Não,Não,Não,Sim,2,Sim,5,3,0,0,Não,Não realizado,Sim,Carro,Não,Não
Atropelamento,2008-05-12,05:15,Sul,"-25.455491, -49.296752",Seco / Noite,Escorregadia,Sim,Não,Não,Não,1,Não,1,5,1,0,Não,Não realizado,Sim,Carro,Não,Não
Atropelamento,2006-12-06,05:15,Leste,"-25.438570, -49.228520",Chuva / Noite,Escorregadia,Não,Não,Não,Sim,3,Sim,4,5,1,0,Não,Não realizado,Sim,Caminhão,Não,Não
Colisão,2019-05-02,01:15,Norte,"-25.382695, -49.273884",Chuva / Noite,Seca,Não,Não,Não,Sim,3,Não,1,1,1,0,Não,Não realizado,Sim,Caminhão,Sim,Não
Capotamento,2006-06-09,05:15,Sul,"-25.448474, -49.288514",Seco / Noite,Escorregadia,Sim,Sim,Não,Não,1,Não,1,2,0,0,Não,Não realizado,Não,Ônibus,Não,Não
Colisão,2009-03-14,03:15,Sul,"-25.460036, -49.313572",Seco / Noite,Molhada,Sim,Não,Não,Não,1,Não,1,1,1,0,Não,Não realizado,Sim,Bicicleta,Sim,Não
Capotamento,2006-09-14,18:30,Oeste,"-25.433165, -49.339433",Chuva / Dia,Seca,Sim,Não,Não,Sim,2,Sim,5,2,2,0,Não,Não realizado,Sim,Carro,Sim,Não
Colisão,2020-04-06,20:00,Leste,"-25.412311, -49.233370",Seco / Noite,Molhada,Sim,Não,Não,Não,1,Sim,2,4,0,0,Não,Não realizado,Sim,Moto,Não,Não
Colisão,2011-02-15,18:00,Oeste,"-25.438171, -49.313107",Seco / Dia,Escorregadia,Não,Sim,Não,Não,1,Não,1,2,1,0,Sim,Positivo,Sim,Moto,Não,Não
Queda de moto,2018-11-23,14:15,Leste,"-25.420764, -49.212349",Chuva / Dia,Escorregadia,Sim,Não,Sim,Não,1,Não,1,1,1,0,Não,Não realizado,Sim,Caminhão,Sim,Não
Queda de moto,2014-11-03,07:00,Norte,"-25.402294, -49.272871",Seco / Dia,Escorregadia,Sim,Não,Não,Sim,4,Não,1,4,4,0,Não,Não realizado,Sim,Carro,Não,Não
Colisão,2008-01-18,17:00,Sul,"-25.471338, -49.305046",Seco / Dia,Seca,Não,Sim,Não,Sim,2,Sim,3,2,0,0,Sim,Negativo,Sim,Carro,Sim,Não
Colisão,2017-09-28,07:00,Oeste,"-25.425546, -49.321597",Seco / Dia,Molhada,Sim,Sim,Não,Sim,3,Não,1,3,0,0,Sim,Negativo,Sim,Carro,Não,Não
Atropelamento,2019-01-17,17:15,Leste,"-25.425500, -49.222266",Chuva / Dia,Molhada,Sim,Não,Sim,Sim,3,Sim,5,5,2,0,Não,Não realizado,Sim,Ônibus,Sim,Não
Atropelamento,2015-06-16,11:15,Centro,"-25.413024, -49.279647",Seco / Dia,Seca,Não,Sim,Não,Sim,3,Sim,3,5,1,0,Sim,Positivo,Não,Caminhão,Não,Não
Atropelamento,2007-03-20,08:00,Sul,"-25.445054, -49.298657",Chuva / Dia,Escorregadia,Não,Sim,Sim,Sim,2,Não,1,2,1,1,Sim,Positivo,Sim,Bicicleta,Sim,Não
Colisão,2008-05-17,10:00,Centro,"-25.429521, -49.264125",Seco / Dia,Seca,Não,Não,Sim,Não,1,Não,1,1,0,0,Não,Não realizado,Sim,Ônibus,Sim,Não
Colisão,2006-09-14,23:45,Centro,"-25.417285, -49.282348",Chuva / Noite,Escorregadia,Não,Não,Não,Não,1,Não,1,4,4,0,Sim,Negativo,Sim,Carro,Sim,Não
Queda de moto,2009-03-09,05:45,Leste,"-25.433913, -49.200811",Chuva / Noite,Molhada,Não,Sim,Não,Não,1,Não,1,1,1,0,Não,Não realizado,Sim,Caminhão,Sim,Não
Colisão,2019-12-17,21:00,Sul,"-25.459287, -49.307749",Chuva / Noite,Escorregadia,Não,Não,Não,Não,1,Sim,2,1,1,0,Sim,Negativo,Sim,Carro,Sim,Não
Colisão,2023-01-03,06:30,Norte,"-25.404564, -49.287416",Seco / Dia,Seca,Sim,Sim,Sim,Não,1,Sim,3,2,0,0,Sim,Positivo,Sim,Bicicleta,Sim,Não
Colisão,2023-08-19,19:15,Centro,"-25.431634, -49.278449",Seco / Noite,Molhada,Não,Não,Não,Não,1,Não,1,3,0,0,Não,Não realizado,Sim,Carro,Sim,Não
Colisão,2007-03-15,05:15,Norte,"-25.388261, -49.271990",Neblina / Noite,Molhada,Sim,Não,Sim,Não,1,Não,1,4,1,0,Não,Não realizado,Não,Ônibus,Não,Não
Colisão,2023-10-02,23:00,Oeste,"-25.432248, -49.333373",Neblina / Noite,Escorregadia,Sim,Sim,Sim,Não,1,Não,1,2,0,0,Não,Não realizado,Sim,Bicicleta,Não,Não
Colisão,2024-11-19,20:30,Oeste,"-25.415916, -49.336149",Seco / Noite,Escorregadia,Não,Não,Não,Sim,2,Sim,5,1,0,0,Sim,Positivo,Sim,Carro,Sim,Não
Queda de moto,2021-12-24,09:45,Oeste,"-25.414276, -49.327593",Seco / Dia,Seca,Sim,Sim,Sim,Sim,2,Não,1,1,1,0,Não,Não realizado,Não,Caminhão,Sim,Não
Colisão,2017-02-28,04:45,Centro,"-25.419224, -49.274995",Seco / Noite,Seca,Sim,Não,Não,Não,1,Sim,4,1,1,0,Não,Não realizado,Sim,Ônibus,Não,Não
Queda de moto,2019-10-01,05:00,Norte,"-25.382407, -49.257936",Chuva / Noite,Molhada,Não,Sim,Não,Sim,3,Não,1,2,0,0,Sim,Positivo,Sim,Moto,Não,Não
Atropelamento,2007-12-08,10:45,Sul,"-25.467713, -49.295953",Chuva / Dia,Molhada,Não,Sim,Sim,Sim,3,Sim,4,3,1,0,Não,Não realizado,Sim,Ônibus,Sim,Não
Colisão,2020-10-04,11:15,Sul,"-25.446825, -49.287582",Seco / Dia,Seca,Sim,Não,Não,Não,1,Sim,4,5,4,0,Sim,Positivo,Sim,Ônibus,Sim,Não
Colisão,2024-12-18,18:00,Sul,"-25.448856, -49.319739",Seco / Dia,Seca,Não,Sim,Não,Não,1,Não,1,4,4,0,Não,Não realizado,Sim,Carro,Não,Não
Colisão,2018-02-19,13:30,Sul,"-25.444708, -49.301014",Seco / Dia,Escorregadia,Não,Não,Não,Sim,4,Sim,4,2,1,0,Não,Não realizado,Sim,Bicicleta,Sim,Não
Queda de moto,2023-03-29,05:15,Oeste,"-25.419344, -49.312003",Seco / Noite,Molhada,Sim,Não,Não,Não,1,Não,1,1,0,0,Não,Não realizado,Sim,Carro,Sim,Não
Colisão,2013-05-18,01:30,Leste,"-25.411387, -49.233985",Seco / Noite,Molhada,Sim,Sim,Não,Sim,3,Não,1,1,0,0,Não,Não realizado,Sim,Caminhão,Sim,Não
Colisão,2025-09-20,15:45,Centro,"-25.416135, -49.271482",Seco / Dia,Molhada,Não,Não,Não,Sim,2,Não,1,3,2,0,Não,Não realizado,Sim,Moto,Sim,Não
Colisão,2017-06-27,19:15,Oeste,"-25.432012, -49.314919",Seco / Noite,Molhada,Sim,Sim,Sim,Não,1,Não,1,4,0,0,Não,Não realizado,Não,Moto,Sim,Não
Colisão,2021-02-07,07:45,Leste,"-25.412973, -49.237322",Seco / Dia,Seca,Sim,Sim,Não,Não,1,Não,1,3,1,0,Sim,Positivo,Sim,Caminhão,Não,Não
Atropelamento,2009-05-07,07:30,Leste,"-25.429878, -49.236381",Chuva / Dia,Molhada,Sim,Não,Não,Não,1,Sim,3,2,1,0,Não,Não realizado,Sim,Carro,Sim,Não
Colisão,2025-06-15,02:30,Centro,"-25.419525, -49.267763",Seco / Noite,Seca,Sim,Não,Não,Não,1,Não,1,2,1,0,Não,Não realizado,Sim,Moto,Não,Não
Colisão,2010-02-21,13:00,Centro,"-25.432649, -49.289402",Seco / Dia,Molhada,Não,Não,Não,Sim,2,Não,1,1,1,0,Sim,Positivo,Sim,Caminhão,Sim,Não
Colisão,2009-06-29,05:45,Leste,"-25.427882, -49.230153",Seco / Noite,Molhada,Sim,Sim,Sim,Sim,4,Sim,4,1,0,0,Sim,Positivo,Sim,Ônibus,Não,Não
Colisão,2021-05-29,08:30,Norte,"-25.388148, -49.247079",Seco / Dia,Seca,Não,Não,Não,Sim,4,Sim,5,2,2,0,Não,Não realizado,Sim,Moto,Sim,Não
Colisão,2006-11-26,21:00,Leste,"-25.424352, -49.218009",Chuva / Noite,Seca,Sim,Sim,Sim,Sim,2,Sim,5,5,0,0,Sim,Negativo,Sim,Ônibus,Não,Não
Colisão,2010-11-25,00:00,Centro,"-25.417572, -49.263545",Chuva / Noite,Escorregadia,Sim,Sim,Não,Sim,2,Não,1,1,1,0,Não,Não realizado,Não,Bicicleta,Sim,Não
Atropelamento,2016-08-09,16:00,Leste,"-25.439063, -49.206319",Seco / Dia,Escorregadia,Não,Não,Não,Sim,2,Sim,5,4,0,0,Não,Não realizado,Sim,Carro,Não,Não
Colisão,2009-03-04,11:15,Sul,"-25.459359, -49.285360",Seco / Dia,Seca,Não,Não,Não,Sim,3,Sim,2,1,1,0,Sim,Negativo,Sim,Carro,Sim,Não
Colisão,2014-11-22,21:15,Oeste,"-25.426299, -49.338251",Seco / Noite,Seca,Sim,Não,Não,Não,1,Sim,3,2,0,0,Não,Não realizado,Sim,Ônibus,Não,Não
Colisão,2009-01-15,19:00,Centro,"-25.432134, -49.278511",Seco / Noite,Seca,Sim,Não,Sim,Sim,4,Sim,4,1,1,0,Não,Não realizado,Sim,Ônibus,Sim,Não
Atropelamento,2010-02-26,05:45,Leste,"-25.425372, -49.232407",Seco / Noite,Molhada,Não,Não,Não,Sim,3,Sim,3,2,2,0,Não,Não realizado,Sim,Ônibus,Sim,Não
Colisão,2013-09-08,23:00,Centro,"-25.426863, -49.271014",Seco / Noite,Molhada,Não,Sim,Não,Não,1,Não,1,1,1,0,Sim,Positivo,Sim,Ônibus,Sim,Não
Colisão,2021-01-09,03:45,Centro,"-25.435868, -49.276234",Seco / Noite,Seca,Não,Sim,Não,Sim,2,Não,1,4,2,0,Não,Não realizado,Sim,Caminhão,Não,Não
Colisão,2024-11-12,00:45,Sul,"-25.462332, -49.280090",Seco / Noite,Escorregadia,Não,Não,Não,Sim,3,Sim,5,2,1,0,Sim,Negativo,Sim,Ônibus,Sim,Não
Colisão,2012-04-01,10:45,Leste,"-25.421221, -49.204276",Seco / Dia,Seca,Sim,Sim,Não,Não,1,Não,1,3,0,0,Não,Não realizado,Sim,Carro,Não,Não
Colisão,2017-02-15,17:15,Centro,"-25.417303, -49.268705",Seco / Dia,Molhada,Sim,Não,Não,Não,1,Não,1,1,0,0,Não,Não realizado,Sim,Moto,Sim,Não
Colisão,2025-07-26,17:00,Centro,"-25.423505, -49.270949",Chuva / Dia,Molhada,Não,Sim,Não,Sim,2,Não,1,1,0,0,Não,Não realizado,Sim,Moto,Não,Não
Colisão,2013-09-03,18:30,Centro,"-25.419602, -49.274192",Neblina / Dia,Seca,Não,Não,Não,Sim,4,Sim,5,2,2,0,Sim,Positivo,Sim,Carro,Sim,Não
Colisão,2019-01-16,07:45,Centro,"-25.421876, -49.279878",Seco / Dia,Molhada,Não,Sim,Sim,Sim,3,Sim,2,2,2,0,Não,Não realizado,Não,Moto,Não,Não
Colisão,2021-10-23,02:15,Centro,"-25.417394, -49.287900",Seco / Noite,Escorregadia,Sim,Não,Sim,Sim,3,Sim,4,3,0,0,Sim,Positivo,Sim,Ônibus,Não,Não
Queda de moto,2017-08-06,02:00,Oeste,"-25.431028, -49.332254",Seco / Noite,Escorregadia,Não,Sim,Não,Não,1,Sim,3,2,0,0,Não,Não realizado,Sim,Carro,Sim,Não
Colisão,2014-08-03,13:45,Oeste,"-25.431746, -49.306110",Seco / Dia,Molhada,Não,Não,Sim,Sim,4,Sim,3,1,0,0,Sim,Positivo,Sim,Moto,Sim,Não
Colisão,2024-07-18,06:45,Sul,"-25.453013, -49.293499",Seco / Dia,Molhada,Sim,Sim,Não,Não,1,Não,1,2,1,0,Não,Não realizado,Sim,Moto,Não,Não
Colisão,2018-10-21,00:15,Centro,"-25.417321, -49.278677",Chuva / Noite,Escorregadia,Sim,Sim,Sim,Não,1,Sim,3,2,0,0,Não,Não realizado,Sim,Ônibus,Sim,Não
Atropelamento,2011-06-11,11:30,Leste,"-25.415880, -49.216723",Chuva / Dia,Seca,Não,Não,Sim,Não,1,Sim,5,4,4,0,Sim,Positivo,Sim,Moto,Não,Não
Colisão,2007-01-21,03:15,Oeste,"-25.438630, -49.304620",Chuva / Noite,Seca,Não,Sim,Sim,Sim,3,Sim,2,3,1,0,Não,Não realizado,Sim,Caminhão,Sim,Não
Capotamento,2005-04-09,19:00,Oeste,"-25.417633, -49.331598",Seco / Noite,Seca,Sim,Não,Não,Não,1,Sim,2,1,1,0,Não,Não realizado,Sim,Caminhão,Sim,Não
Colisão,2021-03-18,19:15,Norte,"-25.384356, -49.287638",Seco / Noite,Escorregadia,Sim,Não,Sim,Sim,4,Sim,3,5,3,0,Não,Não realizado,Sim,Ônibus,Sim,Não
Colisão,2025-08-07,04:15,Leste,"-25.435172, -49.230505",Chuva / Noite,Seca,Sim,Não,Não,Não,1,Não,1,4,2,0,Sim,Positivo,Sim,Ônibus,Sim,Não
Colisão,2021-03-02,02:15,Oeste,"-25.436322, -49.334948",Seco / Noite,Seca,Sim,Sim,Sim,Não,1,Não,1,2,2,0,Não,Não realizado,Sim,Moto,Não,Não
Queda de moto,2009-11-10,11:45,Leste,"-25.423063, -49.221019",Seco / Dia,Molhada,Não,Sim,Não,Não,1,Não,1,1,1,0,Sim,Negativo,Sim,Caminhão,Sim,Não
Queda de moto,2006-03-15,12:00,Centro,"-25.421711, -49.289268",Chuva / Dia,Molhada,Não,Sim,Não,Não,1,Sim,4,5,0,0,Não,Não realizado,Sim,Carro,Sim,Não
Colisão,2011-04-15,21:45,Leste,"-25.425542, -49.244795",Seco / Noite,Molhada,Sim,Sim,Não,Não,1,Sim,3,3,1,0,Não,Não realizado,Sim,Ônibus,Sim,Não
Colisão,2011-12-12,05:45,Sul,"-25.469732, -49.309724",Seco / Noite,Molhada,Sim,Sim,Sim,Não,1,Não,1,2,1,0,Sim,Positivo,Sim,Ônibus,Não,Não
Colisão,2013-08-18,07:15,Norte,"-25.399476, -49.279277",Seco / Dia,Seca,Sim,Não,Não,Sim,3,Não,1,1,0,0,Não,Não realizado,Sim,Carro,Não,Não
Colisão,2011-04-25,16:45,Centro,"-25.425909, -49.287566",Seco / Dia,Molhada,Não,Não,Sim,Não,1,Sim,3,3,2,0,Sim,Negativo,Sim,Ônibus,Não,Sim
Atropelamento,2024-12-17,10:30,Norte,"-25.382828, -49.265097",Seco / Dia,Escorregadia,Sim,Sim,Sim,Sim,4,Sim,5,4,4,0,Sim,Positivo,Sim,Bicicleta,Não,Não
Colisão,2019-07-17,15:30,Norte,"-25.389541, -49.242670",Seco / Dia,Escorregadia,Não,Não,Sim,Não,1,Não,1,3,0,0,Não,Não realizado,Não,Moto,Sim,Sim
Colisão,2008-05-13,21:30,Norte,"-25.386715, -49.243721",Seco / Noite,Molhada,Não,Não,Sim,Não,1,Sim,5,2,1,0,Sim,Negativo,Sim,Ônibus,Não,Não
Colisão,2025-11-09,13:15,Norte,"-25.389331, -49.277036",Chuva / Dia,Escorregadia,Não,Não,Não,Sim,4,Sim,3,2,2,0,Não,Não realizado,Sim,Moto,Sim,Não
Colisão,2005-02-17,02:30,Centro,"-25.436851, -49.264284",Seco / Noite,Molhada,Não,Não,Não,Sim,3,Não,1,1,1,0,Sim,Negativo,Sim,Ônibus,Não,Não
Colisão,2017-01-20,02:00,Oeste,"-25.411515, -49.307444",Seco / Noite,Seca,Sim,Sim,Não,Não,1,Sim,4,3,0,0,Não,Não realizado,Sim,Ônibus,Sim,Não
Colisão,2016-04-25,23:00,Centro,"-25.439498, -49.285491",Chuva / Noite,Escorregadia,Não,Não,Sim,Não,1,Sim,5,2,0,0,Não,Não realizado,Não,Moto,Não,Sim
Colisão,2009-02-09,11:30,Sul,"-25.478809, -49.285427",Seco / Dia,Molhada,Sim,Não,Sim,Sim,3,Não,1,3,3,0,Sim,Negativo,Sim,Ônibus,Não,Não
Colisão,2011-07-18,21:30,Norte,"-25.382420, -49.279406",Seco / Noite,Seca,Não,Sim,Sim,Sim,2,Não,1,3,0,0,Não,Não realizado,Não,Caminhão,Não,Não
Queda de moto,2014-06-24,10:45,Oeste,"-25.420416, -49.311906",Chuva / Dia,Seca,Não,Sim,Sim,Não,1,Não,1,3,1,0,Não,Não realizado,Sim,Bicicleta,Não,Não
Colisão,2007-10-17,00:30,Sul,"-25.472940, -49.285334",Seco / Noite,Escorregadia,Não,Sim,Não,Sim,4,Sim,4,3,2,0,Não,Não realizado,Sim,Bicicleta,Sim,Não
Atropelamento,2005-05-13,14:15,Sul,"-25.443547, -49.292521",Seco / Dia,Seca,Não,Não,Não,Não,1,Sim,2,3,0,0,Sim,Positivo,Sim,Bicicleta,Não,Não
Colisão,2006-11-12,15:30,Leste,"-25.423205, -49.240564",Seco / Dia,Molhada,Sim,Sim,Não,Sim,4,Não,1,2,0,0,Não,Não realizado,Sim,Moto,Não,Não
Colisão,2022-03-09,23:00,Oeste,"-25.416190, -49.317929",Seco / Noite,Seca,Sim,Sim,Não,Não,1,Não,1,1,1,0,Sim,Negativo,Não,Moto,Sim,Não
Colisão,2014-05-06,13:45,Centro,"-25.430191, -49.283800",Seco / Dia,Escorregadia,Não,Não,Sim,Sim,4,Não,1,3,0,0,Sim,Positivo,Sim,Caminhão,Sim,Não
Queda de moto,2009-03-08,12:15,Norte,"-25.396135, -49.254704",Seco / Dia,Escorregadia,Sim,Sim,Sim,Não,1,Sim,5,1,1,0,Não,Não realizado,Sim,Carro,Não,Não
Queda de moto,2020-07-09,09:00,Centro,"-25.410661, -49.270930",Seco / Dia,Molhada,Sim,Sim,Sim,Não,1,Não,1,3,1,0,Não,Não realizado,Sim,Moto,Sim,Não
Colisão,2024-07-10,05:15,Leste,"-25.413421, -49.204892",Seco / Noite,Escorregadia,Sim,Não,Sim,Sim,3,Sim,4,2,2,0,Não,Não realizado,Sim,Carro,Não,Não
Atropelamento,2017-09-10,16:00,Centro,"-25.431531, -49.287726",Chuva / Dia,Seca,Sim,Não,Não,Não,1,Não,1,4,2,0,Não,Não realizado,Sim,Carro,Sim,Não
Colisão,2016-02-15,12:30,Norte,"-25.392127, -49.275648",Neblina / Dia,Molhada,Não,Sim,Sim,Sim,4,Sim,4,2,0,0,Não,Não realizado,Sim,Carro,Não,Não
Atropelamento,2010-07-24,23:00,Sul,"-25.452518, -49.316816",Chuva / Noite,Escorregadia,Sim,Não,Sim,Não,1,Não,1,4,1,0,Sim,Negativo,Sim,Ônibus,Sim,Não
Atropelamento,2022-03-09,05:30,Oeste,"-25.430742, -49.328266",Seco / Noite,Molhada,Sim,Não,Sim,Sim,3,Sim,3,3,1,0,Não,Não realizado,Sim,Caminhão,Não,Não
Colisão,2013-09-22,02:15,Oeste,"-25.438933, -49.310392",Neblina / Noite,Molhada,Sim,Não,Sim,Não,1,Sim,3,3,1,0,Não,Não realizado,Sim,Caminhão,Não,Não
Atropelamento,2025-08-16,04:30,Centro,"-25.428372, -49.268735",Chuva / Noite,Escorregadia,Sim,Sim,Sim,Sim,4,Não,1,2,2,0,Não,Não realizado,Sim,Carro,Não,Não
Colisão,2013-12-04,17:30,Sul,"-25.474832, -49.292879",Chuva / Dia,Escorregadia,Não,Não,Sim,Não,1,Sim,5,1,0,0,Não,Não realizado,Não,Caminhão,Sim,Não
Queda de moto,2019-01-28,10:30,Oeste,"-25.415617, -49.322951",Seco / Dia,Seca,Sim,Sim,Não,Não,1,Sim,3,1,0,0,Não,Não realizado,Sim,Ônibus,Não,Sim
Atropelamento,2010-10-25,07:45,Oeste,"-25.419896, -49.306077",Seco / Dia,Escorregadia,Não,Não,Sim,Não,1,Não,1,4,1,0,Não,Não realizado,Sim,Carro,Não,Não