TIPO DE ACIDENTE,DATA,HORA,REGIÃO,COORDENADA GEOGRÁFICA,SITUAÇÃO CLIMÁTICA/LUMINOSIDADE,CONDIÇÕES DA SUPERFÍCIE DE ROLAMENTO,POSSUI SINALIZAÇÃO HORIZONTAL,POSSUI SINALIZAÇÃO VERTICAL,PRÓXIMO A EQUIPO ELETRÔNICO,HOUVE OUTROS VEÍCULOS ENVOLVIDOS,QUANTOS VEÍCULOS,HAVIA OUTROS OCUPANTES NO VEÍCULO,QUANTOS OCUPANTES,ENVOLVIDOS,FERIDOS,ÓBITOS,FOI REALIZADO O TESTE DE BAFÔMETRO,QUAL O RESULTADO,POSSUI HABILITAÇÃO,VEÍCULO TIPO,HOUVE DANOS AO PATRIMÔNIO PÚBLICO?,HOUVE DANOS AO MEIO AMBIENTE?
Colisão,2025-01-26,19:15,Centro,"-25.416684, -49.279458",Seco / Noite,Molhada,Sim,Sim,Não,Sim,2,Não,1,2,1,1,Não,Não realizado,Sim,Carro,Sim,Não
Queda de moto,2020-08-02,01:00,Norte,"-25.393099, -49.243433",Seco / Noite,Molhada,Sim,Não,Sim,Sim,3,Não,1,1,0,0,Não,Não realizado,Sim,Caminhão,Sim,Não
Colisão,2020-06-23,02:45,Oeste,"-25.428978, -49.304837",Seco / Noite,Seca,Sim,Sim,Não,Não,1,Não,1,2,0,0,Não,Não realizado,Sim,Caminhão,Sim,Não
Queda de moto,2023-10-13,04:15,Oeste,"-25.417721, -49.311066",Seco / Noite,Molhada,Não,Não,Não,Sim,4,Sim,3,3,0,0,Não,Não realizado,Sim,Carro,Não,Sim
Capotamento,2007-10-25,08:30,Norte,"-25.400422, -49.262567",Seco / Dia,Seca,Não,Não,Não,Sim,4,Sim,5,2,0,0,Não,Não realizado,Sim,Bicicleta,Sim,Não
Capotamento,2008-07-15,21:30,Centro,"-25.431902, -49.280671",Seco / Noite,Seca,Não,Sim,Sim,Não,1,Não,1,4,0,0,Não,Não realizado,Sim,Moto,Não,Não
Colisão,2007-10-29,10:15,Oeste,"-25.435094, -49.330449",Seco / Dia,Molhada,Sim,Não,Sim,Não,1,Sim,5,2,2,0,Não,Não realizado,Sim,Moto,Sim,Não
Colisão,2020-10-17,18:00,Centro,"-25.410997, -49.289091",Seco / Dia,Seca,Não,Não,Sim,Não,1,Sim,2,1,1,0,Não,Não realizado,Sim,Moto,Sim,Não
Colisão,2010-07-26,12:00,Oeste,"-25.427579, -49.325411",Seco / Dia,Escorregadia,Sim,Sim,Não,Sim,4,Sim,4,2,1,0,Não,Não realizado,Sim,Moto,Não,Não
Colisão,2022-02-04,00:45,Sul,"-25.455263, -49.313945",Seco / Noite,Seca,Não,Não,Não,Sim,4,Não,1,1,0,0,Não,Não realizado,Sim,Carro,Sim,Não
Colisão,2019-02-03,21:15,Sul,"-25.471172, -49.288322",Seco / Noite,Escorregadia,Sim,Não,Sim,Sim,4,Não,1,3,3,0,Sim,Positivo,Sim,Bicicleta,Sim,Não
Colisão,2012-02-15,14:45,Oeste,"-25.412652, -49.335799",Seco / Dia,Seca,Não,Sim,Sim,Sim,2,Sim,4,3,0,0,Não,Não realizado,Sim,Ônibus,Não,Não
Atropelamento,2013-03-19,17:30,Sul,"-25.450536, -49.311803",Seco / Dia,Escorregadia,Não,Não,Sim,Sim,4,Sim,2,3,3,0,Não,Não realizado,Não,Ônibus,Sim,Não
Colisão,2018-03-04,05:30,Centro,"-25.424318, -49.275625",Seco / Noite,Escorregadia,Não,Sim,Sim,Não,1,Não,1,2,1,0,Não,Não realizado,Não,Ônibus,Sim,Não
Atropelamento,2009-12-04,14:00,Centro,"-25.426352, -49.276912",Chuva / Dia,Seca,Não,Sim,Sim,Não,1,Não,1,4,4,0,Não,Não realizado,Sim,Bicicleta,Sim,Não
Colisão,2006-02-16,06:00,Oeste,"-25.437050, -49.324591",Chuva / Dia,Molhada,Sim,Sim,Não,Não,1,Não,1,1,1,0,Não,Não realizado,Sim,Ônibus,Não,Não
Colisão,2023-12-04,09:15,Oeste,"-25.424320, -49.306161",Seco / Dia,Seca,Sim,Não,Não,Não,1,Sim,4,3,0,0,Não,Não realizado,Sim,Moto,Sim,Não
Colisão,2019-03-29,11:30,Oeste,"-25.439186, -49.313833",Chuva / Dia,Molhada,Sim,Não,Sim,Não,1,Não,1,3,1,0,Sim,Positivo,Sim,Ônibus,Não,Não
Colisão,2013-03-15,01:00,Sul,"-25.473981, -49.281651",Seco / Noite,Molhada,Sim,Sim,Não,Sim,2,Sim,2,5,2,0,Não,Não realizado,Sim,Ônibus,Sim,Não
Colisão,2008-09-25,08:00,Centro,"-25.433215, -49.279389",Seco / Dia,Molhada,Sim,Não,Sim,Não,1,Sim,3,3,0,0,Não,Não realizado,Sim,Bicicleta,Não,Não
Atropelamento,2019-01-11,13:15,Norte,"-25.397112, -49.284996",Seco / Dia,Seca,Sim,Não,Não,Não,1,Não,1,2,1,0,Sim,Negativo,Sim,Carro,Sim,Não
Atropelamento,2012-03-16,20:30,Sul,"-25.462621, -49.310028",Chuva / Noite,Seca,Sim,Não,Não,Não,1,Não,1,2,1,0,Não,Não realizado,Sim,Carro,Não,Não
Queda de moto,2022-09-09,01:00,Sul,"-25.440436, -49.318244",Chuva / Noite,Escorregadia,Não,Não,Não,Não,1,Sim,2,5,3,0,Não,Não realizado,Sim,Carro,Sim,Não
Colisão,2019-06-19,11:45,Sul,"-25.454509, -49.288436",Chuva / Dia,Seca,Sim,Sim,Sim,Sim,3,Não,1,2,0,0,Não,Não realizado,Sim,Carro,Não,Não
Colisão,2011-03-12,06:00,Sul,"-25.470651, -49.284566",Seco / Dia,Molhada,Não,Sim,Sim,Não,1,Sim,5,1,1,0,Não,Não realizado,Sim,Caminhão,Não,Não
Queda de moto,2010-12-31,03:30,Leste,"-25.420185, -49.203971",Seco / Noite,Molhada,Sim,Não,Não,Sim,2,Não,1,2,0,0,Sim,Negativo,Sim,Moto,Não,Não
Colisão,2025-07-30,05:30,Centro,"-25.415333, -49.278114",Chuva / Noite,Escorregadia,Sim,Sim,Não,Não,1,Sim,5,1,1,0,Sim,Positivo,Não,Moto,Não,Não
Colisão,2009-09-19,08:45,Oeste,"-25.438101, -49.321782",Seco / Dia,Escorregadia,Sim,Sim,Não,Sim,2,Sim,4,4,0,0,Não,Não realizado,Sim,Caminhão,Não,Não
Capotamento,2024-10-20,12:15,Sul,"-25.458332, -49.296403",Seco / Dia,Molhada,Não,Não,Sim,Não,1,Não,1,1,1,0,Sim,Positivo,Não,Ônibus,Sim,Não
Colisão,2008-11-05,19:15,Centro,"-25.439500, -49.282746",Seco / Noite,Seca,Sim,Sim,Sim,Sim,3,Não,1,3,1,0,Não,Não realizado,Sim,Bicicleta,Sim,Não
Colisão,2022-08-15,08:30,Leste,"-25.423058, -49.221375",Neblina / Dia,Molhada,Não,Não,Não,Não,1,Não,1,2,1,0,Não,Não realizado,Sim,Moto,Não,Não
Atropelamento,2016-07-11,18:30,Norte,"-25.382348, -49.274222",Neblina / Dia,Escorregadia,Não,Não,Sim,Não,1,Não,1,4,4,0,Não,Não realizado,Sim,Caminhão,Sim,Não
Queda de moto,2015-01-28,03:45,Sul,"-25.468856, -49.288478",Seco / Noite,Escorregadia,Não,Não,Sim,Sim,3,Sim,4,2,2,0,Sim,Positivo,Sim,Bicicleta,Sim,Não
Colisão,2010-01-12,00:30,Leste,"-25.420431, -49.208202",Chuva / Noite,Molhada,Sim,Sim,Sim,Sim,3,Não,1,2,1,0,Não,Não realizado,Sim,Ônibus,Não,Não
Colisão,2006-11-30,16:45,Oeste,"-25.436575, -49.324848",Seco / Dia,Molhada,Não,Sim,Sim,Sim,2,Não,1,2,1,0,Sim,Positivo,Sim,Bicicleta,Não,Não
Colisão,2014-10-05,01:30,Centro,"-25.426790, -49.278265",Seco / Noite,Molhada,Não,Não,Sim,Não,1,Sim,2,2,0,0,Sim,Negativo,Sim,Caminhão,Não,Não
Colisão,2012-02-13,13:15,Centro,"-25.415749, -49.285561",Chuva / Dia,Escorregadia,Não,Não,Não,Não,1,Não,1,3,2,0,Não,Não realizado,Sim,Carro,Sim,Não
Atropelamento,2016-06-07,10:15,Sul,"-25.461362, -49.309119",Chuva / Dia,Seca,Não,Sim,Sim,Sim,2,Sim,2,3,3,0,Não,Não realizado,Sim,Carro,Sim,Não
Colisão,2023-03-27,17:30,Leste,"-25.412427, -49.220253",Chuva / Dia,Escorregadia,Não,Sim,Não,Sim,2,Sim,2,2,2,0,Sim,Positivo,Sim,Caminhão,Não,Não
Colisão,2007-12-31,20:45,Centro,"-25.413808, -49.263232",Seco / Noite,Molhada,Sim,Sim,Sim,Sim,3,Sim,5,4,3,0,Sim,Negativo,Não,Moto,Sim,Não
Atropelamento,2022-10-01,21:30,Leste,"-25.419353, -49.220670",Seco / Noite,Molhada,Não,Não,Sim,Sim,2,Não,1,4,4,0,Não,Não realizado,Sim,Bicicleta,Não,Não
Colisão,2020-03-24,02:00,Sul,"-25.471265, -49.316866",Seco / Noite,Seca,Sim,Não,Não,Sim,4,Sim,2,5,2,0,Não,Não realizado,Não,Carro,Não,Sim
Colisão,2022-09-16,05:45,Oeste,"-25.431202, -49.300523",Chuva / Noite,Molhada,Sim,Não,Não,Não,1,Sim,5,1,0,0,Não,Não realizado,Sim,Ônibus,Não,Não
Colisão,2012-01-05,10:45,Norte,"-25.391805, -49.247311",Chuva / Dia,Seca,Não,Não,Não,Não,1,Sim,5,1,1,0,Não,Não realizado,Sim,Bicicleta,Sim,Não
Colisão,2012-07-16,17:00,Sul,"-25.445931, -49.287156",Seco / Dia,Seca,Não,Sim,Não,Sim,2,Não,1,1,1,0,Não,Não realizado,Sim,Carro,Não,Não
Queda de moto,2025-11-22,21:30,Centro,"-25.420811, -49.271498",Seco / Noite,Seca,Sim,Sim,Não,Não,1,Não,1,2,1,0,Não,Não realizado,Não,Carro,Sim,Não
Colisão,2005-05-25,23:45,Centro,"-25.423528, -49.272359",Chuva / Noite,Seca,Sim,Sim,Sim,Sim,3,Não,1,1,1,0,Sim,Negativo,Não,Caminhão,Não,Não
Colisão,2019-12-14,13:45,Oeste,"-25.423148, -49.322684",Chuva / Dia,Escorregadia,Não,Sim,Não,Não,1,Sim,3,5,1,0,Não,Não realizado,Não,Caminhão,Sim,Não
Colisão,2015-07-09,09:15,Sul,"-25.454809, -49.314298",Chuva / Dia,Molhada,Não,Não,Não,Sim,3,Sim,3,3,1,0,Sim,Positivo,Sim,Moto,Sim,Não
Queda de moto,2021-06-27,19:45,Leste,"-25.425181, -49.233440",Seco / Noite,Seca,Sim,Não,Sim,Sim,2,Sim,2,1,1,0,Não,Não realizado,Sim,Ônibus,Não,Não
Atropelamento,2019-05-13,08:45,Oeste,"-25.429178, -49.311404",Seco / Dia,Escorregadia,Não,Não,Sim,Sim,3,Sim,5,5,0,0,Sim,Negativo,Sim,Ônibus,Não,Não
Queda de moto,2017-03-21,03:45,Leste,"-25.415197, -49.202430",Chuva / Noite,Seca,Não,Sim,Não,Sim,2,Não,1,1,1,0,Sim,Positivo,Não,Ônibus,Não,Sim
Atropelamento,2013-12-25,17:30,Norte,"-25.391723, -49.288548",Seco / Dia,Escorregadia,Sim,Não,Não,Sim,3,Sim,4,5,0,0,Não,Não realizado,Não,Caminhão,Sim,Não
Colisão,2008-12-04,02:15,Centro,"-25.425196, -49.277107",Chuva / Noite,Molhada,Não,Sim,Não,Sim,3,Não,1,3,1,0,Sim,Negativo,Sim,Ônibus,Sim,Não
Colisão,2011-07-15,16:30,Sul,"-25.470691, -49.308219",Neblina / Dia,Molhada,Sim,Não,Não,Sim,2,Sim,2,1,1,1,Não,Não realizado,Sim,Bicicleta,Sim,Não
Colisão,2023-06-10,09:15,Centro,"-25.427081, -49.270908",Seco / Dia,Escorregadia,Não,Sim,Sim,Não,1,Sim,5,1,1,0,Não,Não realizado,Sim,Caminhão,Não,Não
Colisão,2007-01-04,18:15,Centro,"-25.439627, -49.278270",Seco / Dia,Escorregadia,Não,Sim,Não,Sim,2,Não,1,2,0,0,Sim,Positivo,Sim,Bicicleta,Sim,Não
Queda de moto,2012-09-14,13:15,Sul,"-25.452191, -49.293217",Chuva / Dia,Molhada,Não,Sim,Não,Não,1,Não,1,1,0,0,Não,Não realizado,Sim,Ônibus,Sim,Não
Colisão,2009-05-24,00:45,Sul,"-25.472932, -49.286806",Seco / Noite,Molhada,Não,Sim,Não,Não,1,Sim,4,1,0,0,Sim,Positivo,Sim,Moto,Não,Não
Atropelamento,2018-02-23,23:45,Oeste,"-25.422626, -49.333798",Neblina / Noite,Seca,Sim,Sim,Não,Sim,2,Sim,4,2,2,0,Não,Não realizado,Sim,Ônibus,Não,Sim
Colisão,2017-04-06,04:30,Leste,"-25.416305, -49.236024",Chuva / Noite,Seca,Não,Não,Sim,Sim,2,Sim,4,5,3,0,Sim,Negativo,Sim,Caminhão,Sim,Não
Colisão,2021-10-16,00:45,Norte,"-25.387267, -49.258568",Seco / Noite,Molhada,Sim,Não,Não,Sim,4,Não,1,2,1,0,Sim,Positivo,Sim,Ônibus,Sim,Não
Queda de moto,2018-08-13,03:30,Centro,"-25.424941, -49.270273",Seco / Noite,Seca,Não,Sim,Sim,Sim,4,Sim,3,1,1,0,Não,Não realizado,Sim,Carro,Sim,Não
Colisão,2008-04-22,10:30,Norte,"-25.395995, -49.248012",Seco / Dia,Escorregadia,Sim,Sim,Não,Não,1,Não,1,4,0,0,Não,Não realizado,Sim,Ônibus,Sim,Não
Atropelamento,2008-05-12,18:00,Leste,"-25.410667, -49.225328",Seco / Dia,Escorregadia,Não,Não,Sim,Não,1,Sim,2,5,5,0,Não,Não realizado,Sim,Moto,Não,Não
Colisão,2010-04-27,12:00,Sul,"-25.448307, -49.298936",Chuva / Dia,Seca,Sim,Não,Não,Sim,3,Não,1,2,1,0,Não,Não realizado,Sim,Ônibus,Sim,Não
Atropelamento,2016-10-24,09:15,Leste,"-25.419635, -49.225412",Seco / Dia,Seca,Não,Não,Sim,Não,1,Não,1,4,0,0,Não,Não realizado,Sim,Caminhão,Não,Não
Capotamento,2017-01-01,21:30,Norte,"-25.397612, -49.278538",Seco / Noite,Seca,Não,Não,Não,Sim,4,Não,1,3,0,0,Não,Não realizado,Sim,Ônibus,Sim,Não
Queda de moto,2024-03-01,00:00,Oeste,"-25.410705, -49.302343",Seco / Noite,Molhada,Não,Sim,Não,Sim,2,Sim,5,2,1,0,Não,Não realizado,Sim,Ônibus,Não,Não
Colisão,2017-11-09,14:30,Oeste,"-25.426711, -49.326452",Seco / Dia,Seca,Sim,Sim,Não,Não,1,Não,1,2,2,1,Não,Não realizado,Sim,Ônibus,Sim,Não
Queda de moto,2016-01-02,22:45,Sul,"-25.464509, -49.281842",Seco / Noite,Escorregadia,Não,Sim,Sim,Não,1,Não,1,3,3,0,Não,Não realizado,Sim,Carro,Não,Não
Colisão,2020-12-24,14:45,Oeste,"-25.427886, -49.328797",Seco / Dia,Molhada,Sim,Sim,Não,Não,1,Não,1,2,1,0,Sim,Negativo,Sim,Caminhão,Sim,Não
Queda de moto,2022-07-01,01:15,Sul,"-25.467808, -49.305699",Seco / Noite,Seca,Não,Sim,Sim,Sim,2,Não,1,3,2,0,Não,Não realizado,Sim,Moto,Sim,Não
Colisão,2016-06-08,17:30,Leste,"-25.428771, -49.217749",Seco / Dia,Escorregadia,Não,Sim,Não,Sim,3,Não,1,3,0,0,Sim,Negativo,Sim,Carro,Não,Não
Colisão,2024-12-25,04:45,Leste,"-25.425575, -49.218443",Seco / Noite,Escorregadia,Não,Não,Sim,Não,1,Sim,4,2,1,0,Não,Não realizado,Sim,Carro,Não,Não
Queda de moto,2007-12-13,02:15,Norte,"-25.395103, -49.261522",Seco / Noite,Molhada,Sim,Sim,Não,Não,1,Sim,2,1,0,0,Sim,Negativo,Sim,Ônibus,Não,Não
Queda de moto,2021-02-10,20:00,Norte,"-25.385838, -49.275489",Chuva / Noite,Molhada,Não,Sim,Sim,Sim,4,Sim,3,3,0,0,Sim,Positivo,Sim,Caminhão,Não,Não
Colisão,2005-12-11,09:30,Sul,"-25.468633, -49.305731",Seco / Dia,Escorregadia,Não,Sim,Sim,Sim,3,Sim,4,3,2,0,Não,Não realizado,Não,Bicicleta,Sim,Não
Atropelamento,2010-11-04,11:45,Oeste,"-25.423592, -49.324282",Seco / Dia,Escorregadia,Sim,Não,Sim,Sim,3,Sim,5,4,3,0,Não,Não realizado,Sim,Caminhão,Não,Não
Atropelamento,2009-04-04,03:00,Norte,"-25.405814, -49.275338",Seco / Noite,Escorregadia,Sim,Não,Não,Sim,4,Sim,3,5,3,0,Sim,Positivo,Sim,Ônibus,Não,Não
Atropelamento,2016-04-26,09:15,Leste,"-25.426646, -49.206707",Seco / Dia,Seca,Sim,Sim,Sim,Não,1,Não,1,4,1,0,Não,Não realizado,Sim,Caminhão,Sim,Não
Queda de moto,2019-12-25,07:30,Sul,"-25.445209, -49.294926",Chuva / Dia,Molhada,Sim,Não,Sim,Sim,2,Não,1,2,0,0,Sim,Negativo,Sim,Bicicleta,Não,Não
Capotamento,2019-07-20,11:30,Leste,"-25.435529, -49.212488",Chuva / Dia,Escorregadia,Não,Sim,Não,Não,1,Não,1,4,4,0,Sim,Negativo,Sim,Carro,Não,Não
Atropelamento,2015-03-21,06:15,Norte,"-25.395025, -49.289105",Seco / Dia,Molhada,Sim,Sim,Não,Sim,3,Não,1,4,3,0,Não,Não realizado,Sim,Ônibus,Sim,Não
Colisão,2022-08-14,08:45,Centro,"-25.431687, -49.286030",Seco / Dia,Seca,Não,Não,Não,Sim,4,Não,1,3,0,0,Não,Não realizado,Sim,Carro,Sim,Não
Queda de moto,2012-09-16,18:45,Centro,"-25.436775, -49.274595",Seco / Dia,Molhada,Sim,Não,Sim,Sim,3,Sim,5,1,0,0,Sim,Negativo,Sim,Moto,Sim,Não
Capotamento,2009-10-06,12:30,Oeste,"-25.434514, -49.320990",Seco / Dia,Molhada,Não,Não,Não,Não,1,Não,1,1,0,0,Não,Não realizado,Sim,Moto,Não,Não
Queda de moto,2025-08-22,16:15,Oeste,"-25.424023, -49.320676",Chuva / Dia,Escorregadia,Não,Sim,Não,Sim,2,Não,1,2,1,0,Sim,Negativo,Sim,Ônibus,Não,Não
Capotamento,2013-05-24,01:15,Sul,"-25.478373, -49.306139",Chuva / Noite,Escorregadia,Não,Sim,Sim,Sim,2,Sim,5,1,1,0,Não,Não realizado,Não,Carro,Sim,Não
Colisão,2021-12-03,00:15,Leste,"-25.415410, -49.227105",Chuva / Noite,Molhada,Sim,Sim,Não,Sim,2,Sim,5,2,0,0,Não,Não realizado,Sim,Moto,Não,Não
Colisão,2013-11-10,03:15,Norte,"-25.399129, -49.258807",Seco / Noite,Seca,Não,Sim,Não,Sim,3,Sim,3,1,1,0,Não,Não realizado,Sim,Moto,Não,Não
Colisão,2017-02-03,10:45,Oeste,"-25.423844, -49.314033",Chuva / Dia,Seca,Não,Não,Sim,Não,1,Não,1,1,1,0,Não,Não realizado,Sim,Ônibus,Sim,Não
Atropelamento,2020-03-27,08:45,Oeste,"-25.439361, -49.338656",Chuva / Dia,Escorregadia,Não,Sim,Não,Sim,4,Não,1,4,0,0,Não,Não realizado,Sim,Caminhão,Sim,Não
Atropelamento,2017-04-14,09:45,Oeste,"-25.438314, -49.338086",Seco / Dia,Seca,Sim,Não,Sim,Não,1,Sim,3,3,0,0,Sim,Positivo,Sim,Moto,Não,Não
Colisão,2020-02-28,12:30,Sul,"-25.479121, -49.308801",Seco / Dia,Seca,Não,Não,Sim,Sim,4,Não,1,1,1,0,Não,Não realizado,Não,Bicicleta,Sim,Não
Colisão,2006-05-30,01:15,Centro,"-25.421506, -49.282416",Seco / Noite,Escorregadia,Sim,Não,Não,Sim,4,Sim,5,2,2,0,Não,Não realizado,Sim,Caminhão,Não,Não
Queda de moto,2005-04-13,05:30,Leste,"-25.439376, -49.206073",Seco / Noite,Seca,Sim,Não,Sim,Sim,2,Não,1,1,1,0,Não,Não realizado,Sim,Bicicleta,Não,Não
Colisão,2020-02-19,09:30,Centro,"-25.414909, -49.287258",Chuva / Dia,Seca,Sim,Não,Não,Sim,2,Sim,2,2,1,0,Não,Não realizado,Sim,Bicicleta,Sim,Não
Colisão,2021-10-14,21:15,Oeste,"-25.425882, -49.317621",Seco / Noite,Molhada,Não,Sim,Não,Não,1,Sim,5,5,5,0,Não,Não realizado,Sim,Moto,Sim,Não
Queda de moto,2019-03-11,02:45,Centro,"-25.425349, -49.266018",Chuva / Noite,Molhada,Sim,Sim,Sim,Não,1,Sim,3,5,4,0,Não,Não realizado,Sim,Bicicleta,Sim,Não
Colisão,2023-02-15,21:30,Oeste,"-25.412124, -49.314377",Chuva / Noite,Seca,Não,Não,Não,Não,1,Sim,3,1,1,0,Sim,Negativo,Sim,Caminhão,Não,Não
Atropelamento,2025-12-20,03:15,Leste,"-25.435896, -49.240558",Seco / Noite,Molhada,Sim,Sim,Não,Não,1,Sim,4,5,0,0,Não,Não realizado,Sim,Caminhão,Sim,Não
Colisão,2023-08-06,06:15,Centro,"-25.423757, -49.267116",Seco / Dia,Escorregadia,Sim,Não,Não,Sim,4,Não,1,1,0,0,Não,Não realizado,Sim,Carro,Não,Não
Colisão,2012-07-29,10:15,Leste,"-25.420315, -49.226644",Seco / Dia,Molhada,Sim,Sim,Não,Não,1,Não,1,1,0,0,Não,Não realizado,Sim,Carro,Não,Não
Atropelamento,2008-04-03,19:15,Leste,"-25.411203, -49.214252",Chuva / Noite,Molhada,Sim,Sim,Sim,Não,1,Sim,2,3,0,0,Sim,Positivo,Sim,Caminhão,Não,Não
Colisão,2009-04-20,19:15,Leste,"-25.412679, -49.220509",Seco / Noite,Molhada,Não,Não,Sim,Sim,2,Sim,5,2,2,0,Não,Não realizado,Sim,Ônibus,Sim,Não
Colisão,2009-03-19,11:15,Norte,"-25.395328, -49.266611",Seco / Dia,Seca,Sim,Não,Não,Sim,3,Sim,5,3,2,0,Sim,Positivo,Sim,Carro,Não,Não
Queda de moto,2023-08-29,19:45,Oeste,"-25.412191, -49.338988",Chuva / Noite,Seca,Sim,Não,Não,Sim,4,Sim,4,2,1,0,Não,Não realizado,Sim,Carro,Sim,Não
Atropelamento,2013-08-02,23:00,Oeste,"-25.411778, -49.334751",Seco / Noite,Molhada,Sim,Não,Não,Não,1,Não,1,3,0,0,Não,Não realizado,Sim,Ônibus,Não,Não
Colisão,2008-05-01,19:45,Oeste,"-25.424027, -49.308031",Chuva / Noite,Escorregadia,Não,Sim,Não,Sim,3,Não,1,5,3,0,Não,Não realizado,Sim,Carro,Sim,Não
Queda de moto,2016-04-10,23:45,Leste,"-25.429366, -49.238045",Seco / Noite,Seca,Não,Não,Sim,Sim,4,Não,1,1,1,0,Não,Não realizado,Sim,Moto,Sim,Não
Colisão,2017-04-27,22:30,Leste,"-25.412059, -49.247522",Chuva / Noite,Molhada,Sim,Sim,Não,Não,1,Não,1,3,0,0,Sim,Negativo,Sim,Moto,Não,Não
Colisão,2020-06-24,19:00,Centro,"-25.412547, -49.272402",Seco / Noite,Escorregadia,Sim,Não,Sim,Não,1,Não,1,1,1,0,Não,Não realizado,Sim,Caminhão,Sim,Não
Atropelamento,2020-07-20,18:00,Leste,"-25.431286, -49.239560",Chuva / Dia,Escorregadia,Sim,Sim,Sim,Sim,3,Sim,3,2,0,0,Não,Não realizado,Sim,Moto,Não,Não
Atropelamento,2016-09-16,00:15,Leste,"-25.421705, -49.225492",Seco / Noite,Escorregadia,Sim,Não,Não,Não,1,Não,1,5,4,0,Não,Não realizado,Sim,Caminhão,Não,Não
Queda de moto,2010-02-25,19:30,Norte,"-25.381537, -49.261352",Seco / Noite,Escorregadia,Sim,Sim,Não,Sim,3,Sim,3,3,0,0,Não,Não realizado,Sim,Ônibus,Não,Não
Colisão,2025-10-20,15:15,Oeste,"-25.435645, -49.336158",Seco / Dia,Seca,Não,Não,Não,Não,1,Sim,4,1,1,0,Não,Não realizado,Sim,Bicicleta,Não,Não
Atropelamento,2020-01-12,22:00,Sul,"-25.451973, -49.302685",Chuva / Noite,Escorregadia,Sim,Sim,Sim,Sim,4,Sim,5,3,3,0,Não,Não realizado,Sim,Moto,Não,Não
Colisão,2018-06-11,00:00,Centro,"-25.427161, -49.265309",Seco / Noite,Molhada,Não,Sim,Não,Não,1,Sim,2,1,0,0,Não,Não realizado,Sim,Ônibus,Sim,Não
Colisão,2019-12-16,11:45,Leste,"-25.429569, -49.244222",Seco / Dia,Molhada,Não,Sim,Não,Sim,2,Não,1,1,1,0,Sim,Positivo,Não,Caminhão,Sim,Não
Queda de moto,2019-03-29,08:45,Centro,"-25.421026, -49.265987",Seco / Dia,Molhada,Sim,Não,Sim,Sim,4,Sim,5,1,0,0,Sim,Positivo,Sim,Bicicleta,Não,Não
Colisão,2010-06-06,05:00,Norte,"-25.402952, -49.240837",Seco / Noite,Molhada,Sim,Não,Sim,Não,1,Sim,3,1,1,0,Não,Não realizado,Sim,Moto,Não,Não
Colisão,2019-10-26,22:30,Leste,"-25.429934, -49.221133",Chuva / Noite,Molhada,Sim,Sim,Sim,Não,1,Sim,5,1,1,0,Sim,Negativo,Sim,Ônibus,Não,Não
Atropelamento,2018-12-10,15:30,Centro,"-25.423737, -49.270259",Seco / Dia,Seca,Não,Não,Não,Não,1,Sim,2,5,3,0,Sim,Negativo,Sim,Caminhão,Não,Não
Colisão,2010-05-10,17:15,Leste,"-25.437375, -49.248715",Seco / Dia,Seca,Sim,Sim,Sim,Não,1,Sim,4,1,0,0,Não,Não realizado,Sim,Ônibus,Não,Não
Atropelamento,2016-04-22,04:45,Oeste,"-25.411462, -49.330826",Seco / Noite,Molhada,Sim,Sim,Sim,Não,1,Não,1,2,2,0,Não,Não realizado,Sim,Ônibus,Não,Não
Atropelamento,2018-01-07,07:30,Norte,"-25.398099, -49.252589",Seco / Dia,Seca,Sim,Não,Não,Sim,4,Sim,3,3,2,0,Sim,Negativo,Sim,Moto,Não,Não
Atropelamento,2006-07-20,19:45,Leste,"-25.430056, -49.235741",Chuva / Noite,Molhada,Não,Não,Sim,Não,1,Não,1,3,0,0,Não,Não realizado,Sim,Carro,Não,Não
Atropelamento,2006-01-29,16:00,Centro,"-25.430117, -49.268839",Seco / Dia,Molhada,Sim,Não,Não,Não,1,Não,1,4,0,0,Não,Não realizado,Sim,Carro,Sim,Não
Colisão,2011-05-19,18:45,Oeste,"-25.436624, -49.310781",Seco / Dia,Escorregadia,Não,Não,Não,Não,1,Sim,4,1,1,0,Não,Não realizado,Não,Carro,Sim,Não
Colisão,2006-11-07,00:30,Leste,"-25.423706, -49.229220",Chuva / Noite,Molhada,Não,Sim,Sim,Não,1,Sim,3,3,2,0,Não,Não realizado,Sim,Caminhão,Sim,Não
Colisão,2005-03-04,01:30,Oeste,"-25.438249, -49.327707",Seco / Noite,Escorregadia,Sim,Não,Sim,Não,1,Sim,2,3,0,0,Não,Não realizado,Não,Caminhão,Não,Não
Queda de moto,2018-03-03,13:45,Norte,"-25.399614, -49.254190",Chuva / Dia,Escorregadia,Não,Sim,Não,Não,1,Sim,4,1,0,0,Sim,Negativo,Sim,Bicicleta,Sim,Não
Atropelamento,2025-10-30,21:00,Norte,"-25.397817, -49.276857",Seco / Noite,Seca,Não,Sim,Não,Sim,3,Sim,4,2,0,0,Não,Não realizado,Sim,Moto,Sim,Não
Colisão,2015-04-15,20:30,Sul,"-25.464661, -49.282120",Seco / Noite,Seca,Sim,Sim,Não,Sim,3,Sim,4,1,1,0,Sim,Negativo,Sim,Caminhão,Sim,Não